# tracker_enabled,true
# target_guids,54b24045-e039-40ee-9ba6-824dbdc42f9e
# sample_rate_hz,10
# sample_interval_seconds,0.100000001
# machine_integrity_source,Sum(Modding.Blocks.Block.Health) / Sum(Modding.Blocks.Block.MaxHealth) over PlayerMachine.SimulationBlocks
# machine_health_sum_source,Sum(Modding.Blocks.Block.Health) over PlayerMachine.SimulationBlocks
# output_basename,V4_Downward_Exhaust_Orbital_Rocket_260905_131830
sample_index,target_index,target_guid,target_name,elapsed_seconds,unity_time_seconds,machine_integrity,machine_block_health_sum,machine_block_max_health_sum,machine_block_count,machine_cluster_count,target_block_health,target_block_max_health,x,y,z,rot_w,rot_x,rot_y,rot_z
0,0,54b24045-e039-40ee-9ba6-824dbdc42f9e,StartingBlock,0,5430.87158,1,43,43,53,7,0,0,0,5,0,1,0,0,0
1,0,54b24045-e039-40ee-9ba6-824dbdc42f9e,StartingBlock,0.108398438,5430.97998,1,43,43,53,7,0,0,-1.6026334E-07,4.98681593,1.81095885E-07,1,-3.77112684E-07,-2.49033207E-07,1.77834011E-07
2,0,54b24045-e039-40ee-9ba6-824dbdc42f9e,StartingBlock,0.208496094,5431.08008,1,43,43,53,7,0,0,-3.31419005E-06,4.80059481,-1.06750713E-06,1,-9.96743168E-08,-3.97259868E-07,-2.12083023E-07
3,0,54b24045-e039-40ee-9ba6-824dbdc42f9e,StartingBlock,0.308105469,5431.17969,1,43,43,53,7,0,0,-1.66405316E-05,4.39681482,-6.38475012E-06,1,1.09999257E-06,-8.91930654E-07,-1.83756492E-06
4,0,54b24045-e039-40ee-9ba6-824dbdc42f9e,StartingBlock,0.408203125,5431.27979,1,43,43,53,7,0,0,-4.72097272E-05,3.77720308,-1.86703692E-05,1,3.87500904E-06,-2.2354634E-06,-5.62541027E-06
5,0,54b24045-e039-40ee-9ba6-824dbdc42f9e,StartingBlock,0.508300781,5431.37988,1,43,43,53,7,0,0,-0.000101986036,2.94347548,-4.07004518E-05,1,8.78271567E-06,-4.52237555E-06,-1.23901873E-05
6,0,54b24045-e039-40ee-9ba6-824dbdc42f9e,StartingBlock,0.608398438,5431.47998,1,43,43,53,7,0,0,-0.000187858983,1.89733148,-7.51724219E-05,1,1.64595349E-05,-8.11370955E-06,-2.29478446E-05
7,0,54b24045-e039-40ee-9ba6-824dbdc42f9e,StartingBlock,0.708496094,5431.58008,1,43,43,53,7,0,0,-0.000311743555,0.64045763,-0.000124609185,1,2.73963669E-05,-1.32566474E-05,-3.80739584E-05
8,0,54b24045-e039-40ee-9ba6-824dbdc42f9e,StartingBlock,0.808105469,5431.67969,1,43,43,53,7,0,0,0.00627542008,0.710779667,0.00321414717,0.999999881,9.07247231E-05,-5.91359749E-05,0.000483852869
9,0,54b24045-e039-40ee-9ba6-824dbdc42f9e,StartingBlock,0.908203125,5431.77979,1,43,43,53,7,0,0,0.00973203685,1.04553914,0.00498436857,0.999999881,9.20306193E-05,-4.55429617E-05,0.000568451302
10,0,54b24045-e039-40ee-9ba6-824dbdc42f9e,StartingBlock,1.00830078,5431.87988,1,43,43,53,7,0,0,0.0131785413,1.1586132,0.00673293322,0.999999821,9.80739642E-05,-4.16329603E-05,0.000654377916
11,0,54b24045-e039-40ee-9ba6-824dbdc42f9e,StartingBlock,1.10839844,5431.97998,1,43,43,53,7,0,0,0.0165925212,1.05175161,0.00846609659,0.999999762,0.000104191502,-3.78188961E-05,0.000734416884
12,0,54b24045-e039-40ee-9ba6-824dbdc42f9e,StartingBlock,1.20849609,5432.08008,1,43,43,53,7,0,0,0.0199652947,0.72670126,0.0101790298,0.999999702,0.00011175195,-3.47248679E-05,0.0008076792
13,0,54b24045-e039-40ee-9ba6-824dbdc42f9e,StartingBlock,1.30810547,5432.17969,1,43,43,53,7,0,0,0.0183646381,0.63335371,0.0114487447,1,9.13892727E-05,-0.000176261557,-0.000258550135
14,0,54b24045-e039-40ee-9ba6-824dbdc42f9e,StartingBlock,1.40820313,5432.27979,1,43,43,53,7,0,0,0.0176471509,0.697303772,0.0122347455,0.999998748,8.55623293E-05,-0.000105469415,-0.00158711139
15,0,54b24045-e039-40ee-9ba6-824dbdc42f9e,StartingBlock,1.50830078,5432.37988,1,43,43,53,7,0,0,0.0209008995,0.620343208,0.0133030489,0.99999845,5.9699385E-05,-9.92768764E-05,-0.00180722238
16,0,54b24045-e039-40ee-9ba6-824dbdc42f9e,StartingBlock,1.60839844,5432.47998,1,43,43,53,7,0,0,0.0190342199,0.647642136,0.0124453241,1,7.06009887E-05,-8.10318888E-05,-0.000133774913
17,0,54b24045-e039-40ee-9ba6-824dbdc42f9e,StartingBlock,1.70849609,5432.58008,1,43,43,53,7,0,0,0.0169757102,0.637465,0.0128122801,0.999999702,7.06196588E-05,-6.63076644E-05,0.000807356613
18,0,54b24045-e039-40ee-9ba6-824dbdc42f9e,StartingBlock,1.80810547,5432.67969,1,43,43,53,7,0,0,0.0174721796,0.695665836,0.0123987617,0.999999642,0.000217831999,-3.28063288E-05,0.000814962725
19,0,54b24045-e039-40ee-9ba6-824dbdc42f9e,StartingBlock,1.90820313,5432.77979,1,43,43,53,7,0,0,0.0176599789,0.880779266,0.0116158118,0.999999762,0.00041828028,-6.70920326E-06,0.000564826885
20,0,54b24045-e039-40ee-9ba6-824dbdc42f9e,StartingBlock,2.00830078,5432.87988,1,43,43,53,7,0,0,0.0165512431,1.16596413,0.0107036289,0.999999762,0.000702277583,1.89776656E-05,0.0001064854
21,0,54b24045-e039-40ee-9ba6-824dbdc42f9e,StartingBlock,2.10839844,5432.97998,1,43,43,53,7,0,0,0.0146450605,1.51346707,0.00989962835,0.999999344,0.00104939949,4.56730886E-05,-0.000499001471
22,0,54b24045-e039-40ee-9ba6-824dbdc42f9e,StartingBlock,2.20849609,5433.08008,1,43,43,53,7,0,0,0.0123575404,1.90019608,0.0092691984,0.999998212,0.00147509016,7.18190859E-05,-0.00122351735
23,0,54b24045-e039-40ee-9ba6-824dbdc42f9e,StartingBlock,2.30810547,5433.17969,1,43,43,53,7,0,0,0.0100701349,2.32438421,0.00900722388,0.999995887,0.00198335783,9.82108104E-05,-0.00206472841
24,0,54b24045-e039-40ee-9ba6-824dbdc42f9e,StartingBlock,2.40820313,5433.27979,1,43,43,53,7,0,0,0.0082229441,2.78528619,0.00937401876,0.999992192,0.00256782607,0.00012381452,-0.00301767071
25,0,54b24045-e039-40ee-9ba6-824dbdc42f9e,StartingBlock,2.50830078,5433.37988,1,43,43,53,7,0,0,0.00730489939,3.28215146,0.0106704235,0.99998647,0.00322878943,0.000149695406,-0.0040748748
26,0,54b24045-e039-40ee-9ba6-824dbdc42f9e,StartingBlock,2.60839844,5433.47998,1,43,43,53,7,0,0,0.00785765145,3.81420565,0.0132286623,0.999978483,0.00395925343,0.000174721106,-0.00523262983
27,0,54b24045-e039-40ee-9ba6-824dbdc42f9e,StartingBlock,2.70849609,5433.58008,1,43,43,53,7,0,0,0.0104633346,4.38067436,0.0174177382,0.999967635,0.00476032961,0.00019983566,-0.00648408849
28,0,54b24045-e039-40ee-9ba6-824dbdc42f9e,StartingBlock,2.80810547,5433.67969,1,43,43,53,7,0,0,0.01575098,4.98076725,0.0236330517,0.999953568,0.00562466728,0.000224163567,-0.00782562234
29,0,54b24045-e039-40ee-9ba6-824dbdc42f9e,StartingBlock,2.90820313,5433.77979,1,43,43,53,7,0,0,0.0243819375,5.61369419,0.0323028639,0.999935746,0.00655340403,0.00024857762,-0.00925106928
30,0,54b24045-e039-40ee-9ba6-824dbdc42f9e,StartingBlock,3.00830078,5433.87988,1,43,43,53,7,0,0,0.0370587222,6.27864933,0.0438775532,0.999913752,0.00754009513,0.000272145146,-0.0107571883
31,0,54b24045-e039-40ee-9ba6-824dbdc42f9e,StartingBlock,3.10839844,5433.97998,1,43,43,53,7,0,0,0.0545098595,6.97482824,0.0588370338,0.999887049,0.00858557317,0.000295597012,-0.0123383058
32,0,54b24045-e039-40ee-9ba6-824dbdc42f9e,StartingBlock,3.20849609,5434.08008,1,43,43,53,7,0,0,0.0774983615,7.70141459,0.0776794851,0.99985522,0.00968383811,0.000318270817,-0.0139919287
33,0,54b24045-e039-40ee-9ba6-824dbdc42f9e,StartingBlock,3.30810547,5434.17969,1,43,43,53,7,0,0,0.106809199,8.45759773,0.100928046,0.999817848,0.0108356783,0.000340946077,-0.0157125741
34,0,54b24045-e039-40ee-9ba6-824dbdc42f9e,StartingBlock,3.40820313,5434.27979,1,43,43,53,7,0,0,0.143256798,9.24255371,0.129121825,0.999774396,0.012035206,0.000362545921,-0.0174979735
35,0,54b24045-e039-40ee-9ba6-824dbdc42f9e,StartingBlock,3.50830078,5434.37988,1,43,43,53,7,0,0,0.187671095,10.0554609,0.162821278,0.999724627,0.0132843303,0.000384296029,-0.0193437785
36,0,54b24045-e039-40ee-9ba6-824dbdc42f9e,StartingBlock,3.60839844,5434.47998,1,43,43,53,7,0,0,0.240908861,10.8954954,0.20260036,0.999667883,0.0145768644,0.000404920167,-0.021247644
37,0,54b24045-e039-40ee-9ba6-824dbdc42f9e,StartingBlock,3.70849609,5434.58008,1,43,43,53,7,0,0,0.303837538,11.7618332,0.249051005,0.999603927,0.0159142483,0.0004256088,-0.0232055858
38,0,54b24045-e039-40ee-9ba6-824dbdc42f9e,StartingBlock,3.80810547,5434.67969,1,43,43,53,7,0,0,0.377346367,12.6536484,0.302775681,0.999532402,0.0172914751,0.000445242535,-0.0252162348
39,0,54b24045-e039-40ee-9ba6-824dbdc42f9e,StartingBlock,3.90820313,5434.77979,1,43,43,53,7,0,0,0.462334365,13.5701237,0.364393115,0.99945277,0.0187101774,0.000464616285,-0.0272755157
40,0,54b24045-e039-40ee-9ba6-824dbdc42f9e,StartingBlock,4.00830078,5434.87988,1,43,43,53,7,0,0,0.559716463,14.5104313,0.434529632,0.999364674,0.0201655384,0.000483222015,-0.0293830242
41,0,54b24045-e039-40ee-9ba6-824dbdc42f9e,StartingBlock,4.10839844,5434.97998,1,43,43,53,7,0,0,0.670415998,15.4737539,0.513827145,0.999267876,0.021658605,0.00050152425,-0.0315344669
42,0,54b24045-e039-40ee-9ba6-824dbdc42f9e,StartingBlock,4.20849609,5435.08008,1,43,43,53,7,0,0,0.795369625,16.4592743,0.602930546,0.999161899,0.0231855009,0.000518704997,-0.0337299295
43,0,54b24045-e039-40ee-9ba6-824dbdc42f9e,StartingBlock,4.30810547,5435.17969,1,43,43,53,7,0,0,0.935519516,17.4661942,0.702500939,0.999046445,0.0247479416,0.000535884406,-0.0359659865
44,0,54b24045-e039-40ee-9ba6-824dbdc42f9e,StartingBlock,4.40820313,5435.27979,1,43,43,53,7,0,0,1.09182012,18.4937305,0.813200712,0.998921096,0.0263413582,0.000551912992,-0.0382422544
45,0,54b24045-e039-40ee-9ba6-824dbdc42f9e,StartingBlock,4.50830078,5435.37988,1,43,43,53,7,0,0,1.26522899,19.5414848,0.935706496,0.998785615,0.0279676262,0.00056772487,-0.0405557007
46,0,54b24045-e039-40ee-9ba6-824dbdc42f9e,StartingBlock,4.60839844,5435.47998,1,43,43,53,7,0,0,1.45671475,20.6093578,1.07069671,0.998639643,0.0296231583,0.000582396286,-0.0429074503
47,0,54b24045-e039-40ee-9ba6-824dbdc42f9e,StartingBlock,4.70849609,5435.58008,1,43,43,53,7,0,0,1.66724682,21.6972599,1.21886051,0.998482704,0.0313097835,0.000596840982,-0.0452941731
48,0,54b24045-e039-40ee-9ba6-824dbdc42f9e,StartingBlock,4.80810547,5435.67969,1,43,43,53,7,0,0,1.89780259,22.8050728,1.380885,0.998314738,0.0330240056,0.000610159419,-0.0477163196
49,0,54b24045-e039-40ee-9ba6-824dbdc42f9e,StartingBlock,4.90820313,5435.77979,1,43,43,53,7,0,0,2.14935756,23.9326687,1.55746818,0.99813509,0.0347680189,0.000623116153,-0.0501720011
50,0,54b24045-e039-40ee-9ba6-824dbdc42f9e,StartingBlock,5.00830078,5435.87988,1,43,43,53,7,0,0,2.42289162,25.079895,1.74930465,0.99794358,0.0365377776,0.000634972472,-0.0526614115
51,0,54b24045-e039-40ee-9ba6-824dbdc42f9e,StartingBlock,5.10839844,5435.97998,1,43,43,53,7,0,0,2.719383,26.2465839,1.95709598,0.997739911,0.0383357853,0.000646377681,-0.0551820993
52,0,54b24045-e039-40ee-9ba6-824dbdc42f9e,StartingBlock,5.20849609,5436.08008,1,43,43,53,7,0,0,3.03981137,27.4325409,2.18154192,0.997523665,0.0401588529,0.00065677549,-0.0577357113
53,0,54b24045-e039-40ee-9ba6-824dbdc42f9e,StartingBlock,5.30810547,5436.17969,1,43,43,53,7,0,0,3.38516474,28.637558,2.42334628,0.997294664,0.0420092605,0.000666556647,-0.0603170805
54,0,54b24045-e039-40ee-9ba6-824dbdc42f9e,StartingBlock,5.40820313,5436.27979,1,43,43,53,7,0,0,3.7565136,29.8613853,2.6832099,0.99705404,0.0438834131,0.00067404937,-0.0629055277
55,0,54b24045-e039-40ee-9ba6-824dbdc42f9e,StartingBlock,5.50830078,5436.37988,1,43,43,53,7,0,0,4.15484858,31.1037655,2.96183705,0.996801913,0.0457836092,0.000679715595,-0.065493308
56,0,54b24045-e039-40ee-9ba6-824dbdc42f9e,StartingBlock,5.60839844,5436.47998,1,43,43,53,7,0,0,4.58112001,32.3644104,3.25992632,0.996538341,0.0477058999,0.000682837504,-0.0680819079
57,0,54b24045-e039-40ee-9ba6-824dbdc42f9e,StartingBlock,5.70849609,5436.58008,1,43,43,53,7,0,0,5.03625822,33.6430283,3.57818127,0.996263027,0.0496530309,0.000684058818,-0.0706695393
58,0,54b24045-e039-40ee-9ba6-824dbdc42f9e,StartingBlock,5.80810547,5436.67969,1,43,43,53,7,0,0,5.52117634,34.9392853,3.91729665,0.995975971,0.0516215302,0.000682639307,-0.0732580796
59,0,54b24045-e039-40ee-9ba6-824dbdc42f9e,StartingBlock,5.90820313,5436.77979,1,43,43,53,7,0,0,6.03677034,36.2528458,4.27797079,0.995676994,0.0536139645,0.000679216464,-0.0758455023
60,0,54b24045-e039-40ee-9ba6-824dbdc42f9e,StartingBlock,6.00830078,5436.87988,1,43,43,53,7,0,0,6.58391762,37.5833321,4.66089392,0.995365977,0.0556272604,0.000673142727,-0.0784339234
61,0,54b24045-e039-40ee-9ba6-824dbdc42f9e,StartingBlock,6.10839844,5436.97998,1,43,43,53,7,0,0,7.16347885,38.9303627,5.06675816,0.995042861,0.0576627105,0.000664976775,-0.0810213089
62,0,54b24045-e039-40ee-9ba6-824dbdc42f9e,StartingBlock,6.20849609,5437.08008,1,43,43,53,7,0,0,7.77629137,40.2935181,5.49624252,0.994707465,0.0597179905,0.000653978554,-0.0836086348
63,0,54b24045-e039-40ee-9ba6-824dbdc42f9e,StartingBlock,6.30810547,5437.17969,1,43,43,53,7,0,0,8.42317677,41.6723442,5.95002937,0.994359732,0.0617950782,0.0006439602,-0.086195603
64,0,54b24045-e039-40ee-9ba6-824dbdc42f9e,StartingBlock,6.40820313,5437.27979,1,43,43,53,7,0,0,9.10493946,43.0663872,6.42879248,0.9939996,0.06389153,0.000631670642,-0.0887821391
65,0,54b24045-e039-40ee-9ba6-824dbdc42f9e,StartingBlock,6.50830078,5437.37988,1,43,43,53,7,0,0,9.82236099,44.4751511,6.93320084,0.993626893,0.0660088286,0.00061708357,-0.0913680121
66,0,54b24045-e039-40ee-9ba6-824dbdc42f9e,StartingBlock,6.60839844,5437.47998,1,43,43,53,7,0,0,10.5762014,45.8981056,7.46391201,0.993241429,0.0681457147,0.000599257706,-0.0939544439
67,0,54b24045-e039-40ee-9ba6-824dbdc42f9e,StartingBlock,6.70849609,5437.58008,1,43,43,53,7,0,0,11.3672075,47.3347168,8.02158737,0.992843091,0.0703029558,0.000580068503,-0.0965398252
68,0,54b24045-e039-40ee-9ba6-824dbdc42f9e,StartingBlock,6.80810547,5437.67969,1,43,43,53,7,0,0,12.196104,48.7844124,8.6068697,0.99243176,0.0724787265,0.000562090776,-0.0991249606
69,0,54b24045-e039-40ee-9ba6-824dbdc42f9e,StartingBlock,6.90820313,5437.77979,1,43,43,53,7,0,0,13.063592,50.2465973,9.22040272,0.992007315,0.0746757314,0.000542917114,-0.101709291
70,0,54b24045-e039-40ee-9ba6-824dbdc42f9e,StartingBlock,7.00830078,5437.87988,1,43,43,53,7,0,0,13.9703569,51.7206497,9.8628149,0.991569817,0.0768896416,0.00052047614,-0.104293607
71,0,54b24045-e039-40ee-9ba6-824dbdc42f9e,StartingBlock,7.10839844,5437.97998,1,43,43,53,7,0,0,14.9170618,53.2059212,10.5347347,0.991118729,0.0791245103,0.000494950917,-0.106877871
72,0,54b24045-e039-40ee-9ba6-824dbdc42f9e,StartingBlock,7.20849609,5438.08008,1,43,43,53,7,0,0,15.9043512,54.7017403,11.2367725,0.990654409,0.0813760981,0.000465909485,-0.109460495
73,0,54b24045-e039-40ee-9ba6-824dbdc42f9e,StartingBlock,7.30810547,5438.17969,1,43,43,53,7,0,0,16.9328403,56.2074089,11.9695358,0.990176201,0.0836491883,0.000434013025,-0.112043396
74,0,54b24045-e039-40ee-9ba6-824dbdc42f9e,StartingBlock,7.40820313,5438.27979,1,43,43,53,7,0,0,18.0030785,57.7221909,12.733593,0.989684582,0.0859384462,0.000407875224,-0.114624806
75,0,54b24045-e039-40ee-9ba6-824dbdc42f9e,StartingBlock,7.50830078,5438.37988,1,43,43,53,7,0,0,19.1156025,59.2453537,13.5295105,0.989179671,0.0882460698,0.000394357165,-0.117201537
76,0,54b24045-e039-40ee-9ba6-824dbdc42f9e,StartingBlock,7.60839844,5438.47998,1,43,43,53,7,0,0,20.2697182,60.7761993,14.3569908,0.988661289,0.0905650929,0.000394115195,-0.119777627
77,0,54b24045-e039-40ee-9ba6-824dbdc42f9e,StartingBlock,7.70849609,5438.58008,1,43,43,53,7,0,0,21.461731,62.3142967,15.2135658,0.988128126,0.0929088295,0.00040451478,-0.12235494
78,0,54b24045-e039-40ee-9ba6-824dbdc42f9e,StartingBlock,7.80810547,5438.67969,1,43,43,53,7,0,0,22.6915703,63.8589668,16.0993671,0.987581313,0.09526705,0.000419057411,-0.124929056
79,0,54b24045-e039-40ee-9ba6-824dbdc42f9e,StartingBlock,7.90820313,5438.77979,1,43,43,53,7,0,0,23.959465,65.4095078,17.0147381,0.987020373,0.097643964,0.000430349639,-0.12750037
80,0,54b24045-e039-40ee-9ba6-824dbdc42f9e,StartingBlock,8.00830078,5438.87988,1,43,43,53,7,0,0,25.2656193,66.9651566,17.9600105,0.986445248,0.100033887,0.000435882248,-0.130072698
81,0,54b24045-e039-40ee-9ba6-824dbdc42f9e,StartingBlock,8.10839844,5438.97998,1,43,43,53,7,0,0,26.6102428,68.5251923,18.935524,0.985855579,0.10244213,0.000435228372,-0.132643178
82,0,54b24045-e039-40ee-9ba6-824dbdc42f9e,StartingBlock,8.20849609,5439.08008,1,43,43,53,7,0,0,27.9935226,70.0888443,19.9416027,0.985251546,0.104863971,0.000428195228,-0.135214165
83,0,54b24045-e039-40ee-9ba6-824dbdc42f9e,StartingBlock,8.30810547,5439.17969,1,43,43,53,7,0,0,29.4156189,71.6553345,20.9785576,0.984633207,0.107300639,0.00041534382,-0.137781873
84,0,54b24045-e039-40ee-9ba6-824dbdc42f9e,StartingBlock,8.40820313,5439.27979,1,43,43,53,7,0,0,30.8766689,73.2238693,22.0466747,0.984000564,0.109748475,0.000397198048,-0.140349984
85,0,54b24045-e039-40ee-9ba6-824dbdc42f9e,StartingBlock,8.50830078,5439.37988,1,43,43,53,7,0,0,32.3767776,74.7936554,23.1462364,0.983353376,0.112211235,0.000373324408,-0.142914832
86,0,54b24045-e039-40ee-9ba6-824dbdc42f9e,StartingBlock,8.60839844,5439.47998,1,43,43,53,7,0,0,33.9160423,76.3638611,24.2775002,0.982690454,0.114688851,0.000343918684,-0.145485014
87,0,54b24045-e039-40ee-9ba6-824dbdc42f9e,StartingBlock,8.70849609,5439.58008,1,43,43,53,7,0,0,35.4945335,77.93367,25.4407196,0.982014298,0.117176674,0.000308830757,-0.148045778
88,0,54b24045-e039-40ee-9ba6-824dbdc42f9e,StartingBlock,8.80810547,5439.67969,1,43,43,53,7,0,0,37.1122894,79.5022354,26.6361217,0.981322169,0.119678736,0.000269000855,-0.150611252
89,0,54b24045-e039-40ee-9ba6-824dbdc42f9e,StartingBlock,8.90820313,5439.77979,1,43,43,53,7,0,0,38.7693405,81.0687332,27.8639259,0.980616093,0.122190997,0.000223968353,-0.153171197
90,0,54b24045-e039-40ee-9ba6-824dbdc42f9e,StartingBlock,9.00830078,5439.87988,1,43,43,53,7,0,0,40.4656906,82.6322861,29.1243324,0.979894817,0.124714434,0.000174044661,-0.155731753
91,0,54b24045-e039-40ee-9ba6-824dbdc42f9e,StartingBlock,9.10839844,5439.97998,1,43,43,53,7,0,0,42.201313,84.1920242,30.4175243,0.979158819,0.127247378,0.000119397671,-0.158291459
92,0,54b24045-e039-40ee-9ba6-824dbdc42f9e,StartingBlock,9.20849609,5440.08008,1,43,43,53,7,0,0,43.9761887,85.7471008,31.7437038,0.978408456,0.129786804,6.07310758E-05,-0.160848737
93,0,54b24045-e039-40ee-9ba6-824dbdc42f9e,StartingBlock,9.30810547,5440.17969,1,43,43,53,7,0,0,45.7902451,87.2966156,33.1030464,0.977645516,0.132321954,-1.05021854E-06,-0.163401976
94,0,54b24045-e039-40ee-9ba6-824dbdc42f9e,StartingBlock,9.40820313,5440.27979,1,43,43,53,7,0,0,47.6434021,88.8396759,34.4956779,0.976868331,0.134855106,-6.34024473E-05,-0.165958956
95,0,54b24045-e039-40ee-9ba6-824dbdc42f9e,StartingBlock,9.50830078,5440.37988,1,43,43,53,7,0,0,49.5355873,90.3754272,35.9217186,0.976079166,0.137385845,-0.000122520156,-0.168507129
96,0,54b24045-e039-40ee-9ba6-824dbdc42f9e,StartingBlock,9.60839844,5440.47998,1,43,43,53,7,0,0,51.4666634,91.9029694,37.3812599,0.975276351,0.139914483,-0.000184019751,-0.171055704
97,0,54b24045-e039-40ee-9ba6-824dbdc42f9e,StartingBlock,9.70849609,5440.58008,1,43,43,53,7,0,0,53.4365082,93.4213943,38.8743629,0.974459231,0.142445952,-0.000247669785,-0.173604354
98,0,54b24045-e039-40ee-9ba6-824dbdc42f9e,StartingBlock,9.80810547,5440.67969,1,43,43,53,7,0,0,55.4449844,94.9298553,40.4011002,0.973629296,0.144971624,-0.000308818882,-0.176150993
99,0,54b24045-e039-40ee-9ba6-824dbdc42f9e,StartingBlock,9.90820313,5440.77979,1,43,43,53,7,0,0,57.4919167,96.4274445,41.9614944,0.972786307,0.147494972,-0.000371098489,-0.178695276
100,0,54b24045-e039-40ee-9ba6-824dbdc42f9e,StartingBlock,10.0083008,5440.87988,1,43,43,53,7,0,0,59.5771255,97.9132996,43.5555763,0.971929789,0.150019899,-0.000433129404,-0.181235731
101,0,54b24045-e039-40ee-9ba6-824dbdc42f9e,StartingBlock,10.1083984,5440.97998,1,43,43,53,7,0,0,61.7004242,99.3865128,45.183342,0.971060276,0.152541116,-0.000497756642,-0.183774307
102,0,54b24045-e039-40ee-9ba6-824dbdc42f9e,StartingBlock,10.2084961,5441.08008,1,43,43,53,7,0,0,63.8616066,100.846222,46.8447723,0.970177531,0.155060753,-0.000563658192,-0.186309889
103,0,54b24045-e039-40ee-9ba6-824dbdc42f9e,StartingBlock,10.3081055,5441.17969,1,43,43,53,7,0,0,66.0604401,102.29155,48.5398483,0.969282329,0.15757446,-0.000626846857,-0.188843176
104,0,54b24045-e039-40ee-9ba6-824dbdc42f9e,StartingBlock,10.4082031,5441.27979,1,43,43,53,7,0,0,68.2966843,103.721596,50.2685089,0.968372405,0.16009374,-0.000691346009,-0.191375285
105,0,54b24045-e039-40ee-9ba6-824dbdc42f9e,StartingBlock,10.5083008,5441.37988,1,43,43,53,7,0,0,70.5700989,105.135529,52.0307007,0.967450082,0.162602812,-0.00075616769,-0.193907514
106,0,54b24045-e039-40ee-9ba6-824dbdc42f9e,StartingBlock,10.6083984,5441.47998,1,43,43,53,7,0,0,72.8804092,106.532471,53.8263321,0.966515064,0.165110663,-0.000822394213,-0.196434513
107,0,54b24045-e039-40ee-9ba6-824dbdc42f9e,StartingBlock,10.7084961,5441.58008,1,43,43,53,7,0,0,75.2273254,107.91156,55.6553192,0.965566397,0.167619526,-0.000890388386,-0.198958531
108,0,54b24045-e039-40ee-9ba6-824dbdc42f9e,StartingBlock,10.8081055,5441.67969,1,43,43,53,7,0,0,77.6105652,109.27195,57.5175476,0.964604259,0.170124725,-0.000958145189,-0.201482832
109,0,54b24045-e039-40ee-9ba6-824dbdc42f9e,StartingBlock,10.9082031,5441.77979,1,43,43,53,7,0,0,80.0298233,110.612793,59.4129028,0.963629842,0.172629923,-0.00102800562,-0.203998685
110,0,54b24045-e039-40ee-9ba6-824dbdc42f9e,StartingBlock,11.0083008,5441.87988,1,43,43,53,7,0,0,82.484787,111.93325,61.3412514,0.962642193,0.175128564,-0.00109740777,-0.206515953
111,0,54b24045-e039-40ee-9ba6-824dbdc42f9e,StartingBlock,11.1083984,5441.97998,1,43,43,53,7,0,0,84.9751053,113.232475,63.302433,0.961641014,0.177629486,-0.00116974884,-0.20902887
112,0,54b24045-e039-40ee-9ba6-824dbdc42f9e,StartingBlock,11.2084961,5442.08008,1,43,43,53,7,0,0,87.5004578,114.509674,65.2963104,0.960628152,0.180124313,-0.00124197523,-0.211535588
113,0,54b24045-e039-40ee-9ba6-824dbdc42f9e,StartingBlock,11.3081055,5442.17969,1,43,43,53,7,0,0,90.0604782,115.763992,67.3226776,0.959600687,0.182615206,-0.00131551037,-0.214048222
114,0,54b24045-e039-40ee-9ba6-824dbdc42f9e,StartingBlock,11.4082031,5442.27979,1,43,43,53,7,0,0,92.6548309,116.994667,69.3813782,0.958558917,0.185107917,-0.00138976926,-0.216559529
115,0,54b24045-e039-40ee-9ba6-824dbdc42f9e,StartingBlock,11.5083008,5442.37988,1,43,43,53,7,0,0,95.2831268,118.200867,71.4721985,0.957507908,0.18759039,-0.00146422954,-0.219057739
116,0,54b24045-e039-40ee-9ba6-824dbdc42f9e,StartingBlock,11.6083984,5442.47998,1,43,43,53,7,0,0,97.9449997,119.381813,73.5949402,0.956440628,0.190076604,-0.00154011836,-0.221562684
117,0,54b24045-e039-40ee-9ba6-824dbdc42f9e,StartingBlock,11.7084961,5442.58008,1,43,43,53,7,0,0,100.640045,120.536728,75.749382,0.955361545,0.192565158,-0.00161917636,-0.224054366
118,0,54b24045-e039-40ee-9ba6-824dbdc42f9e,StartingBlock,11.8081055,5442.67969,1,43,43,53,7,0,0,103.367882,121.664825,77.9352875,0.954269588,0.195043743,-0.00169886765,-0.226549402
119,0,54b24045-e039-40ee-9ba6-824dbdc42f9e,StartingBlock,11.9082031,5442.77979,1,43,43,53,7,0,0,106.128105,122.765366,80.1524353,0.953163743,0.197519243,-0.00177909725,-0.22904554
120,0,54b24045-e039-40ee-9ba6-824dbdc42f9e,StartingBlock,12.0083008,5442.87988,1,43,43,53,7,0,0,108.920296,123.837585,82.4005508,0.952045619,0.19999215,-0.00185974361,-0.23153618
121,0,54b24045-e039-40ee-9ba6-824dbdc42f9e,StartingBlock,12.1083984,5442.97998,1,43,43,53,7,0,0,111.744034,124.880753,84.67939,0.950915515,0.202459812,-0.0019450055,-0.234021381
122,0,54b24045-e039-40ee-9ba6-824dbdc42f9e,StartingBlock,12.2084961,5443.08008,1,43,43,53,7,0,0,114.598907,125.894127,86.9886932,0.949771821,0.204929322,-0.0020320171,-0.23650226
123,0,54b24045-e039-40ee-9ba6-824dbdc42f9e,StartingBlock,12.3081055,5443.17969,1,43,43,53,7,0,0,117.484467,126.877007,89.3281708,0.948615849,0.207393736,-0.00211580866,-0.238980085
124,0,54b24045-e039-40ee-9ba6-824dbdc42f9e,StartingBlock,12.4082031,5443.27979,1,43,43,53,7,0,0,120.400284,127.828667,91.6975479,0.947444439,0.209855258,-0.00220123795,-0.241464347
125,0,54b24045-e039-40ee-9ba6-824dbdc42f9e,StartingBlock,12.5083008,5443.37988,1,43,43,53,7,0,0,123.345901,128.748413,94.0965271,0.946262002,0.212314934,-0.00228667352,-0.243937343
126,0,54b24045-e039-40ee-9ba6-824dbdc42f9e,StartingBlock,12.6083984,5443.47998,1,43,43,53,7,0,0,126.320885,129.635559,96.5247879,0.945067346,0.214766145,-0.00237309933,-0.246409491
127,0,54b24045-e039-40ee-9ba6-824dbdc42f9e,StartingBlock,12.7084961,5443.58008,1,43,43,53,7,0,0,129.324768,130.489456,98.9820557,0.943856657,0.217225865,-0.00246288977,-0.248880565
128,0,54b24045-e039-40ee-9ba6-824dbdc42f9e,StartingBlock,12.8081055,5443.67969,1,43,43,53,7,0,0,132.357086,131.309433,101.468002,0.942637384,0.219671145,-0.00255215913,-0.251342297
129,0,54b24045-e039-40ee-9ba6-824dbdc42f9e,StartingBlock,12.9082031,5443.77979,1,43,43,53,7,0,0,135.417374,132.094803,103.9823,0.94140476,0.222113863,-0.00264160824,-0.253802419
130,0,54b24045-e039-40ee-9ba6-824dbdc42f9e,StartingBlock,13.0083008,5443.87988,1,43,43,53,7,0,0,138.505188,132.844955,106.52462,0.940157592,0.224557564,-0.00273290207,-0.256262124
131,0,54b24045-e039-40ee-9ba6-824dbdc42f9e,StartingBlock,13.1083984,5443.97998,1,43,43,53,7,0,0,141.620026,133.559265,109.094627,0.938899815,0.226999208,-0.00282783248,-0.25870955
132,0,54b24045-e039-40ee-9ba6-824dbdc42f9e,StartingBlock,13.2084961,5444.08008,1,43,43,53,7,0,0,144.761429,134.237106,111.691978,0.937625647,0.229435787,-0.0029187391,-0.26116851
133,0,54b24045-e039-40ee-9ba6-824dbdc42f9e,StartingBlock,13.3081055,5444.17969,1,43,43,53,7,0,0,147.928864,134.877869,114.31633,0.936341822,0.231868044,-0.00301706791,-0.263613462
134,0,54b24045-e039-40ee-9ba6-824dbdc42f9e,StartingBlock,13.4082031,5444.27979,1,43,43,53,7,0,0,151.121902,135.480957,116.967331,0.935045362,0.234295681,-0.00311698648,-0.266056478
135,0,54b24045-e039-40ee-9ba6-824dbdc42f9e,StartingBlock,13.5083008,5444.37988,1,43,43,53,7,0,0,154.339996,136.045822,119.644608,0.93373841,0.236716315,-0.00321728457,-0.268491536
136,0,54b24045-e039-40ee-9ba6-824dbdc42f9e,StartingBlock,13.6083984,5444.47998,1,43,43,53,7,0,0,157.582672,136.571869,122.347816,0.932415187,0.239140868,-0.00331899268,-0.270929366
137,0,54b24045-e039-40ee-9ba6-824dbdc42f9e,StartingBlock,13.7084961,5444.58008,1,43,43,53,7,0,0,160.849411,137.058548,125.076576,0.931075037,0.241562381,-0.00341264694,-0.273377597
138,0,54b24045-e039-40ee-9ba6-824dbdc42f9e,StartingBlock,13.8081055,5444.67969,1,43,43,53,7,0,0,164.139755,137.50531,127.830521,0.929730117,0.24397099,-0.00351190614,-0.275803894
139,0,54b24045-e039-40ee-9ba6-824dbdc42f9e,StartingBlock,13.9082031,5444.77979,1,43,43,53,7,0,0,167.453156,137.911606,130.609238,0.928368151,0.246385798,-0.00361238187,-0.278232843
140,0,54b24045-e039-40ee-9ba6-824dbdc42f9e,StartingBlock,14.0083008,5444.87988,1,43,43,53,7,0,0,170.789169,138.276947,133.412415,0.92699945,0.248791128,-0.0037209834,-0.280644387
141,0,54b24045-e039-40ee-9ba6-824dbdc42f9e,StartingBlock,14.1083984,5444.97998,1,43,43,53,7,0,0,174.147247,138.600769,136.239609,0.92561543,0.251187861,-0.00381831452,-0.283065856
142,0,54b24045-e039-40ee-9ba6-824dbdc42f9e,StartingBlock,14.2084961,5445.08008,1,43,43,53,7,0,0,177.526917,138.882645,139.090454,0.9242149,0.253599405,-0.00392604247,-0.285480052
143,0,54b24045-e039-40ee-9ba6-824dbdc42f9e,StartingBlock,14.3081055,5445.17969,1,43,43,53,7,0,0,180.927643,139.122025,141.964554,0.922806203,0.255996197,-0.00403394969,-0.287886053
144,0,54b24045-e039-40ee-9ba6-824dbdc42f9e,StartingBlock,14.4082031,5445.27979,1,43,43,53,7,0,0,184.348907,139.318466,144.861481,0.921377778,0.258392811,-0.00413670484,-0.290308625
145,0,54b24045-e039-40ee-9ba6-824dbdc42f9e,StartingBlock,14.5083008,5445.37988,1,43,43,53,7,0,0,187.790237,139.471497,147.780869,0.919944584,0.260782033,-0.00424519181,-0.292705685
146,0,54b24045-e039-40ee-9ba6-824dbdc42f9e,StartingBlock,14.6083984,5445.47998,1,43,43,53,7,0,0,191.251083,139.580658,150.722321,0.91850239,0.26315695,-0.00435346086,-0.295098126
147,0,54b24045-e039-40ee-9ba6-824dbdc42f9e,StartingBlock,14.7084961,5445.58008,1,43,43,53,7,0,0,194.730927,139.645493,153.685394,0.917040646,0.265537977,-0.0044618072,-0.297499746
148,0,54b24045-e039-40ee-9ba6-824dbdc42f9e,StartingBlock,14.8081055,5445.67969,1,43,43,53,7,0,0,198.229279,139.665588,156.669708,0.915566623,0.267920583,-0.00457404833,-0.299892306
149,0,54b24045-e039-40ee-9ba6-824dbdc42f9e,StartingBlock,14.9082031,5445.77979,1,43,43,53,7,0,0,201.745621,139.640518,159.674835,0.914081097,0.270291954,-0.00468210503,-0.302284688
150,0,54b24045-e039-40ee-9ba6-824dbdc42f9e,StartingBlock,15.0083008,5445.87988,1,43,43,53,7,0,0,205.279404,139.56987,162.700378,0.912584662,0.272656292,-0.00478852401,-0.304671645
151,0,54b24045-e039-40ee-9ba6-824dbdc42f9e,StartingBlock,15.1083984,5445.97998,1,43,43,53,7,0,0,208.830154,139.453262,165.745911,0.911078155,0.275021583,-0.00490256445,-0.307043701
152,0,54b24045-e039-40ee-9ba6-824dbdc42f9e,StartingBlock,15.2084961,5446.08008,1,43,43,53,7,0,0,212.397324,139.290268,168.810989,0.909556091,0.277383268,-0.00501369452,-0.309420526
153,0,54b24045-e039-40ee-9ba6-824dbdc42f9e,StartingBlock,15.3081055,5446.17969,1,43,43,53,7,0,0,215.980392,139.080551,171.895233,0.908024788,0.279736906,-0.00512445625,-0.311788559
154,0,54b24045-e039-40ee-9ba6-824dbdc42f9e,StartingBlock,15.4082031,5446.27979,1,43,43,53,7,0,0,219.577713,138.82457,174.998444,0.906368375,0.282084852,-0.00517397188,-0.314480186
155,0,54b24045-e039-40ee-9ba6-824dbdc42f9e,StartingBlock,15.5083008,5446.37988,1,43,43,53,7,0,0,223.148865,138.551178,178.128952,0.900818288,0.284270406,-0.00240984815,-0.328193665
156,0,54b24045-e039-40ee-9ba6-824dbdc42f9e,StartingBlock,15.6083984,5446.47998,1,43,43,53,7,0,0,226.693893,138.258621,181.285889,0.891039312,0.286270916,0.00345664332,-0.352258444
157,0,54b24045-e039-40ee-9ba6-824dbdc42f9e,StartingBlock,15.7084961,5446.58008,1,43,43,53,7,0,0,230.254379,137.906265,184.45369,0.881220639,0.288075209,0.0088885678,-0.374678463
158,0,54b24045-e039-40ee-9ba6-824dbdc42f9e,StartingBlock,15.8081055,5446.67969,1,43,43,53,7,0,0,233.838531,137.475281,187.622528,0.872898042,0.289778262,0.0128225302,-0.392317623
159,0,54b24045-e039-40ee-9ba6-824dbdc42f9e,StartingBlock,15.9082031,5446.77979,1,43,43,53,7,0,0,237.462234,136.939911,190.780228,0.868904591,0.291552216,0.0133939693,-0.399778277
160,0,54b24045-e039-40ee-9ba6-824dbdc42f9e,StartingBlock,16.0083008,5446.87988,1,43,43,53,7,0,0,241.11731,136.304764,193.927277,0.868345261,0.29341349,0.0114587378,-0.399692237
161,0,54b24045-e039-40ee-9ba6-824dbdc42f9e,StartingBlock,16.1083984,5446.97998,1,43,43,53,7,0,0,244.778351,135.598312,197.07457,0.867504716,0.295255691,0.00975435041,-0.400205582
162,0,54b24045-e039-40ee-9ba6-824dbdc42f9e,StartingBlock,16.2084961,5447.08008,1,43,43,53,7,0,0,248.44632,134.822128,200.223038,0.86639148,0.297050118,0.00821748842,-0.401322305
163,0,54b24045-e039-40ee-9ba6-824dbdc42f9e,StartingBlock,16.3081055,5447.17969,1,43,43,53,7,0,0,252.096939,134.003098,203.382736,0.861520171,0.29860127,0.00901542976,-0.410535008
164,0,54b24045-e039-40ee-9ba6-824dbdc42f9e,StartingBlock,16.4082031,5447.27979,1,43,43,53,7,0,0,255.747849,133.121384,206.545898,0.855482757,0.300140947,0.0105685899,-0.421844751
165,0,54b24045-e039-40ee-9ba6-824dbdc42f9e,StartingBlock,16.5083008,5447.37988,1,43,43,53,7,0,0,259.412842,132.157852,209.704178,0.850588858,0.301702797,0.0112903081,-0.430519104
166,0,54b24045-e039-40ee-9ba6-824dbdc42f9e,StartingBlock,16.6083984,5447.47998,1,43,43,53,7,0,0,263.124939,131.070435,212.840515,0.85248059,0.303806126,0.00810865499,-0.425338715
167,0,54b24045-e039-40ee-9ba6-824dbdc42f9e,StartingBlock,16.7084961,5447.58008,1,43,43,53,7,0,0,266.965393,129.786743,215.932632,0.870871902,0.306101769,-0.00705896225,-0.384492099
168,0,54b24045-e039-40ee-9ba6-824dbdc42f9e,StartingBlock,16.8081055,5447.67969,1,43,43,53,7,0,0,270.872986,128.426453,219.038605,0.890393376,0.307531536,-0.0250140559,-0.334661454
169,0,54b24045-e039-40ee-9ba6-824dbdc42f9e,StartingBlock,16.9082031,5447.77979,1,43,43,53,7,0,0,274.81189,127.054855,222.190353,0.905762196,0.308180332,-0.0415442735,-0.287912756
170,0,54b24045-e039-40ee-9ba6-824dbdc42f9e,StartingBlock,17.0083008,5447.87988,1,43,43,53,7,0,0,278.759735,125.704765,225.402863,0.916433036,0.308539629,-0.0551952161,-0.248811916
171,0,54b24045-e039-40ee-9ba6-824dbdc42f9e,StartingBlock,17.1083984,5447.97998,1,43,43,53,7,0,0,282.67807,124.405296,228.683823,0.921909809,0.30942893,-0.0637781993,-0.224206254
172,0,54b24045-e039-40ee-9ba6-824dbdc42f9e,StartingBlock,17.2084961,5448.08008,1,43,43,53,7,0,0,286.531006,123.173218,232.0336,0.922098458,0.31163156,-0.0654672012,-0.219850585
173,0,54b24045-e039-40ee-9ba6-824dbdc42f9e,StartingBlock,17.3081055,5448.17969,1,43,43,53,7,0,0,290.372498,121.976311,235.447983,0.921055555,0.314176381,-0.0654258728,-0.220611438
174,0,54b24045-e039-40ee-9ba6-824dbdc42f9e,StartingBlock,17.4082031,5448.27979,1,43,43,53,7,0,0,294.220856,120.800613,238.923447,0.919991553,0.316703051,-0.0653586686,-0.221456245
175,0,54b24045-e039-40ee-9ba6-824dbdc42f9e,StartingBlock,17.5083008,5448.37988,1,43,43,53,7,0,0,298.073181,119.642929,242.457199,0.918843091,0.319251567,-0.0652000159,-0.222608939
176,0,54b24045-e039-40ee-9ba6-824dbdc42f9e,StartingBlock,17.6083984,5448.47998,1,43,43,53,7,0,0,301.927582,118.499603,246.046387,0.917622805,0.321823925,-0.0649670064,-0.2240026
177,0,54b24045-e039-40ee-9ba6-824dbdc42f9e,StartingBlock,17.7084961,5448.58008,1,43,43,53,7,0,0,305.78241,117.367073,249.688171,0.916337907,0.324403554,-0.0646692067,-0.22562179
178,0,54b24045-e039-40ee-9ba6-824dbdc42f9e,StartingBlock,17.8081055,5448.67969,1,43,43,53,7,0,0,309.635956,116.241859,253.379776,0.914987683,0.32699421,-0.0643019006,-0.227459058
179,0,54b24045-e039-40ee-9ba6-824dbdc42f9e,StartingBlock,17.9082031,5448.77979,1,43,43,53,7,0,0,313.486786,115.120605,257.118439,0.913576663,0.329584032,-0.0638665333,-0.229506388
180,0,54b24045-e039-40ee-9ba6-824dbdc42f9e,StartingBlock,18.0083008,5448.87988,1,43,43,53,7,0,0,317.333557,113.999954,260.901367,0.912126422,0.332172036,-0.0634009913,-0.231662303
181,0,54b24045-e039-40ee-9ba6-824dbdc42f9e,StartingBlock,18.1083984,5448.97998,1,43,43,53,7,0,0,321.175415,112.876602,264.725983,0.910663366,0.334748387,-0.0629380569,-0.23382619
182,0,54b24045-e039-40ee-9ba6-824dbdc42f9e,StartingBlock,18.2084961,5449.08008,1,43,43,53,7,0,0,325.011078,111.747704,268.589722,0.909175038,0.337342381,-0.0624893606,-0.236000121
183,0,54b24045-e039-40ee-9ba6-824dbdc42f9e,StartingBlock,18.3081055,5449.17969,1,43,43,53,7,0,0,328.839294,110.610565,272.490173,0.90768677,0.339907259,-0.0620530508,-0.238153726
184,0,54b24045-e039-40ee-9ba6-824dbdc42f9e,StartingBlock,18.4082031,5449.27979,1,43,43,53,7,0,0,332.659027,109.462822,276.425049,0.906178117,0.342471629,-0.0616132244,-0.240329459
185,0,54b24045-e039-40ee-9ba6-824dbdc42f9e,StartingBlock,18.5083008,5449.37988,1,43,43,53,7,0,0,336.469055,108.302208,280.392273,0.904657006,0.34503454,-0.0611927845,-0.242492154
186,0,54b24045-e039-40ee-9ba6-824dbdc42f9e,StartingBlock,18.6083984,5449.47998,1,43,43,53,7,0,0,340.26886,107.126427,284.38974,0.903162122,0.347573489,-0.0607750267,-0.244535014
187,0,54b24045-e039-40ee-9ba6-824dbdc42f9e,StartingBlock,18.7084961,5449.58008,1,43,43,53,7,0,0,344.104187,105.908401,288.412994,0.904748082,0.349458992,-0.0641978532,-0.234921306
188,0,54b24045-e039-40ee-9ba6-824dbdc42f9e,StartingBlock,18.8081055,5449.67969,1,43,43,53,7,0,0,347.959656,104.662605,292.467682,0.907948136,0.350818217,-0.0702459291,-0.21822542
189,0,54b24045-e039-40ee-9ba6-824dbdc42f9e,StartingBlock,18.9082031,5449.77979,1,43,43,53,7,0,0,351.796936,103.417557,296.562592,0.910349488,0.352246463,-0.0754443854,-0.203701958
190,0,54b24045-e039-40ee-9ba6-824dbdc42f9e,StartingBlock,19.0083008,5449.87988,1,43,43,53,7,0,0,355.601349,102.185104,300.701935,0.911462069,0.354033768,-0.0786994845,-0.194173664
191,0,54b24045-e039-40ee-9ba6-824dbdc42f9e,StartingBlock,19.1083984,5449.97998,1,43,43,53,7,0,0,359.355316,100.97448,304.88678,0.910773993,0.356489569,-0.0787545741,-0.192882538
192,0,54b24045-e039-40ee-9ba6-824dbdc42f9e,StartingBlock,19.2084961,5450.08008,1,43,43,53,7,0,0,363.087128,99.7710495,309.115509,0.909886837,0.359027982,-0.0784962848,-0.192466199
193,0,54b24045-e039-40ee-9ba6-824dbdc42f9e,StartingBlock,19.3081055,5450.17969,1,43,43,53,7,0,0,366.799072,98.5714188,313.386017,0.908986568,0.36153397,-0.0782131627,-0.192144006
194,0,54b24045-e039-40ee-9ba6-824dbdc42f9e,StartingBlock,19.4082031,5450.27979,1,43,43,53,7,0,0,370.489319,97.3741837,317.696411,0.90800333,0.36407581,-0.077834405,-0.192147702
195,0,54b24045-e039-40ee-9ba6-824dbdc42f9e,StartingBlock,19.5083008,5450.37988,1,43,43,53,7,0,0,374.156952,96.1774597,322.044678,0.906968296,0.366618037,-0.0773764923,-0.192386687
196,0,54b24045-e039-40ee-9ba6-824dbdc42f9e,StartingBlock,19.6083984,5450.47998,1,43,43,53,7,0,0,377.801208,94.9793854,326.428955,0.905869782,0.369175941,-0.0768492371,-0.19288145
197,0,54b24045-e039-40ee-9ba6-824dbdc42f9e,StartingBlock,19.7084961,5450.58008,1,43,43,53,7,0,0,381.421387,93.7781296,330.84729,0.904724538,0.37173304,-0.0762642547,-0.193576351
198,0,54b24045-e039-40ee-9ba6-824dbdc42f9e,StartingBlock,19.8081055,5450.67969,1,43,43,53,7,0,0,385.016754,92.5718765,335.297729,0.90351665,0.374325961,-0.0756338686,-0.194466799
199,0,54b24045-e039-40ee-9ba6-824dbdc42f9e,StartingBlock,19.9082031,5450.77979,1,43,43,53,7,0,0,388.586853,91.3588638,339.778351,0.902269304,0.376909852,-0.0749592781,-0.195525467
200,0,54b24045-e039-40ee-9ba6-824dbdc42f9e,StartingBlock,20.0083008,5450.87988,1,43,43,53,7,0,0,392.131073,90.1373749,344.287262,0.90097487,0.37949422,-0.0742330179,-0.196768418
201,0,54b24045-e039-40ee-9ba6-824dbdc42f9e,StartingBlock,20.1083984,5450.97998,1,43,43,53,7,0,0,395.648987,88.9057465,348.822723,0.899646223,0.382073522,-0.0734857097,-0.198132128
202,0,54b24045-e039-40ee-9ba6-824dbdc42f9e,StartingBlock,20.2084961,5451.08008,1,43,43,53,7,0,0,399.140137,87.6624146,353.382874,0.898280859,0.38465336,-0.072711952,-0.199615613
203,0,54b24045-e039-40ee-9ba6-824dbdc42f9e,StartingBlock,20.3081055,5451.17969,1,43,43,53,7,0,0,402.604248,86.405899,357.966064,0.896877289,0.387230217,-0.0719111711,-0.201228321
204,0,54b24045-e039-40ee-9ba6-824dbdc42f9e,StartingBlock,20.4082031,5451.27979,1,43,43,53,7,0,0,406.040924,85.1347656,362.570557,0.895445883,0.389807999,-0.0711046755,-0.202905193
205,0,54b24045-e039-40ee-9ba6-824dbdc42f9e,StartingBlock,20.5083008,5451.37988,1,43,43,53,7,0,0,409.449951,83.8476944,367.194794,0.893981516,0.392382383,-0.0702816397,-0.204679221
206,0,54b24045-e039-40ee-9ba6-824dbdc42f9e,StartingBlock,20.6083984,5451.47998,1,43,43,53,7,0,0,412.831055,82.5434494,371.83725,0.892487705,0.394959271,-0.0694582164,-0.206515059
207,0,54b24045-e039-40ee-9ba6-824dbdc42f9e,StartingBlock,20.7084961,5451.58008,1,43,43,53,7,0,0,416.184082,81.2208481,376.49649,0.890975118,0.397519588,-0.0686326623,-0.208401501
208,0,54b24045-e039-40ee-9ba6-824dbdc42f9e,StartingBlock,20.8081055,5451.67969,1,43,43,53,7,0,0,419.50885,79.8788605,381.171143,0.889436066,0.400073916,-0.0677994862,-0.210351154
209,0,54b24045-e039-40ee-9ba6-824dbdc42f9e,StartingBlock,20.9082031,5451.77979,1,43,43,53,7,0,0,422.805298,78.5164413,385.859833,0.887885749,0.402611196,-0.0669755638,-0.212314755
210,0,54b24045-e039-40ee-9ba6-824dbdc42f9e,StartingBlock,21.0083008,5451.87988,1,43,43,53,7,0,0,426.073364,77.1327057,390.561462,0.886313438,0.405152112,-0.066167891,-0.214294374
211,0,54b24045-e039-40ee-9ba6-824dbdc42f9e,StartingBlock,21.1083984,5451.97998,1,43,43,53,7,0,0,429.313019,75.7268066,395.27478,0.884737313,0.407665312,-0.0653750896,-0.216275379
212,0,54b24045-e039-40ee-9ba6-824dbdc42f9e,StartingBlock,21.2084961,5452.08008,1,43,43,53,7,0,0,432.5242,74.2980194,399.99881,0.883151531,0.410166532,-0.0645992383,-0.218251526
213,0,54b24045-e039-40ee-9ba6-824dbdc42f9e,StartingBlock,21.3081055,5452.17969,1,43,43,53,7,0,0,435.706879,72.8457413,404.732544,0.881550014,0.412663311,-0.0638422668,-0.220233604
214,0,54b24045-e039-40ee-9ba6-824dbdc42f9e,StartingBlock,21.4082031,5452.27979,1,43,43,53,7,0,0,438.861053,71.3693619,409.475037,0.879947186,0.415120602,-0.0630858615,-0.22223413
215,0,54b24045-e039-40ee-9ba6-824dbdc42f9e,StartingBlock,21.5083008,5452.37988,1,43,43,53,7,0,0,441.986786,69.8684006,414.225494,0.878328383,0.417584449,-0.0623547845,-0.224219382
216,0,54b24045-e039-40ee-9ba6-824dbdc42f9e,StartingBlock,21.6083984,5452.47998,1,43,43,53,7,0,0,445.084137,68.3423691,418.983154,0.876705945,0.420023233,-0.0616363212,-0.226203695
217,0,54b24045-e039-40ee-9ba6-824dbdc42f9e,StartingBlock,21.7084961,5452.58008,1,43,43,53,7,0,0,448.153198,66.7908783,423.747253,0.875086546,0.422421873,-0.0609202906,-0.228193209
218,0,54b24045-e039-40ee-9ba6-824dbdc42f9e,StartingBlock,21.8081055,5452.67969,1,43,43,53,7,0,0,451.194031,65.2135849,428.51712,0.873451889,0.424818814,-0.0602217354,-0.230183035
219,0,54b24045-e039-40ee-9ba6-824dbdc42f9e,StartingBlock,21.9082031,5452.77979,1,43,43,53,7,0,0,454.206818,63.6101646,433.292236,0.871824563,0.427182645,-0.059542954,-0.232145756
220,0,54b24045-e039-40ee-9ba6-824dbdc42f9e,StartingBlock,22.0083008,5452.87988,1,43,43,53,7,0,0,457.19162,61.9804115,438.07196,0.870191097,0.429532766,-0.0588823743,-0.234098345
221,0,54b24045-e039-40ee-9ba6-824dbdc42f9e,StartingBlock,22.1083984,5452.97998,1,43,43,53,7,0,0,460.148621,60.3240623,442.855743,0.868562639,0.431850433,-0.0582345948,-0.236035824
222,0,54b24045-e039-40ee-9ba6-824dbdc42f9e,StartingBlock,22.2084961,5453.08008,1,43,43,53,7,0,0,463.078064,58.6409607,447.643219,0.866936028,0.434137821,-0.0575939156,-0.237968996
223,0,54b24045-e039-40ee-9ba6-824dbdc42f9e,StartingBlock,22.3081055,5453.17969,1,43,43,53,7,0,0,465.980042,56.9309616,452.433899,0.865314484,0.436401755,-0.0569772534,-0.239870667
224,0,54b24045-e039-40ee-9ba6-824dbdc42f9e,StartingBlock,22.4082031,5453.27979,1,43,43,53,7,0,0,468.854797,55.1939659,457.227417,0.86369276,0.438646793,-0.0563764237,-0.241755098
225,0,54b24045-e039-40ee-9ba6-824dbdc42f9e,StartingBlock,22.5083008,5453.37988,1,43,43,53,7,0,0,471.702545,53.429882,462.023407,0.862077713,0.440860033,-0.0557892919,-0.243622765
226,0,54b24045-e039-40ee-9ba6-824dbdc42f9e,StartingBlock,22.6083984,5453.47998,1,43,43,53,7,0,0,474.523499,51.6386604,466.821533,0.860474646,0.443033963,-0.0552153066,-0.245470062
227,0,54b24045-e039-40ee-9ba6-824dbdc42f9e,StartingBlock,22.7084961,5453.58008,1,43,43,53,7,0,0,477.317871,49.8202934,471.621552,0.85887897,0.445182234,-0.0546604693,-0.247289404
228,0,54b24045-e039-40ee-9ba6-824dbdc42f9e,StartingBlock,22.8081055,5453.67969,1,43,43,53,7,0,0,480.085907,47.9747734,476.423248,0.857290089,0.44730553,-0.0541199669,-0.24908337
229,0,54b24045-e039-40ee-9ba6-824dbdc42f9e,StartingBlock,22.9082031,5453.77979,1,43,43,53,7,0,0,482.82785,46.1021385,481.226349,0.855710864,0.44940421,-0.0536064953,-0.250841022
230,0,54b24045-e039-40ee-9ba6-824dbdc42f9e,StartingBlock,23.0083008,5453.87988,1,43,43,53,7,0,0,485.543976,44.2024078,486.03067,0.854146779,0.45146662,-0.0531067103,-0.252568573
231,0,54b24045-e039-40ee-9ba6-824dbdc42f9e,StartingBlock,23.1083984,5453.97998,1,43,43,53,7,0,0,488.234528,42.2756691,490.83606,0.852595687,0.453489304,-0.0526139773,-0.254283071
232,0,54b24045-e039-40ee-9ba6-824dbdc42f9e,StartingBlock,23.2084961,5454.08008,1,43,43,53,7,0,0,490.89975,40.3220139,495.642334,0.851051629,0.455498129,-0.0521491952,-0.255955189
233,0,54b24045-e039-40ee-9ba6-824dbdc42f9e,StartingBlock,23.3081055,5454.17969,1,43,43,53,7,0,0,493.539948,38.3415108,500.449402,0.849523962,0.457466066,-0.0516909696,-0.257608205
234,0,54b24045-e039-40ee-9ba6-824dbdc42f9e,StartingBlock,23.4082031,5454.27979,1,43,43,53,7,0,0,496.155396,36.3342896,505.257172,0.848014832,0.459391534,-0.051245451,-0.259237796
235,0,54b24045-e039-40ee-9ba6-824dbdc42f9e,StartingBlock,23.5083008,5454.37988,1,43,43,53,7,0,0,498.746307,34.3004799,510.065582,0.84651345,0.461305052,-0.0508253612,-0.260824531
236,0,54b24045-e039-40ee-9ba6-824dbdc42f9e,StartingBlock,23.6083984,5454.47998,1,43,43,53,7,0,0,501.312988,32.2401848,514.874451,0.845039368,0.463160127,-0.0503952615,-0.26239571
237,0,54b24045-e039-40ee-9ba6-824dbdc42f9e,StartingBlock,23.7084961,5454.58008,1,43,43,53,7,0,0,503.855713,30.1535969,519.683838,0.843564451,0.465021998,-0.0499847792,-0.263922632
238,0,54b24045-e039-40ee-9ba6-824dbdc42f9e,StartingBlock,23.8081055,5454.67969,1,43,43,53,7,0,0,506.374817,28.0408554,524.493713,0.842108786,0.466850489,-0.0495839007,-0.265414685
239,0,54b24045-e039-40ee-9ba6-824dbdc42f9e,StartingBlock,23.9082031,5454.77979,1,43,43,53,7,0,0,508.870514,25.9020863,529.303894,0.840672195,0.468640894,-0.0491809845,-0.266884208
240,0,54b24045-e039-40ee-9ba6-824dbdc42f9e,StartingBlock,24.0083008,5454.87988,1,43,43,53,7,0,0,511.343079,23.7374916,534.114563,0.839252651,0.470401973,-0.0487774946,-0.268324018
241,0,54b24045-e039-40ee-9ba6-824dbdc42f9e,StartingBlock,24.1083984,5454.97998,1,43,43,53,7,0,0,513.792847,21.5472488,538.925537,0.837845743,0.47215867,-0.0484189875,-0.269696951
242,0,54b24045-e039-40ee-9ba6-824dbdc42f9e,StartingBlock,24.2084961,5455.08008,1,43,43,53,7,0,0,516.220093,19.3315105,543.736877,0.836465538,0.473852932,-0.0480186269,-0.271077663
243,0,54b24045-e039-40ee-9ba6-824dbdc42f9e,StartingBlock,24.3081055,5455.17969,1,43,43,53,7,0,0,518.625061,17.0904999,548.548645,0.835093319,0.475532234,-0.0476330742,-0.272432178
244,0,54b24045-e039-40ee-9ba6-824dbdc42f9e,StartingBlock,24.4082031,5455.27979,1,43,43,53,7,0,0,521.008118,14.8243818,553.36084,0.833737671,0.477197498,-0.0472665131,-0.273733437
245,0,54b24045-e039-40ee-9ba6-824dbdc42f9e,StartingBlock,24.5083008,5455.37988,1,43,43,53,7,0,0,523.369446,12.5333509,558.173462,0.832400978,0.478807092,-0.0468716398,-0.275055557
246,0,54b24045-e039-40ee-9ba6-824dbdc42f9e,StartingBlock,24.6083984,5455.47998,1,43,43,53,7,0,0,525.709351,10.2175846,562.98645,0.831091464,0.480389893,-0.04650959,-0.27631405
247,0,54b24045-e039-40ee-9ba6-824dbdc42f9e,StartingBlock,24.7084961,5455.58008,1,43,43,53,7,0,0,528.028198,7.87733412,567.800049,0.82978785,0.48196581,-0.046162907,-0.277543098
248,0,54b24045-e039-40ee-9ba6-824dbdc42f9e,StartingBlock,24.8081055,5455.67969,1,43,43,53,7,0,0,530.326111,5.51275873,572.614075,0.828500152,0.483519346,-0.0458250232,-0.278741181
249,0,54b24045-e039-40ee-9ba6-824dbdc42f9e,StartingBlock,24.9082031,5455.77979,1,43,43,53,7,0,0,532.603516,3.12407112,577.428711,0.827237725,0.485014468,-0.0454600491,-0.279950202
250,0,54b24045-e039-40ee-9ba6-824dbdc42f9e,StartingBlock,25.0083008,5455.87988,1,43,43,53,7,0,0,534.860535,0.711458206,582.243835,0.825996816,0.486494988,-0.0451174788,-0.281098455
251,0,54b24045-e039-40ee-9ba6-824dbdc42f9e,StartingBlock,25.1083984,5455.97998,1,43,43,53,7,0,0,537.097534,-1.72481108,587.059753,0.824754417,0.487977564,-0.0447978564,-0.282225579
252,0,54b24045-e039-40ee-9ba6-824dbdc42f9e,StartingBlock,25.2084961,5456.08008,1,43,43,53,7,0,0,539.314758,-4.18459702,591.876282,0.823534667,0.489426285,-0.0444787964,-0.283327311
253,0,54b24045-e039-40ee-9ba6-824dbdc42f9e,StartingBlock,25.3081055,5456.17969,1,43,43,53,7,0,0,541.512573,-6.66770363,596.693542,0.822347999,0.490821958,-0.0441458449,-0.284409612
254,0,54b24045-e039-40ee-9ba6-824dbdc42f9e,StartingBlock,25.4082031,5456.27979,1,43,43,53,7,0,0,543.691101,-9.17388248,601.511536,0.821167529,0.492200524,-0.0438143425,-0.285487175
255,0,54b24045-e039-40ee-9ba6-824dbdc42f9e,StartingBlock,25.5083008,5456.37988,1,43,43,53,7,0,0,545.850708,-11.7029171,606.330505,0.820006013,0.493577361,-0.0435296968,-0.286490411
256,0,54b24045-e039-40ee-9ba6-824dbdc42f9e,StartingBlock,25.6083984,5456.47998,1,43,43,53,7,0,0,547.991577,-14.2546501,611.150208,0.818875551,0.494883955,-0.0432084166,-0.287516564
257,0,54b24045-e039-40ee-9ba6-824dbdc42f9e,StartingBlock,25.7084961,5456.58008,1,43,43,53,7,0,0,550.114014,-16.8287868,615.971008,0.81774497,0.496192932,-0.042892769,-0.288523942
258,0,54b24045-e039-40ee-9ba6-824dbdc42f9e,StartingBlock,25.8081055,5456.67969,1,43,43,53,7,0,0,552.218262,-19.4251919,620.792786,0.81663239,0.49748686,-0.0425885022,-0.289490342
259,0,54b24045-e039-40ee-9ba6-824dbdc42f9e,StartingBlock,25.9082031,5456.77979,1,43,43,53,7,0,0,554.304626,-22.0436268,625.615662,0.815552711,0.498717397,-0.0422645994,-0.290462673
260,0,54b24045-e039-40ee-9ba6-824dbdc42f9e,StartingBlock,26.0083008,5456.87988,1,43,43,53,7,0,0,556.373291,-24.683857,630.439697,0.814471424,0.499966264,-0.0419796966,-0.291389346
261,0,54b24045-e039-40ee-9ba6-824dbdc42f9e,StartingBlock,26.1083984,5456.97998,1,43,43,53,7,0,0,558.424561,-27.3457146,635.264893,0.813422203,0.501169026,-0.0417018719,-0.292292565
262,0,54b24045-e039-40ee-9ba6-824dbdc42f9e,StartingBlock,26.2084961,5457.08008,1,43,43,53,7,0,0,560.458679,-30.0289726,640.091431,0.81238544,0.502346277,-0.0414119512,-0.29319489
263,0,54b24045-e039-40ee-9ba6-824dbdc42f9e,StartingBlock,26.3081055,5457.17969,1,43,43,53,7,0,0,562.475891,-32.7334251,644.919128,0.811378598,0.503492177,-0.0411279537,-0.294056207
264,0,54b24045-e039-40ee-9ba6-824dbdc42f9e,StartingBlock,26.4082031,5457.27979,1,43,43,53,7,0,0,564.476379,-35.4588013,649.748352,0.81036061,0.504649341,-0.0408532917,-0.294916689
265,0,54b24045-e039-40ee-9ba6-824dbdc42f9e,StartingBlock,26.5083008,5457.37988,1,43,43,53,7,0,0,566.460449,-38.2049942,654.578918,0.809391141,0.505727649,-0.040565189,-0.295770228
266,0,54b24045-e039-40ee-9ba6-824dbdc42f9e,StartingBlock,26.6083984,5457.47998,1,43,43,53,7,0,0,568.428467,-40.9717064,659.411194,0.808426023,0.506809354,-0.0403012633,-0.296593159
267,0,54b24045-e039-40ee-9ba6-824dbdc42f9e,StartingBlock,26.7084961,5457.58008,1,43,43,53,7,0,0,570.380432,-43.7587547,664.244995,0.807474732,0.507870078,-0.0400463343,-0.297403485
268,0,54b24045-e039-40ee-9ba6-824dbdc42f9e,StartingBlock,26.8081055,5457.67969,1,43,43,53,7,0,0,572.316711,-46.565937,669.080383,0.806545436,0.508891582,-0.0397761203,-0.298214257
269,0,54b24045-e039-40ee-9ba6-824dbdc42f9e,StartingBlock,26.9082031,5457.77979,1,43,43,53,7,0,0,574.237549,-49.3930283,673.917542,0.805640101,0.509896636,-0.0395354591,-0.298975527
270,0,54b24045-e039-40ee-9ba6-824dbdc42f9e,StartingBlock,27.0083008,5457.87988,1,43,43,53,7,0,0,576.143188,-52.2398262,678.756592,0.804750204,0.510888875,-0.0393011868,-0.299708575
271,0,54b24045-e039-40ee-9ba6-824dbdc42f9e,StartingBlock,27.1083984,5457.97998,1,43,43,53,7,0,0,578.033875,-55.1061134,683.597412,0.803878069,0.511835933,-0.0390506685,-0.300464839
272,0,54b24045-e039-40ee-9ba6-824dbdc42f9e,StartingBlock,27.2084961,5458.08008,1,43,43,53,7,0,0,579.909729,-57.9916496,688.440308,0.803021252,0.51276511,-0.0388099514,-0.301201969
273,0,54b24045-e039-40ee-9ba6-824dbdc42f9e,StartingBlock,27.3081055,5458.17969,1,43,43,53,7,0,0,581.771118,-60.8962708,693.285156,0.802189529,0.513650298,-0.0385829285,-0.301938504
274,0,54b24045-e039-40ee-9ba6-824dbdc42f9e,StartingBlock,27.4082031,5458.27979,1,43,43,53,7,0,0,583.618225,-63.819725,698.132141,0.801365137,0.514531553,-0.0383579843,-0.302654833
275,0,54b24045-e039-40ee-9ba6-824dbdc42f9e,StartingBlock,27.5083008,5458.37988,1,43,43,53,7,0,0,585.451355,-66.7618103,702.981384,0.80056107,0.515388966,-0.0381550156,-0.303348482
276,0,54b24045-e039-40ee-9ba6-824dbdc42f9e,StartingBlock,27.6083984,5458.47998,1,43,43,53,7,0,0,587.27063,-69.7223206,707.832825,0.799773097,0.516227424,-0.0379385017,-0.304027736
277,0,54b24045-e039-40ee-9ba6-824dbdc42f9e,StartingBlock,27.7084961,5458.58008,1,43,43,53,7,0,0,589.076294,-72.7010498,712.686646,0.799019575,0.51702702,-0.0377195328,-0.30467695
278,0,54b24045-e039-40ee-9ba6-824dbdc42f9e,StartingBlock,27.8081055,5458.67969,1,43,43,53,7,0,0,590.868652,-75.6977692,717.542908,0.798274875,0.517805398,-0.0374736451,-0.305336803
279,0,54b24045-e039-40ee-9ba6-824dbdc42f9e,StartingBlock,27.9082031,5458.77979,1,43,43,53,7,0,0,592.647888,-78.712265,722.401733,0.797544897,0.518580973,-0.0372831263,-0.305950791
280,0,54b24045-e039-40ee-9ba6-824dbdc42f9e,StartingBlock,28.0083008,5458.87988,1,43,43,53,7,0,0,594.414185,-81.7443237,727.263123,0.796839535,0.519324243,-0.0370737761,-0.306552738
281,0,54b24045-e039-40ee-9ba6-824dbdc42f9e,StartingBlock,28.1083984,5458.97998,1,43,43,53,7,0,0,596.167847,-84.7937241,732.127319,0.796140432,0.520049751,-0.0368553102,-0.307164997
282,0,54b24045-e039-40ee-9ba6-824dbdc42f9e,StartingBlock,28.2084961,5459.08008,1,43,43,53,7,0,0,597.909058,-87.8602676,736.994202,0.795468748,0.520729184,-0.0366362892,-0.307779908
283,0,54b24045-e039-40ee-9ba6-824dbdc42f9e,StartingBlock,28.3081055,5459.17969,1,43,43,53,7,0,0,599.638,-90.9437637,741.863953,0.79482764,0.521389067,-0.0364396237,-0.308341861
284,0,54b24045-e039-40ee-9ba6-824dbdc42f9e,StartingBlock,28.4082031,5459.27979,1,43,43,53,7,0,0,601.355042,-94.0439377,746.736755,0.794195294,0.52203089,-0.0362404101,-0.308908165
285,0,54b24045-e039-40ee-9ba6-824dbdc42f9e,StartingBlock,28.5083008,5459.37988,1,43,43,53,7,0,0,603.060181,-97.1606293,751.61261,0.793582559,0.522642553,-0.0360288359,-0.309472859
286,0,54b24045-e039-40ee-9ba6-824dbdc42f9e,StartingBlock,28.6083984,5459.47998,1,43,43,53,7,0,0,604.753906,-100.293579,756.491699,0.792987525,0.523233652,-0.0358300097,-0.310021877
287,0,54b24045-e039-40ee-9ba6-824dbdc42f9e,StartingBlock,28.7084961,5459.58008,1,43,43,53,7,0,0,606.43634,-103.442596,761.374084,0.792408943,0.52381444,-0.0356556065,-0.310540259
288,0,54b24045-e039-40ee-9ba6-824dbdc42f9e,StartingBlock,28.8081055,5459.67969,1,43,43,53,7,0,0,608.107605,-106.60746,766.259888,0.791860759,0.524347246,-0.0354417935,-0.31106326
289,0,54b24045-e039-40ee-9ba6-824dbdc42f9e,StartingBlock,28.9082031,5459.77979,1,43,43,53,7,0,0,609.768005,-109.787956,771.14917,0.791316748,0.524888337,-0.0352602862,-0.311555564
290,0,54b24045-e039-40ee-9ba6-824dbdc42f9e,StartingBlock,29.0083008,5459.87988,1,43,43,53,7,0,0,611.417847,-112.983841,776.042114,0.790801108,0.525388777,-0.0350681543,-0.312042654
291,0,54b24045-e039-40ee-9ba6-824dbdc42f9e,StartingBlock,29.1083984,5459.97998,1,43,43,53,7,0,0,613.057129,-116.194794,780.938538,0.79030627,0.525844157,-0.0348568223,-0.312552452
292,0,54b24045-e039-40ee-9ba6-824dbdc42f9e,StartingBlock,29.2084961,5460.08008,1,43,43,53,7,0,0,614.686096,-119.420517,785.83844,0.789814472,0.526315272,-0.0346720517,-0.313022822
293,0,54b24045-e039-40ee-9ba6-824dbdc42f9e,StartingBlock,29.3081055,5460.17969,1,43,43,53,7,0,0,616.305115,-122.66066,790.742065,0.789345324,0.526753485,-0.0344682857,-0.313491285
294,0,54b24045-e039-40ee-9ba6-824dbdc42f9e,StartingBlock,29.4082031,5460.27979,1,43,43,53,7,0,0,617.914124,-125.914948,795.649109,0.788887739,0.527175725,-0.0342625193,-0.313955575
295,0,54b24045-e039-40ee-9ba6-824dbdc42f9e,StartingBlock,29.5083008,5460.37988,1,43,43,53,7,0,0,619.513428,-129.182999,800.559753,0.78843981,0.527601838,-0.0340851396,-0.314383745
296,0,54b24045-e039-40ee-9ba6-824dbdc42f9e,StartingBlock,29.6083984,5460.47998,1,43,43,53,7,0,0,621.10321,-132.464539,805.473877,0.788009405,0.528004169,-0.0339336544,-0.31480372
297,0,54b24045-e039-40ee-9ba6-824dbdc42f9e,StartingBlock,29.7084961,5460.58008,1,43,43,53,7,0,0,622.683716,-135.759201,810.391602,0.787572861,0.528400958,-0.0337215848,-0.315252781
298,0,54b24045-e039-40ee-9ba6-824dbdc42f9e,StartingBlock,29.8081055,5460.67969,1,43,43,53,7,0,0,624.255005,-139.066727,815.312805,0.78716135,0.52878201,-0.0335379206,-0.315660775
299,0,54b24045-e039-40ee-9ba6-824dbdc42f9e,StartingBlock,29.9082031,5460.77979,1,43,43,53,7,0,0,625.817383,-142.386765,820.23761,0.786744654,0.529160261,-0.0333607458,-0.316084415
300,0,54b24045-e039-40ee-9ba6-824dbdc42f9e,StartingBlock,30.0083008,5460.87988,1,43,43,53,7,0,0,627.370911,-145.719055,825.165894,0.78634572,0.529505253,-0.0331627838,-0.316519886
301,0,54b24045-e039-40ee-9ba6-824dbdc42f9e,StartingBlock,30.1083984,5460.97998,1,43,43,53,7,0,0,628.915894,-149.063217,830.097656,0.785934985,0.529878557,-0.0329684243,-0.316935271
302,0,54b24045-e039-40ee-9ba6-824dbdc42f9e,StartingBlock,30.2084961,5461.08008,1,43,43,53,7,0,0,630.452393,-152.419037,835.032959,0.785547435,0.530229032,-0.0327992029,-0.317327499
303,0,54b24045-e039-40ee-9ba6-824dbdc42f9e,StartingBlock,30.3081055,5461.17969,1,43,43,53,7,0,0,631.980713,-155.786179,839.971741,0.785162628,0.530578375,-0.0326231308,-0.317713737
304,0,54b24045-e039-40ee-9ba6-824dbdc42f9e,StartingBlock,30.4082031,5461.27979,1,43,43,53,7,0,0,633.500854,-159.164352,844.91394,0.784788787,0.530909777,-0.0324426033,-0.318102092
305,0,54b24045-e039-40ee-9ba6-824dbdc42f9e,StartingBlock,30.5083008,5461.37988,1,43,43,53,7,0,0,635.013123,-162.553284,849.859558,0.784408569,0.531232476,-0.0322344601,-0.318522125
306,0,54b24045-e039-40ee-9ba6-824dbdc42f9e,StartingBlock,30.6083984,5461.47998,1,43,43,53,7,0,0,636.517578,-165.952682,854.808594,0.784032702,0.531561553,-0.032064952,-0.318915159
307,0,54b24045-e039-40ee-9ba6-824dbdc42f9e,StartingBlock,30.7084961,5461.58008,1,43,43,53,7,0,0,638.014465,-169.362259,859.761108,0.78365618,0.531911552,-0.0319150016,-0.319271773
308,0,54b24045-e039-40ee-9ba6-824dbdc42f9e,StartingBlock,30.8081055,5461.67969,1,43,43,53,7,0,0,639.503906,-172.781769,864.716797,0.783308029,0.532192707,-0.031713061,-0.319677681
309,0,54b24045-e039-40ee-9ba6-824dbdc42f9e,StartingBlock,30.9082031,5461.77979,1,43,43,53,7,0,0,640.986084,-176.210892,869.675903,0.782934129,0.532538772,-0.0315498672,-0.320033312
310,0,54b24045-e039-40ee-9ba6-824dbdc42f9e,StartingBlock,31.0083008,5461.87988,1,43,43,53,7,0,0,642.460999,-179.649414,874.638123,0.782586396,0.532818675,-0.0313608982,-0.320436299
311,0,54b24045-e039-40ee-9ba6-824dbdc42f9e,StartingBlock,31.1083984,5461.97998,1,43,43,53,7,0,0,643.929016,-183.097061,879.603638,0.782215059,0.533156455,-0.0312266648,-0.320793986
312,0,54b24045-e039-40ee-9ba6-824dbdc42f9e,StartingBlock,31.2084961,5462.08008,1,43,43,53,7,0,0,645.390137,-186.553558,884.572205,0.781870008,0.533449233,-0.0310632717,-0.321164101
313,0,54b24045-e039-40ee-9ba6-824dbdc42f9e,StartingBlock,31.3081055,5462.17969,1,43,43,53,7,0,0,646.844604,-190.018616,889.544067,0.781514943,0.533728421,-0.0308583491,-0.321583927
314,0,54b24045-e039-40ee-9ba6-824dbdc42f9e,StartingBlock,31.4082031,5462.27979,1,43,43,53,7,0,0,648.292419,-193.492065,894.51886,0.781162083,0.534060955,-0.0307336356,-0.321900785
315,0,54b24045-e039-40ee-9ba6-824dbdc42f9e,StartingBlock,31.5083008,5462.37988,1,43,43,53,7,0,0,649.733765,-196.973602,899.496704,0.780816495,0.534358323,-0.0305473842,-0.32226339
316,0,54b24045-e039-40ee-9ba6-824dbdc42f9e,StartingBlock,31.6083984,5462.47998,1,43,43,53,7,0,0,651.168823,-200.462997,904.477356,0.780474901,0.534651816,-0.0303851739,-0.322619438
317,0,54b24045-e039-40ee-9ba6-824dbdc42f9e,StartingBlock,31.7084961,5462.58008,1,43,43,53,7,0,0,652.597717,-203.960037,909.460938,0.780140638,0.534930825,-0.0302133281,-0.32298106
318,0,54b24045-e039-40ee-9ba6-824dbdc42f9e,StartingBlock,31.8081055,5462.67969,1,43,43,53,7,0,0,654.020569,-207.464432,914.447388,0.779788792,0.535233378,-0.0300490987,-0.323344678
319,0,54b24045-e039-40ee-9ba6-824dbdc42f9e,StartingBlock,31.9082031,5462.77979,1,43,43,53,7,0,0,655.437439,-210.975998,919.436584,0.779437125,0.535515428,-0.0298780948,-0.323741257
320,0,54b24045-e039-40ee-9ba6-824dbdc42f9e,StartingBlock,32.0083008,5462.87988,1,43,43,53,7,0,0,656.848511,-214.494537,924.428406,0.779105186,0.535803974,-0.0297395661,-0.324075431
321,0,54b24045-e039-40ee-9ba6-824dbdc42f9e,StartingBlock,32.1083984,5462.97998,1,43,43,53,7,0,0,658.253845,-218.01973,929.422852,0.77876687,0.536092162,-0.0296000671,-0.324424624
322,0,54b24045-e039-40ee-9ba6-824dbdc42f9e,StartingBlock,32.2084961,5463.08008,1,43,43,53,7,0,0,659.653625,-221.551453,934.419739,0.778430343,0.536374807,-0.0294414628,-0.324779153
323,0,54b24045-e039-40ee-9ba6-824dbdc42f9e,StartingBlock,32.3081055,5463.17969,1,43,43,53,7,0,0,661.047913,-225.089432,939.419189,0.77809602,0.536656559,-0.0292857662,-0.325128645
324,0,54b24045-e039-40ee-9ba6-824dbdc42f9e,StartingBlock,32.4082031,5463.27979,1,43,43,53,7,0,0,662.436829,-228.633499,944.420959,0.777776599,0.536903679,-0.0291017555,-0.325501353
325,0,54b24045-e039-40ee-9ba6-824dbdc42f9e,StartingBlock,32.5083008,5463.37988,1,43,43,53,7,0,0,663.820557,-232.183395,949.425171,0.777438104,0.537197709,-0.0289681144,-0.325836658
326,0,54b24045-e039-40ee-9ba6-824dbdc42f9e,StartingBlock,32.6083984,5463.47998,1,43,43,53,7,0,0,665.199158,-235.738953,954.43158,0.777120948,0.537468672,-0.0288264658,-0.326158553
327,0,54b24045-e039-40ee-9ba6-824dbdc42f9e,StartingBlock,32.7084961,5463.58008,1,43,43,53,7,0,0,666.572693,-239.299911,959.440247,0.776793063,0.537738919,-0.0286773089,-0.326507479
328,0,54b24045-e039-40ee-9ba6-824dbdc42f9e,StartingBlock,32.8081055,5463.67969,1,43,43,53,7,0,0,667.941284,-242.866119,964.450928,0.77646023,0.53801626,-0.0285293646,-0.326855093
329,0,54b24045-e039-40ee-9ba6-824dbdc42f9e,StartingBlock,32.9082031,5463.77979,1,43,43,53,7,0,0,669.305115,-246.437378,969.463684,0.776146352,0.538269758,-0.0283545069,-0.327197969
330,0,54b24045-e039-40ee-9ba6-824dbdc42f9e,StartingBlock,33.0083008,5463.87988,1,43,43,53,7,0,0,670.664246,-250.013428,974.478516,0.775817633,0.538549364,-0.028214667,-0.327529341
331,0,54b24045-e039-40ee-9ba6-824dbdc42f9e,StartingBlock,33.1083984,5463.97998,1,43,43,53,7,0,0,672.018738,-253.594177,979.495178,0.775503099,0.538815916,-0.0280727837,-0.327848107
332,0,54b24045-e039-40ee-9ba6-824dbdc42f9e,StartingBlock,33.2084961,5464.08008,1,43,43,53,7,0,0,673.368774,-257.179382,984.513733,0.775178909,0.539061248,-0.0278940015,-0.328226477
333,0,54b24045-e039-40ee-9ba6-824dbdc42f9e,StartingBlock,33.3081055,5464.17969,1,43,43,53,7,0,0,674.714417,-260.76886,989.534058,0.774875939,0.539310038,-0.0277885403,-0.328542113
334,0,54b24045-e039-40ee-9ba6-824dbdc42f9e,StartingBlock,33.4082031,5464.27979,1,43,43,53,7,0,0,676.055725,-264.362457,994.556091,0.77454108,0.539586425,-0.0276395548,-0.328890026
335,0,54b24045-e039-40ee-9ba6-824dbdc42f9e,StartingBlock,33.5083008,5464.37988,1,43,43,53,7,0,0,677.392822,-267.95993,999.579773,0.774235249,0.53983289,-0.0274928175,-0.32921797
336,0,54b24045-e039-40ee-9ba6-824dbdc42f9e,StartingBlock,33.6083984,5464.47998,1,43,43,53,7,0,0,678.72583,-271.561127,1004.60504,0.773921967,0.540105164,-0.027369136,-0.329518199
337,0,54b24045-e039-40ee-9ba6-824dbdc42f9e,StartingBlock,33.7084961,5464.58008,1,43,43,53,7,0,0,680.054749,-275.165924,1009.63177,0.77361685,0.54033637,-0.0271983184,-0.329869449
338,0,54b24045-e039-40ee-9ba6-824dbdc42f9e,StartingBlock,33.8081055,5464.67969,1,43,43,53,7,0,0,681.379822,-278.774139,1014.66003,0.773297608,0.540600657,-0.0270697735,-0.330195308
339,0,54b24045-e039-40ee-9ba6-824dbdc42f9e,StartingBlock,33.9082031,5464.77979,1,43,43,53,7,0,0,682.70105,-282.385529,1019.68958,0.77300328,0.540836811,-0.0269369595,-0.33050853
340,0,54b24045-e039-40ee-9ba6-824dbdc42f9e,StartingBlock,34.0083008,5464.87988,1,43,43,53,7,0,0,684.018555,-285.999969,1024.72058,0.772676528,0.541103184,-0.0268000774,-0.330847681
341,0,54b24045-e039-40ee-9ba6-824dbdc42f9e,StartingBlock,34.1083984,5464.97998,1,43,43,53,7,0,0,685.332336,-289.617371,1029.75256,0.772374034,0.541353226,-0.0266615618,-0.331155896
342,0,54b24045-e039-40ee-9ba6-824dbdc42f9e,StartingBlock,34.2084961,5465.08008,1,43,43,53,7,0,0,686.6427,-293.237427,1034.78613,0.772077262,0.541610539,-0.0265176613,-0.33143875
343,0,54b24045-e039-40ee-9ba6-824dbdc42f9e,StartingBlock,34.3081055,5465.17969,1,43,43,53,7,0,0,687.949524,-296.860138,1039.82056,0.771761537,0.541871369,-0.0263965558,-0.331757218
344,0,54b24045-e039-40ee-9ba6-824dbdc42f9e,StartingBlock,34.4082031,5465.27979,1,43,43,53,7,0,0,689.252869,-300.48526,1044.85608,0.771462619,0.542103648,-0.0262598637,-0.332083702
345,0,54b24045-e039-40ee-9ba6-824dbdc42f9e,StartingBlock,34.5083008,5465.37988,1,43,43,53,7,0,0,690.552795,-304.112701,1049.89221,0.771194041,0.542306781,-0.0260837357,-0.332389414
346,0,54b24045-e039-40ee-9ba6-824dbdc42f9e,StartingBlock,34.6083984,5465.47998,1,43,43,53,7,0,0,691.834229,-307.748291,1054.90259,0.770874262,0.542579949,-0.0260086209,-0.332691282
347,0,54b24045-e039-40ee-9ba6-824dbdc42f9e,StartingBlock,34.7084961,5465.58008,1,43,43,53,7,0,0,693.088867,-311.395325,1059.8717,0.770605028,0.542780221,-0.0258379914,-0.333001435
348,0,54b24045-e039-40ee-9ba6-824dbdc42f9e,StartingBlock,34.8081055,5465.67969,1,43,43,53,7,0,0,694.316772,-315.053375,1064.80017,0.770338833,0.542979896,-0.0257265959,-0.333300143
349,0,54b24045-e039-40ee-9ba6-824dbdc42f9e,StartingBlock,34.9082031,5465.77979,1,43,43,53,7,0,0,695.518188,-318.722321,1069.68811,0.770093262,0.543189406,-0.0256247427,-0.333534032
350,0,54b24045-e039-40ee-9ba6-824dbdc42f9e,StartingBlock,35.0083008,5465.87988,1,43,43,53,7,0,0,696.693359,-322.401917,1074.53552,0.769863188,0.543362081,-0.025511831,-0.333792746
351,0,54b24045-e039-40ee-9ba6-824dbdc42f9e,StartingBlock,35.1083984,5465.97998,1,43,43,53,7,0,0,697.842468,-326.091888,1079.34277,0.769625187,0.543565333,-0.0254440531,-0.334015667
352,0,54b24045-e039-40ee-9ba6-824dbdc42f9e,StartingBlock,35.2084961,5466.08008,1,43,43,53,7,0,0,698.965515,-329.792023,1084.10986,0.769383192,0.543754101,-0.0252987202,-0.334276885
353,0,54b24045-e039-40ee-9ba6-824dbdc42f9e,StartingBlock,35.3081055,5466.17969,1,43,43,53,7,0,0,700.062927,-333.502136,1088.83704,0.769194782,0.543893635,-0.0252039973,-0.334490567
354,0,54b24045-e039-40ee-9ba6-824dbdc42f9e,StartingBlock,35.4082031,5466.27979,1,43,43,53,7,0,0,701.134888,-337.221954,1093.52454,0.768993497,0.544074297,-0.0251435321,-0.334664047
355,0,54b24045-e039-40ee-9ba6-824dbdc42f9e,StartingBlock,35.5083008,5466.37988,1,43,43,53,7,0,0,702.181396,-340.951294,1098.17236,0.768775702,0.544257343,-0.0250840988,-0.334871262
356,0,54b24045-e039-40ee-9ba6-824dbdc42f9e,StartingBlock,35.6083984,5466.47998,1,43,43,53,7,0,0,703.202637,-344.689941,1102.78076,0.768604696,0.544399917,-0.0249551684,-0.335041314
357,0,54b24045-e039-40ee-9ba6-824dbdc42f9e,StartingBlock,35.7084961,5466.58008,1,43,43,53,7,0,0,704.198853,-348.437653,1107.34998,0.768412232,0.544560254,-0.0248772092,-0.335228235
358,0,54b24045-e039-40ee-9ba6-824dbdc42f9e,StartingBlock,35.8081055,5466.67969,1,43,43,53,7,0,0,705.170227,-352.194305,1111.88013,0.768253148,0.544681728,-0.0247922502,-0.335401744
359,0,54b24045-e039-40ee-9ba6-824dbdc42f9e,StartingBlock,35.9082031,5466.77979,1,43,43,53,7,0,0,706.116821,-355.959656,1116.37097,0.768108904,0.544803321,-0.0247424636,-0.335538149
360,0,54b24045-e039-40ee-9ba6-824dbdc42f9e,StartingBlock,36.0083008,5466.87988,1,43,43,53,7,0,0,707.03894,-359.733459,1120.82324,0.767946661,0.544933677,-0.0246700142,-0.335703254
361,0,54b24045-e039-40ee-9ba6-824dbdc42f9e,StartingBlock,36.1083984,5466.97998,1,43,43,53,7,0,0,707.936584,-363.515564,1125.23669,0.767813444,0.545042455,-0.0246139616,-0.335835487
362,0,54b24045-e039-40ee-9ba6-824dbdc42f9e,StartingBlock,36.2084961,5467.08008,1,43,43,53,7,0,0,708.810059,-367.305756,1129.61169,0.767680407,0.545143008,-0.0245326813,-0.335982293
363,0,54b24045-e039-40ee-9ba6-824dbdc42f9e,StartingBlock,36.3081055,5467.17969,1,43,43,53,7,0,0,709.659363,-371.103882,1133.94824,0.767538607,0.545259118,-0.0244358759,-0.336124897
364,0,54b24045-e039-40ee-9ba6-824dbdc42f9e,StartingBlock,36.4082031,5467.27979,1,43,43,53,7,0,0,710.484802,-374.909729,1138.2467,0.767424405,0.545368612,-0.0243982207,-0.336210608
365,0,54b24045-e039-40ee-9ba6-824dbdc42f9e,StartingBlock,36.5083008,5467.37988,1,43,43,53,7,0,0,711.286499,-378.723083,1142.50696,0.767293751,0.545483172,-0.0243595243,-0.336325824
366,0,54b24045-e039-40ee-9ba6-824dbdc42f9e,StartingBlock,36.6083984,5467.47998,1,43,43,53,7,0,0,712.064514,-382.543823,1146.72925,0.76717633,0.545590103,-0.0243175067,-0.336423159
367,0,54b24045-e039-40ee-9ba6-824dbdc42f9e,StartingBlock,36.7084961,5467.58008,1,43,43,53,7,0,0,712.819031,-386.371674,1150.9137,0.767065763,0.545660079,-0.0242653061,-0.336565554
368,0,54b24045-e039-40ee-9ba6-824dbdc42f9e,StartingBlock,36.8081055,5467.67969,1,43,43,53,7,0,0,713.550171,-390.206573,1155.06042,0.766967237,0.54573983,-0.0242203008,-0.33666423
369,0,54b24045-e039-40ee-9ba6-824dbdc42f9e,StartingBlock,36.9082031,5467.77979,1,43,43,53,7,0,0,714.25824,-394.048309,1159.16968,0.766863942,0.545836926,-0.0241567623,-0.336746693
370,0,54b24045-e039-40ee-9ba6-824dbdc42f9e,StartingBlock,37.0083008,5467.87988,1,43,43,53,7,0,0,714.943115,-397.896698,1163.24133,0.766768575,0.545905113,-0.0241136961,-0.336856008
371,0,54b24045-e039-40ee-9ba6-824dbdc42f9e,StartingBlock,37.1083984,5467.97998,1,43,43,53,7,0,0,715.605164,-401.751587,1167.27588,0.76668936,0.545966923,-0.0240416974,-0.33694154
372,0,54b24045-e039-40ee-9ba6-824dbdc42f9e,StartingBlock,37.2084961,5468.08008,1,43,43,53,7,0,0,716.244385,-405.612762,1171.27332,0.766588092,0.546064734,-0.0240316521,-0.33701396
373,0,54b24045-e039-40ee-9ba6-824dbdc42f9e,StartingBlock,37.3081055,5468.17969,1,43,43,53,7,0,0,716.860962,-409.480072,1175.23364,0.766518772,0.546114385,-0.0239697713,-0.337095827
374,0,54b24045-e039-40ee-9ba6-824dbdc42f9e,StartingBlock,37.4082031,5468.27979,1,43,43,53,7,0,0,717.455078,-413.353394,1179.1571,0.766438305,0.546193242,-0.0239619967,-0.337151557
375,0,54b24045-e039-40ee-9ba6-824dbdc42f9e,StartingBlock,37.5083008,5468.37988,1,43,43,53,7,0,0,718.026733,-417.232513,1183.0437,0.766361356,0.546262503,-0.0239260811,-0.337216914
376,0,54b24045-e039-40ee-9ba6-824dbdc42f9e,StartingBlock,37.6083984,5468.47998,1,43,43,53,7,0,0,718.576233,-421.11731,1186.89368,0.766287208,0.546324968,-0.0239063352,-0.33728525
377,0,54b24045-e039-40ee-9ba6-824dbdc42f9e,StartingBlock,37.7084961,5468.58008,1,43,43,53,7,0,0,719.103577,-425.00766,1190.70703,0.766216397,0.546375751,-0.023839891,-0.337368846
378,0,54b24045-e039-40ee-9ba6-824dbdc42f9e,StartingBlock,37.8081055,5468.67969,1,43,43,53,7,0,0,719.608887,-428.90329,1194.48389,0.766162097,0.546431541,-0.0237966906,-0.337404788
379,0,54b24045-e039-40ee-9ba6-824dbdc42f9e,StartingBlock,37.9082031,5468.77979,1,43,43,53,7,0,0,720.092346,-432.804199,1198.22449,0.766105533,0.546473086,-0.0237761941,-0.337467432
380,0,54b24045-e039-40ee-9ba6-824dbdc42f9e,StartingBlock,38.0083008,5468.87988,1,43,43,53,7,0,0,720.554016,-436.710144,1201.92896,0.76604706,0.546521425,-0.0237502791,-0.337523699
381,0,54b24045-e039-40ee-9ba6-824dbdc42f9e,StartingBlock,38.1083984,5468.97998,1,43,43,53,7,0,0,720.994019,-440.621002,1205.59741,0.766014934,0.546548307,-0.0237132311,-0.337555707
382,0,54b24045-e039-40ee-9ba6-824dbdc42f9e,StartingBlock,38.2084961,5469.08008,1,43,43,53,7,0,0,721.412598,-444.536591,1209.22986,0.765945733,0.54661268,-0.0236822236,-0.337610722
383,0,54b24045-e039-40ee-9ba6-824dbdc42f9e,StartingBlock,38.3081055,5469.17969,1,43,43,53,7,0,0,721.809692,-448.456757,1212.82642,0.76589334,0.546640277,-0.023655761,-0.337686628
384,0,54b24045-e039-40ee-9ba6-824dbdc42f9e,StartingBlock,38.4082031,5469.27979,1,43,43,53,7,0,0,722.185669,-452.381439,1216.38721,0.765857697,0.54668045,-0.0236218553,-0.337704808
385,0,54b24045-e039-40ee-9ba6-824dbdc42f9e,StartingBlock,38.5083008,5469.37988,1,43,43,53,7,0,0,722.540283,-456.310394,1219.91235,0.765797973,0.5467363,-0.0236158781,-0.337750226
386,0,54b24045-e039-40ee-9ba6-824dbdc42f9e,StartingBlock,38.6083984,5469.47998,1,43,43,53,7,0,0,722.873962,-460.243561,1223.40186,0.765762985,0.546747029,-0.0235838182,-0.337814599
387,0,54b24045-e039-40ee-9ba6-824dbdc42f9e,StartingBlock,38.7084961,5469.58008,1,43,43,53,7,0,0,723.186707,-464.180786,1226.85608,0.765709043,0.546777904,-0.0235917289,-0.337886214
388,0,54b24045-e039-40ee-9ba6-824dbdc42f9e,StartingBlock,38.8081055,5469.67969,1,43,43,53,7,0,0,723.478577,-468.121887,1230.27502,0.765679479,0.546810508,-0.0235789344,-0.337901354
389,0,54b24045-e039-40ee-9ba6-824dbdc42f9e,StartingBlock,38.9082031,5469.77979,1,43,43,53,7,0,0,723.749817,-472.066803,1233.65869,0.765620053,0.546872199,-0.0235640649,-0.337937206
390,0,54b24045-e039-40ee-9ba6-824dbdc42f9e,StartingBlock,39.0083008,5469.87988,1,43,43,53,7,0,0,724.000488,-476.01532,1237.0072,0.765588224,0.546896994,-0.0235503539,-0.337970197
391,0,54b24045-e039-40ee-9ba6-824dbdc42f9e,StartingBlock,39.1083984,5469.97998,1,43,43,53,7,0,0,724.23053,-479.967377,1240.32068,0.765559435,0.546916008,-0.0235331897,-0.338005781
392,0,54b24045-e039-40ee-9ba6-824dbdc42f9e,StartingBlock,39.2084961,5470.08008,1,43,43,53,7,0,0,724.440247,-483.922821,1243.59912,0.765517652,0.546958685,-0.0235327631,-0.338031411
393,0,54b24045-e039-40ee-9ba6-824dbdc42f9e,StartingBlock,39.3081055,5470.17969,1,43,43,53,7,0,0,724.6297,-487.88147,1246.8429,0.765481472,0.546984792,-0.0234733727,-0.338075161
394,0,54b24045-e039-40ee-9ba6-824dbdc42f9e,StartingBlock,39.4082031,5470.27979,1,43,43,53,7,0,0,724.798889,-491.843262,1250.05188,0.765442669,0.547020495,-0.02346351,-0.338105977
395,0,54b24045-e039-40ee-9ba6-824dbdc42f9e,StartingBlock,39.5083008,5470.37988,1,43,43,53,7,0,0,724.948059,-495.808014,1253.2262,0.765392601,0.547074258,-0.0234554727,-0.338132799
396,0,54b24045-e039-40ee-9ba6-824dbdc42f9e,StartingBlock,39.6083984,5470.47998,1,43,43,53,7,0,0,725.077209,-499.775665,1256.36609,0.765356779,0.547113538,-0.0234765839,-0.338148832
397,0,54b24045-e039-40ee-9ba6-824dbdc42f9e,StartingBlock,39.7084961,5470.58008,1,43,43,53,7,0,0,725.186401,-503.746094,1259.47131,0.765319765,0.547141254,-0.0234265067,-0.338191211
398,0,54b24045-e039-40ee-9ba6-824dbdc42f9e,StartingBlock,39.8081055,5470.67969,1,43,43,53,7,0,0,725.275818,-507.719116,1262.54224,0.765302479,0.547139406,-0.0234056823,-0.338234872
399,0,54b24045-e039-40ee-9ba6-824dbdc42f9e,StartingBlock,39.9082031,5470.77979,1,43,43,53,7,0,0,725.345581,-511.694702,1265.57898,0.765259147,0.547197521,-0.0234288126,-0.338237375
400,0,54b24045-e039-40ee-9ba6-824dbdc42f9e,StartingBlock,40.0083008,5470.87988,1,43,43,53,7,0,0,725.395752,-515.672607,1268.58142,0.765212297,0.547224343,-0.023335563,-0.338306218
401,0,54b24045-e039-40ee-9ba6-824dbdc42f9e,StartingBlock,40.1083984,5470.97998,1,43,43,53,7,0,0,725.426331,-519.65271,1271.5498,0.765201271,0.547220051,-0.0233336091,-0.338338315
402,0,54b24045-e039-40ee-9ba6-824dbdc42f9e,StartingBlock,40.2084961,5471.08008,1,43,43,53,7,0,0,725.437561,-523.635071,1274.48425,0.765150249,0.547309399,-0.0233144648,-0.33831051
403,0,54b24045-e039-40ee-9ba6-824dbdc42f9e,StartingBlock,40.3081055,5471.17969,1,43,43,53,7,0,0,725.429565,-527.619385,1277.38464,0.765129328,0.547315538,-0.0232489407,-0.338352412
404,0,54b24045-e039-40ee-9ba6-824dbdc42f9e,StartingBlock,40.4082031,5471.27979,1,43,43,53,7,0,0,725.402222,-531.605591,1280.25122,0.765058875,0.547398746,-0.0232742559,-0.338375241
405,0,54b24045-e039-40ee-9ba6-824dbdc42f9e,StartingBlock,40.5083008,5471.37988,1,43,43,53,7,0,0,725.355774,-535.593567,1283.08411,0.765011728,0.54743886,-0.0232538339,-0.338418514
406,0,54b24045-e039-40ee-9ba6-824dbdc42f9e,StartingBlock,40.6083984,5471.47998,1,43,43,53,7,0,0,725.290283,-539.583313,1285.88306,0.764957607,0.54748714,-0.0232342519,-0.338464141
407,0,54b24045-e039-40ee-9ba6-824dbdc42f9e,StartingBlock,40.7084961,5471.58008,1,43,43,53,7,0,0,725.205933,-543.574585,1288.64868,0.764908075,0.54755038,-0.0232682303,-0.338471442
408,0,54b24045-e039-40ee-9ba6-824dbdc42f9e,StartingBlock,40.8081055,5471.67969,1,43,43,53,7,0,0,725.1026,-547.567322,1291.38062,0.764878988,0.547569454,-0.0232451763,-0.338507622
409,0,54b24045-e039-40ee-9ba6-824dbdc42f9e,StartingBlock,40.9082031,5471.77979,1,43,43,53,7,0,0,724.98053,-551.561462,1294.0791,0.764835894,0.547617078,-0.0232560076,-0.338527322
410,0,54b24045-e039-40ee-9ba6-824dbdc42f9e,StartingBlock,41.0083008,5471.87988,1,43,43,53,7,0,0,724.839722,-555.556824,1296.74414,0.76480931,0.547627509,-0.0231795181,-0.338575721
411,0,54b24045-e039-40ee-9ba6-824dbdc42f9e,StartingBlock,41.1083984,5471.97998,1,43,43,53,7,0,0,724.680237,-559.553284,1299.37585,0.764751256,0.547679842,-0.0231752172,-0.33862251
412,0,54b24045-e039-40ee-9ba6-824dbdc42f9e,StartingBlock,41.2084961,5472.08008,1,43,43,53,7,0,0,724.502197,-563.550842,1301.97449,0.764703035,0.5477314,-0.0231822487,-0.338647604
413,0,54b24045-e039-40ee-9ba6-824dbdc42f9e,StartingBlock,41.3081055,5472.17969,1,43,43,53,7,0,0,724.305786,-567.549316,1304.53992,0.76463747,0.547806144,-0.0231949426,-0.33867389
414,0,54b24045-e039-40ee-9ba6-824dbdc42f9e,StartingBlock,41.4082031,5472.27979,1,43,43,53,7,0,0,724.091064,-571.548584,1307.07227,0.76460743,0.547822356,-0.023157794,-0.338718027
415,0,54b24045-e039-40ee-9ba6-824dbdc42f9e,StartingBlock,41.5083008,5472.37988,1,43,43,53,7,0,0,723.857971,-575.548462,1309.57166,0.764586568,0.547841072,-0.0232046377,-0.338731706
416,0,54b24045-e039-40ee-9ba6-824dbdc42f9e,StartingBlock,41.6083984,5472.47998,1,43,43,53,7,0,0,723.606689,-579.549072,1312.03809,0.764506876,0.54791683,-0.0231487844,-0.338792741
417,0,54b24045-e039-40ee-9ba6-824dbdc42f9e,StartingBlock,41.7084961,5472.58008,1,43,43,53,7,0,0,723.337158,-583.55011,1314.47156,0.764504671,0.547933698,-0.0231780484,-0.338768572
418,0,54b24045-e039-40ee-9ba6-824dbdc42f9e,StartingBlock,41.8081055,5472.67969,1,43,43,53,7,0,0,723.049683,-587.551758,1316.87231,0.764452755,0.547982931,-0.0231617391,-0.338807225
419,0,54b24045-e039-40ee-9ba6-824dbdc42f9e,StartingBlock,41.9082031,5472.77979,1,43,43,53,7,0,0,722.744141,-591.553467,1319.24023,0.76443392,0.547988653,-0.0231158752,-0.338843346
420,0,54b24045-e039-40ee-9ba6-824dbdc42f9e,StartingBlock,42.0083008,5472.87988,1,43,43,53,7,0,0,722.420654,-595.555481,1321.57532,0.764370561,0.54804945,-0.0230622515,-0.338891685
421,0,54b24045-e039-40ee-9ba6-824dbdc42f9e,StartingBlock,42.1083984,5472.97998,1,43,43,53,7,0,0,722.079407,-599.557617,1323.87793,0.76432097,0.548114717,-0.0230694897,-0.338897496
422,0,54b24045-e039-40ee-9ba6-824dbdc42f9e,StartingBlock,42.2084961,5473.08008,1,43,43,53,7,0,0,721.720459,-603.559814,1326.14807,0.764292419,0.548114717,-0.0230280999,-0.338964701
423,0,54b24045-e039-40ee-9ba6-824dbdc42f9e,StartingBlock,42.3081055,5473.17969,1,43,43,53,7,0,0,721.34375,-607.561829,1328.38562,0.764265597,0.548148751,-0.0230526496,-0.338968486
424,0,54b24045-e039-40ee-9ba6-824dbdc42f9e,StartingBlock,42.4082031,5473.27979,1,43,43,53,7,0,0,720.949463,-611.56366,1330.5907,0.764185369,0.548229218,-0.0230335984,-0.339020669
425,0,54b24045-e039-40ee-9ba6-824dbdc42f9e,StartingBlock,42.5083008,5473.37988,1,43,43,53,7,0,0,720.537598,-615.565186,1332.76367,0.764156699,0.548277438,-0.0230132714,-0.339008749
426,0,54b24045-e039-40ee-9ba6-824dbdc42f9e,StartingBlock,42.6083984,5473.47998,1,43,43,53,7,0,0,720.108337,-619.566284,1334.90417,0.764108717,0.548313677,-0.0229834057,-0.339060277
427,0,54b24045-e039-40ee-9ba6-824dbdc42f9e,StartingBlock,42.7084961,5473.58008,1,43,43,53,7,0,0,719.66156,-623.567017,1337.01245,0.764067769,0.548362255,-0.0230137315,-0.33907181
428,0,54b24045-e039-40ee-9ba6-824dbdc42f9e,StartingBlock,42.8081055,5473.67969,1,43,43,53,7,0,0,719.197571,-627.567139,1339.0885,0.764023781,0.548391044,-0.0229922086,-0.339125782
429,0,54b24045-e039-40ee-9ba6-824dbdc42f9e,StartingBlock,42.9082031,5473.77979,1,43,43,53,7,0,0,718.716187,-631.566528,1341.13232,0.763977945,0.548441112,-0.022978073,-0.339149058
430,0,54b24045-e039-40ee-9ba6-824dbdc42f9e,StartingBlock,43.0083008,5473.87988,1,43,43,53,7,0,0,718.217651,-635.565247,1343.14417,0.763935149,0.548470199,-0.0229543,-0.339200199
431,0,54b24045-e039-40ee-9ba6-824dbdc42f9e,StartingBlock,43.1083984,5473.97998,1,43,43,53,7,0,0,717.702026,-639.56311,1345.1239,0.763921797,0.548472285,-0.0229657013,-0.339226007
432,0,54b24045-e039-40ee-9ba6-824dbdc42f9e,StartingBlock,43.2084961,5474.08008,1,43,43,53,7,0,0,717.169312,-643.559937,1347.07178,0.763887465,0.548485577,-0.0229656883,-0.339281917
433,0,54b24045-e039-40ee-9ba6-824dbdc42f9e,StartingBlock,43.3081055,5474.17969,1,43,43,53,7,0,0,716.61969,-647.555847,1348.98767,0.763821244,0.548544049,-0.0229534935,-0.3393372
434,0,54b24045-e039-40ee-9ba6-824dbdc42f9e,StartingBlock,43.4082031,5474.27979,1,43,43,53,7,0,0,716.052979,-651.550598,1350.8717,0.763774812,0.54861933,-0.0229586903,-0.339319706
435,0,54b24045-e039-40ee-9ba6-824dbdc42f9e,StartingBlock,43.5083008,5474.37988,1,43,43,53,7,0,0,715.469421,-655.544067,1352.72388,0.763749838,0.548618913,-0.0229395386,-0.33937791
436,0,54b24045-e039-40ee-9ba6-824dbdc42f9e,StartingBlock,43.6083984,5474.47998,1,43,43,53,7,0,0,714.86908,-659.536255,1354.54431,0.763705373,0.548667789,-0.0229097717,-0.339400738
437,0,54b24045-e039-40ee-9ba6-824dbdc42f9e,StartingBlock,43.7084961,5474.58008,1,43,43,53,7,0,0,714.251953,-663.5271,1356.33301,0.763669252,0.548708975,-0.0229041744,-0.339415997
438,0,54b24045-e039-40ee-9ba6-824dbdc42f9e,StartingBlock,43.8081055,5474.67969,1,43,43,53,7,0,0,713.618103,-667.516418,1358.08997,0.763631642,0.548755109,-0.0228848029,-0.339427352
439,0,54b24045-e039-40ee-9ba6-824dbdc42f9e,StartingBlock,43.9082031,5474.77979,1,43,43,53,7,0,0,712.967773,-671.50415,1359.81543,0.763593078,0.548787951,-0.0228641368,-0.339462459
440,0,54b24045-e039-40ee-9ba6-824dbdc42f9e,StartingBlock,44.0083008,5474.87988,1,43,43,53,7,0,0,712.300842,-675.490234,1361.50916,0.763569355,0.548807502,-0.022842342,-0.339485615
441,0,54b24045-e039-40ee-9ba6-824dbdc42f9e,StartingBlock,44.1083984,5474.97998,1,43,43,53,7,0,0,711.61731,-679.474609,1363.17151,0.763513327,0.548861265,-0.0228346847,-0.339525223
442,0,54b24045-e039-40ee-9ba6-824dbdc42f9e,StartingBlock,44.2084961,5475.08008,1,43,43,53,7,0,0,710.917419,-683.457214,1364.80225,0.76349926,0.54887253,-0.0228482578,-0.339537621
443,0,54b24045-e039-40ee-9ba6-824dbdc42f9e,StartingBlock,44.3081055,5475.17969,1,43,43,53,7,0,0,710.201172,-687.437805,1366.40161,0.763444424,0.548935413,-0.022837311,-0.339559972
444,0,54b24045-e039-40ee-9ba6-824dbdc42f9e,StartingBlock,44.4082031,5475.27979,1,43,43,53,7,0,0,709.468567,-691.416443,1367.9696,0.76341182,0.548951864,-0.0228153709,-0.339608163
445,0,54b24045-e039-40ee-9ba6-824dbdc42f9e,StartingBlock,44.5083008,5475.37988,1,43,43,53,7,0,0,708.719604,-695.393005,1369.50623,0.763404787,0.548956573,-0.0228128918,-0.339616716
446,0,54b24045-e039-40ee-9ba6-824dbdc42f9e,StartingBlock,44.6083984,5475.47998,1,43,43,53,7,0,0,707.954529,-699.367371,1371.01147,0.763373733,0.548955083,-0.0227850638,-0.339690715
447,0,54b24045-e039-40ee-9ba6-824dbdc42f9e,StartingBlock,44.7084961,5475.58008,1,43,43,53,7,0,0,707.173218,-703.339539,1372.48535,0.763353407,0.548992455,-0.022794012,-0.339675337
448,0,54b24045-e039-40ee-9ba6-824dbdc42f9e,StartingBlock,44.8081055,5475.67969,1,43,43,53,7,0,0,706.375977,-707.309265,1373.92822,0.763326228,0.549007952,-0.0228119921,-0.339710236
449,0,54b24045-e039-40ee-9ba6-824dbdc42f9e,StartingBlock,44.9082031,5475.77979,1,43,43,53,7,0,0,705.562561,-711.276611,1375.33972,0.763320982,0.548997164,-0.0227870457,-0.33974117
450,0,54b24045-e039-40ee-9ba6-824dbdc42f9e,StartingBlock,45.0083008,5475.87988,1,43,43,53,7,0,0,704.733215,-715.241455,1376.72021,0.763265371,0.549066961,-0.0228011943,-0.339752227
451,0,54b24045-e039-40ee-9ba6-824dbdc42f9e,StartingBlock,45.1083984,5475.97998,1,43,43,53,7,0,0,703.887878,-719.203613,1378.06946,0.763203025,0.54912132,-0.0228260346,-0.339802772
452,0,54b24045-e039-40ee-9ba6-824dbdc42f9e,StartingBlock,45.2084961,5476.08008,1,43,43,53,7,0,0,703.026733,-723.163147,1379.38757,0.763199627,0.549124897,-0.0227806885,-0.339807659
453,0,54b24045-e039-40ee-9ba6-824dbdc42f9e,StartingBlock,45.3081055,5476.17969,1,43,43,53,7,0,0,702.149719,-727.119995,1380.67468,0.763166666,0.549157798,-0.0227975193,-0.339827299
454,0,54b24045-e039-40ee-9ba6-824dbdc42f9e,StartingBlock,45.4082031,5476.27979,1,43,43,53,7,0,0,701.256897,-731.073914,1381.93079,0.76316607,0.549151182,-0.0228144694,-0.339838475
455,0,54b24045-e039-40ee-9ba6-824dbdc42f9e,StartingBlock,45.5083008,5476.37988,1,43,43,53,7,0,0,700.348389,-735.024963,1383.15588,0.763138711,0.54916656,-0.0228176303,-0.339874595
456,0,54b24045-e039-40ee-9ba6-824dbdc42f9e,StartingBlock,45.6083984,5476.47998,1,43,43,53,7,0,0,699.424133,-738.972961,1384.34998,0.763121605,0.54919374,-0.0227866657,-0.339871287
457,0,54b24045-e039-40ee-9ba6-824dbdc42f9e,StartingBlock,45.7084961,5476.58008,1,43,43,53,7,0,0,698.484314,-742.917847,1385.51331,0.763083935,0.549215019,-0.0227857474,-0.339921415
458,0,54b24045-e039-40ee-9ba6-824dbdc42f9e,StartingBlock,45.8081055,5476.67969,1,43,43,53,7,0,0,697.528931,-746.859558,1386.64563,0.763071954,0.549228132,-0.0228180122,-0.339925081
459,0,54b24045-e039-40ee-9ba6-824dbdc42f9e,StartingBlock,45.9082031,5476.77979,1,43,43,53,7,0,0,696.557983,-750.798035,1387.74719,0.763036966,0.549258411,-0.0227894634,-0.339956522
460,0,54b24045-e039-40ee-9ba6-824dbdc42f9e,StartingBlock,46.0083008,5476.87988,1,43,43,53,7,0,0,695.571533,-754.733276,1388.81787,0.763016999,0.549288094,-0.0227885563,-0.339953452
461,0,54b24045-e039-40ee-9ba6-824dbdc42f9e,StartingBlock,46.1083984,5476.97998,1,43,43,53,7,0,0,694.569702,-758.664978,1389.85779,0.762986958,0.549332857,-0.02279111,-0.339948297
462,0,54b24045-e039-40ee-9ba6-824dbdc42f9e,StartingBlock,46.2084961,5477.08008,1,43,43,53,7,0,0,693.552551,-762.593201,1390.86694,0.762969494,0.549337268,-0.022804819,-0.339979738
463,0,54b24045-e039-40ee-9ba6-824dbdc42f9e,StartingBlock,46.3081055,5477.17969,1,43,43,53,7,0,0,692.519897,-766.517822,1391.84534,0.762985706,0.549326181,-0.0227962006,-0.339961439
464,0,54b24045-e039-40ee-9ba6-824dbdc42f9e,StartingBlock,46.4082031,5477.27979,1,43,43,53,7,0,0,691.472168,-770.438782,1392.79309,0.762952685,0.549380779,-0.0228401367,-0.339944661
465,0,54b24045-e039-40ee-9ba6-824dbdc42f9e,StartingBlock,46.5083008,5477.37988,1,43,43,53,7,0,0,690.409058,-774.356018,1393.70996,0.762934983,0.549381495,-0.0228131786,-0.339984953
466,0,54b24045-e039-40ee-9ba6-824dbdc42f9e,StartingBlock,46.6083984,5477.47998,1,43,43,53,7,0,0,689.330872,-778.269409,1394.59631,0.762921512,0.549397647,-0.0227929093,-0.339990377
467,0,54b24045-e039-40ee-9ba6-824dbdc42f9e,StartingBlock,46.7084961,5477.58008,1,43,43,53,7,0,0,688.237427,-782.178894,1395.45203,0.762901306,0.549424469,-0.0227984991,-0.339992046
468,0,54b24045-e039-40ee-9ba6-824dbdc42f9e,StartingBlock,46.8081055,5477.67969,1,43,43,53,7,0,0,687.128906,-786.084473,1396.27686,0.762858152,0.549455822,-0.0228010174,-0.34003818
469,0,54b24045-e039-40ee-9ba6-824dbdc42f9e,StartingBlock,46.9082031,5477.77979,1,43,43,53,7,0,0,686.005371,-789.985901,1397.07153,0.76285708,0.54946667,-0.0228337161,-0.340020925
470,0,54b24045-e039-40ee-9ba6-824dbdc42f9e,StartingBlock,47.0083008,5477.87988,1,43,43,53,7,0,0,684.86676,-793.883179,1397.83533,0.762873173,0.549427271,-0.0228098389,-0.340050101
471,0,54b24045-e039-40ee-9ba6-824dbdc42f9e,StartingBlock,47.1083984,5477.97998,1,43,43,53,7,0,0,683.713196,-797.776306,1398.5686,0.762820423,0.549473286,-0.0227672346,-0.340096861
472,0,54b24045-e039-40ee-9ba6-824dbdc42f9e,StartingBlock,47.2084961,5478.08008,1,43,43,53,7,0,0,682.544739,-801.665039,1399.27148,0.762795448,0.549517393,-0.0227822084,-0.3400805
473,0,54b24045-e039-40ee-9ba6-824dbdc42f9e,StartingBlock,47.3081055,5478.17969,1,43,43,53,7,0,0,681.361389,-805.5495,1399.94373,0.762831509,0.549489379,-0.0227467623,-0.34004721
474,0,54b24045-e039-40ee-9ba6-824dbdc42f9e,StartingBlock,47.4082031,5478.27979,1,43,43,53,7,0,0,680.163208,-809.429443,1400.58569,0.762806535,0.549502075,-0.02271167,-0.340085179
475,0,54b24045-e039-40ee-9ba6-824dbdc42f9e,StartingBlock,47.5083008,5478.37988,1,43,43,53,7,0,0,678.950195,-813.304871,1401.19702,0.762755752,0.549562216,-0.0227419641,-0.340099901
476,0,54b24045-e039-40ee-9ba6-824dbdc42f9e,StartingBlock,47.6083984,5478.47998,1,43,43,53,7,0,0,677.722412,-817.175659,1401.77795,0.76275152,0.54956758,-0.0227570627,-0.340099812
477,0,54b24045-e039-40ee-9ba6-824dbdc42f9e,StartingBlock,47.7084961,5478.58008,1,43,43,53,7,0,0,676.479919,-821.041687,1402.32849,0.76274085,0.549579024,-0.0227526948,-0.340105265
478,0,54b24045-e039-40ee-9ba6-824dbdc42f9e,StartingBlock,47.8081055,5478.67969,1,43,43,53,7,0,0,675.222839,-824.902893,1402.84863,0.762734771,0.549579382,-0.022753723,-0.340118378
479,0,54b24045-e039-40ee-9ba6-824dbdc42f9e,StartingBlock,47.9082031,5478.77979,1,43,43,53,7,0,0,673.95105,-828.759277,1403.33826,0.762726724,0.549571216,-0.0227501504,-0.340149611
480,0,54b24045-e039-40ee-9ba6-824dbdc42f9e,StartingBlock,48.0083008,5478.87988,1,43,43,53,7,0,0,672.664673,-832.610718,1403.79749,0.762716651,0.549578786,-0.0227688793,-0.340158731
481,0,54b24045-e039-40ee-9ba6-824dbdc42f9e,StartingBlock,48.1083984,5478.97998,1,43,43,53,7,0,0,671.36377,-836.457214,1404.22656,0.762667,0.549644649,-0.022814801,-0.340160877
482,0,54b24045-e039-40ee-9ba6-824dbdc42f9e,StartingBlock,48.2084961,5479.08008,1,43,43,53,7,0,0,670.048279,-840.298523,1404.62512,0.762662172,0.549652696,-0.0227837898,-0.340160608
483,0,54b24045-e039-40ee-9ba6-824dbdc42f9e,StartingBlock,48.3081055,5479.17969,1,43,43,53,7,0,0,668.718323,-844.134766,1404.99329,0.762648284,0.549672306,-0.0227892604,-0.340159625
484,0,54b24045-e039-40ee-9ba6-824dbdc42f9e,StartingBlock,48.4082031,5479.27979,1,43,43,53,7,0,0,667.373962,-847.965698,1405.3313,0.762659729,0.549655676,-0.0227550138,-0.34016341
485,0,54b24045-e039-40ee-9ba6-824dbdc42f9e,StartingBlock,48.5083008,5479.37988,1,43,43,53,7,0,0,666.015137,-851.79126,1405.63879,0.762640297,0.549663007,-0.0227532089,-0.340195268
486,0,54b24045-e039-40ee-9ba6-824dbdc42f9e,StartingBlock,48.6083984,5479.47998,1,43,43,53,7,0,0,664.641968,-855.61145,1405.91589,0.7626248,0.549679816,-0.0227630809,-0.340202093
487,0,54b24045-e039-40ee-9ba6-824dbdc42f9e,StartingBlock,48.7084961,5479.58008,1,43,43,53,7,0,0,663.254517,-859.426086,1406.16309,0.762624919,0.549677789,-0.0227342229,-0.340206891
488,0,54b24045-e039-40ee-9ba6-824dbdc42f9e,StartingBlock,48.8081055,5479.67969,1,43,43,53,7,0,0,661.852783,-863.235229,1406.37988,0.76262486,0.549680471,-0.0227432791,-0.340202183
489,0,54b24045-e039-40ee-9ba6-824dbdc42f9e,StartingBlock,48.9082031,5479.77979,1,43,43,53,7,0,0,660.436768,-867.038635,1406.56628,0.762586057,0.54971242,-0.0227408167,-0.340237767
490,0,54b24045-e039-40ee-9ba6-824dbdc42f9e,StartingBlock,49.0083008,5479.87988,1,43,43,53,7,0,0,659.00647,-870.836304,1406.72229,0.762583792,0.549693644,-0.0227018073,-0.340275675
491,0,54b24045-e039-40ee-9ba6-824dbdc42f9e,StartingBlock,49.1083984,5479.97998,1,43,43,53,7,0,0,657.562073,-874.628235,1406.84814,0.762575865,0.54971689,-0.0227122121,-0.34025535
492,0,54b24045-e039-40ee-9ba6-824dbdc42f9e,StartingBlock,49.2084961,5480.08008,1,43,43,53,7,0,0,656.103516,-878.414185,1406.94397,0.762582302,0.54973346,-0.0227474496,-0.34021166
493,0,54b24045-e039-40ee-9ba6-824dbdc42f9e,StartingBlock,49.3081055,5480.17969,1,43,43,53,7,0,0,654.63092,-882.194214,1407.00916,0.762560546,0.549758554,-0.0227351096,-0.34022072
494,0,54b24045-e039-40ee-9ba6-824dbdc42f9e,StartingBlock,49.4082031,5480.27979,1,43,43,53,7,0,0,653.144165,-885.968201,1407.04431,0.762560785,0.549773872,-0.0227246489,-0.340195894
495,0,54b24045-e039-40ee-9ba6-824dbdc42f9e,StartingBlock,49.5083008,5480.37988,1,43,43,53,7,0,0,651.643372,-889.736084,1407.04919,0.762547851,0.549775958,-0.0227090009,-0.340222597
496,0,54b24045-e039-40ee-9ba6-824dbdc42f9e,StartingBlock,49.6083984,5480.47998,1,43,43,53,7,0,0,650.128601,-893.497742,1407.02393,0.762535214,0.549798012,-0.022719739,-0.34021464
497,0,54b24045-e039-40ee-9ba6-824dbdc42f9e,StartingBlock,49.7084961,5480.58008,1,43,43,53,7,0,0,648.599792,-897.253052,1406.96826,0.76253283,0.549786806,-0.0227118321,-0.34023875
498,0,54b24045-e039-40ee-9ba6-824dbdc42f9e,StartingBlock,49.8081055,5480.67969,1,43,43,53,7,0,0,647.057068,-901.002014,1406.88245,0.762511373,0.549805522,-0.0227073207,-0.340256721
499,0,54b24045-e039-40ee-9ba6-824dbdc42f9e,StartingBlock,49.9082031,5480.77979,1,43,43,53,7,0,0,645.500488,-904.744568,1406.76648,0.762503684,0.549815714,-0.0227149986,-0.340257019
500,0,54b24045-e039-40ee-9ba6-824dbdc42f9e,StartingBlock,50.0083008,5480.87988,1,43,43,53,7,0,0,643.929993,-908.48053,1406.62024,0.76247257,0.549848139,-0.0227169804,-0.340274453
501,0,54b24045-e039-40ee-9ba6-824dbdc42f9e,StartingBlock,50.1083984,5480.97998,1,43,43,53,7,0,0,642.345642,-912.2099,1406.44373,0.762488544,0.549831152,-0.0227524564,-0.340263635
502,0,54b24045-e039-40ee-9ba6-824dbdc42f9e,StartingBlock,50.2084961,5481.08008,1,43,43,53,7,0,0,640.747498,-915.932617,1406.23706,0.762441933,0.549899399,-0.0227621812,-0.340256989
503,0,54b24045-e039-40ee-9ba6-824dbdc42f9e,StartingBlock,50.3081055,5481.17969,1,43,43,53,7,0,0,639.135498,-919.64856,1406.00024,0.762471855,0.54987669,-0.0227377322,-0.340228409
504,0,54b24045-e039-40ee-9ba6-824dbdc42f9e,StartingBlock,50.4082031,5481.27979,1,43,43,53,7,0,0,637.509827,-923.357666,1405.73303,0.762434244,0.549920082,-0.0227189865,-0.340243727
505,0,54b24045-e039-40ee-9ba6-824dbdc42f9e,StartingBlock,50.5083008,5481.37988,1,43,43,53,7,0,0,635.870422,-927.059753,1405.43555,0.762454152,0.549897671,-0.0227055382,-0.340236306
506,0,54b24045-e039-40ee-9ba6-824dbdc42f9e,StartingBlock,50.6083984,5481.47998,1,43,43,53,7,0,0,634.217346,-930.754822,1405.10791,0.762436867,0.549932539,-0.0226745419,-0.34022072
507,0,54b24045-e039-40ee-9ba6-824dbdc42f9e,StartingBlock,50.7084961,5481.58008,1,43,43,53,7,0,0,632.550598,-934.44281,1404.75,0.762444794,0.549919605,-0.0226365998,-0.340226531
508,0,54b24045-e039-40ee-9ba6-824dbdc42f9e,StartingBlock,50.8081055,5481.67969,1,43,43,53,7,0,0,630.870178,-938.123596,1404.36182,0.76242882,0.549938023,-0.0226246286,-0.340233266
509,0,54b24045-e039-40ee-9ba6-824dbdc42f9e,StartingBlock,50.9082031,5481.77979,1,43,43,53,7,0,0,629.176331,-941.79718,1403.9436,0.762414277,0.549955964,-0.0226045419,-0.340238243
510,0,54b24045-e039-40ee-9ba6-824dbdc42f9e,StartingBlock,51.0083008,5481.87988,1,43,43,53,7,0,0,627.468872,-945.463379,1403.49487,0.762410104,0.549959183,-0.0226011183,-0.340242445
511,0,54b24045-e039-40ee-9ba6-824dbdc42f9e,StartingBlock,51.1083984,5481.97998,1,43,43,53,7,0,0,625.747864,-949.122131,1403.01599,0.762410879,0.549985349,-0.0226415601,-0.340195596
512,0,54b24045-e039-40ee-9ba6-824dbdc42f9e,StartingBlock,51.2084961,5482.08008,1,43,43,53,7,0,0,624.013367,-952.773315,1402.50696,0.762380242,0.550004065,-0.0226395428,-0.340234369
513,0,54b24045-e039-40ee-9ba6-824dbdc42f9e,StartingBlock,51.3081055,5482.17969,1,43,43,53,7,0,0,622.26532,-956.416931,1401.96741,0.762378752,0.55000639,-0.0226681866,-0.340232015
514,0,54b24045-e039-40ee-9ba6-824dbdc42f9e,StartingBlock,51.4082031,5482.27979,1,43,43,53,7,0,0,620.503845,-960.052917,1401.39771,0.762354374,0.550007522,-0.0226139911,-0.340288371
515,0,54b24045-e039-40ee-9ba6-824dbdc42f9e,StartingBlock,51.5083008,5482.37988,1,43,43,53,7,0,0,618.728943,-963.681091,1400.79773,0.762358308,0.550017715,-0.022642497,-0.340261191
516,0,54b24045-e039-40ee-9ba6-824dbdc42f9e,StartingBlock,51.6083984,5482.47998,1,43,43,53,7,0,0,616.940613,-967.301453,1400.16736,0.76236254,0.550017536,-0.0226601511,-0.340250909
517,0,54b24045-e039-40ee-9ba6-824dbdc42f9e,StartingBlock,51.7084961,5482.58008,1,43,43,53,7,0,0,615.139099,-970.913757,1399.50671,0.762342155,0.550026178,-0.0226425827,-0.3402839
518,0,54b24045-e039-40ee-9ba6-824dbdc42f9e,StartingBlock,51.8081055,5482.67969,1,43,43,53,7,0,0,613.324097,-974.518188,1398.8158,0.762338281,0.550028384,-0.0226460882,-0.340288609
519,0,54b24045-e039-40ee-9ba6-824dbdc42f9e,StartingBlock,51.9082031,5482.77979,1,43,43,53,7,0,0,611.49585,-978.114441,1398.09448,0.762358606,0.550011098,-0.0226320717,-0.34027189
520,0,54b24045-e039-40ee-9ba6-824dbdc42f9e,StartingBlock,52.0083008,5482.87988,1,43,43,53,7,0,0,609.654236,-981.702515,1397.34277,0.762332678,0.550042093,-0.0226119887,-0.340281367
521,0,54b24045-e039-40ee-9ba6-824dbdc42f9e,StartingBlock,52.1083984,5482.97998,1,43,43,53,7,0,0,607.799377,-985.282349,1396.56067,0.76233238,0.55004245,-0.0226065479,-0.340281755
522,0,54b24045-e039-40ee-9ba6-824dbdc42f9e,StartingBlock,52.2084961,5483.08008,1,43,43,53,7,0,0,605.931396,-988.85376,1395.74841,0.762338102,0.550055206,-0.0226280056,-0.340246826
523,0,54b24045-e039-40ee-9ba6-824dbdc42f9e,StartingBlock,52.3081055,5483.17969,1,43,43,53,7,0,0,604.05011,-992.416809,1394.90552,0.762315989,0.550068259,-0.0225982927,-0.340277255
524,0,54b24045-e039-40ee-9ba6-824dbdc42f9e,StartingBlock,52.4082031,5483.27979,1,43,43,53,7,0,0,602.15564,-995.971191,1394.03223,0.76231432,0.550084531,-0.0226006247,-0.340254486
525,0,54b24045-e039-40ee-9ba6-824dbdc42f9e,StartingBlock,52.5083008,5483.37988,1,43,43,53,7,0,0,600.248108,-999.517029,1393.12866,0.762292683,0.550127923,-0.0226059332,-0.340232372
526,0,54b24045-e039-40ee-9ba6-824dbdc42f9e,StartingBlock,52.6083984,5483.47998,1,43,43,53,7,0,0,598.327393,-1003.05408,1392.19446,0.76231128,0.550097466,-0.0225518066,-0.340243816
527,0,54b24045-e039-40ee-9ba6-824dbdc42f9e,StartingBlock,52.7084961,5483.58008,1,43,43,53,7,0,0,596.393616,-1006.5824,1391.22998,0.762263,0.55014199,-0.0225508232,-0.340279907
528,0,54b24045-e039-40ee-9ba6-824dbdc42f9e,StartingBlock,52.8081055,5483.67969,1,43,43,53,7,0,0,594.446655,-1010.10175,1390.23486,0.762290895,0.550116539,-0.0225361437,-0.340259522
529,0,54b24045-e039-40ee-9ba6-824dbdc42f9e,StartingBlock,52.9082031,5483.77979,1,43,43,53,7,0,0,592.486755,-1013.61218,1389.20935,0.762250245,0.550161064,-0.0225089435,-0.340280533
530,0,54b24045-e039-40ee-9ba6-824dbdc42f9e,StartingBlock,53.0083008,5483.87988,1,43,43,53,7,0,0,590.513794,-1017.11359,1388.15332,0.762265682,0.550159216,-0.0225254763,-0.340247631
531,0,54b24045-e039-40ee-9ba6-824dbdc42f9e,StartingBlock,53.1083984,5483.97998,1,43,43,53,7,0,0,588.527893,-1020.60583,1387.06665,0.762260675,0.550168216,-0.0225138385,-0.340245098
532,0,54b24045-e039-40ee-9ba6-824dbdc42f9e,StartingBlock,53.2084961,5484.08008,1,43,43,53,7,0,0,586.528931,-1024.08875,1385.94946,0.762288332,0.550128996,-0.0225294121,-0.340245485
533,0,54b24045-e039-40ee-9ba6-824dbdc42f9e,StartingBlock,53.3081055,5484.17969,1,43,43,53,7,0,0,584.517029,-1027.56238,1384.80164,0.762236118,0.550205946,-0.0225071199,-0.340239495
534,0,54b24045-e039-40ee-9ba6-824dbdc42f9e,StartingBlock,53.4082031,5484.27979,1,43,43,53,7,0,0,582.492188,-1031.02649,1383.62329,0.762227535,0.55021292,-0.0225146078,-0.340247095
535,0,54b24045-e039-40ee-9ba6-824dbdc42f9e,StartingBlock,53.5083008,5484.37988,1,43,43,53,7,0,0,580.454529,-1034.4812,1382.41418,0.762260735,0.550176978,-0.0225004964,-0.340231836
536,0,54b24045-e039-40ee-9ba6-824dbdc42f9e,StartingBlock,53.6083984,5484.47998,1,43,43,53,7,0,0,578.403992,-1037.92627,1381.17456,0.762236357,0.550181687,-0.0225172099,-0.340277642
537,0,54b24045-e039-40ee-9ba6-824dbdc42f9e,StartingBlock,53.7084961,5484.58008,1,43,43,53,7,0,0,576.340454,-1041.36157,1379.9043,0.762214124,0.55020076,-0.022550704,-0.34029451
538,0,54b24045-e039-40ee-9ba6-824dbdc42f9e,StartingBlock,53.8081055,5484.67969,1,43,43,53,7,0,0,574.26416,-1044.78711,1378.60327,0.762248755,0.550125003,-0.0225418322,-0.340339929
539,0,54b24045-e039-40ee-9ba6-824dbdc42f9e,StartingBlock,53.9082031,5484.77979,1,43,43,53,7,0,0,572.175049,-1048.20276,1377.27148,0.762212694,0.550204575,-0.0225944296,-0.34028846
540,0,54b24045-e039-40ee-9ba6-824dbdc42f9e,StartingBlock,54.0083008,5484.87988,1,43,43,53,7,0,0,570.073242,-1051.6084,1375.90881,0.762225151,0.550197423,-0.0225681365,-0.340273917
541,0,54b24045-e039-40ee-9ba6-824dbdc42f9e,StartingBlock,54.1083984,5484.97998,1,43,43,53,7,0,0,567.958557,-1055.00403,1374.5155,0.762208164,0.55019325,-0.0225659795,-0.340318769
542,0,54b24045-e039-40ee-9ba6-824dbdc42f9e,StartingBlock,54.2084961,5485.08008,1,43,43,53,7,0,0,565.831238,-1058.38928,1373.09131,0.762217939,0.550201058,-0.0225540325,-0.340285212
543,0,54b24045-e039-40ee-9ba6-824dbdc42f9e,StartingBlock,54.3081055,5485.17969,1,43,43,53,7,0,0,563.691162,-1061.7644,1371.63635,0.762240589,0.550178945,-0.022526918,-0.34027198
544,0,54b24045-e039-40ee-9ba6-824dbdc42f9e,StartingBlock,54.4082031,5485.27979,1,43,43,53,7,0,0,561.53833,-1065.12927,1370.15039,0.762170434,0.55024457,-0.022541672,-0.340322047
545,0,54b24045-e039-40ee-9ba6-824dbdc42f9e,StartingBlock,54.5083008,5485.37988,1,43,43,53,7,0,0,559.372803,-1068.4834,1368.63354,0.762210906,0.55020535,-0.0225160141,-0.340296507
546,0,54b24045-e039-40ee-9ba6-824dbdc42f9e,StartingBlock,54.6083984,5485.47998,1,43,43,53,7,0,0,557.194641,-1071.82715,1367.08569,0.762210369,0.550227821,-0.0225261692,-0.340260863
547,0,54b24045-e039-40ee-9ba6-824dbdc42f9e,StartingBlock,54.7084961,5485.58008,1,43,43,53,7,0,0,555.003845,-1075.16028,1365.50696,0.762168765,0.550270557,-0.0225038547,-0.340286314
548,0,54b24045-e039-40ee-9ba6-824dbdc42f9e,StartingBlock,54.8081055,5485.67969,1,43,43,53,7,0,0,552.800415,-1078.48242,1363.89722,0.762216866,0.550209761,-0.0225139223,-0.340276092
549,0,54b24045-e039-40ee-9ba6-824dbdc42f9e,StartingBlock,54.9082031,5485.77979,1,43,43,53,7,0,0,550.584412,-1081.79382,1362.25635,0.762212157,0.550232947,-0.022510929,-0.340249419
550,0,54b24045-e039-40ee-9ba6-824dbdc42f9e,StartingBlock,55.0083008,5485.87988,1,43,43,53,7,0,0,548.355957,-1085.09424,1360.58447,0.76218462,0.550266147,-0.0224817265,-0.340259492
551,0,54b24045-e039-40ee-9ba6-824dbdc42f9e,StartingBlock,55.1083984,5485.97998,1,43,43,53,7,0,0,546.114807,-1088.38367,1358.88147,0.762199759,0.550257027,-0.0224717855,-0.340240717
552,0,54b24045-e039-40ee-9ba6-824dbdc42f9e,StartingBlock,55.2084961,5486.08008,1,43,43,53,7,0,0,543.861084,-1091.66187,1357.14709,0.762130976,0.550310552,-0.022463806,-0.340308845
553,0,54b24045-e039-40ee-9ba6-824dbdc42f9e,StartingBlock,55.3081055,5486.17969,1,43,43,53,7,0,0,541.594971,-1094.92859,1355.38171,0.762183368,0.550264537,-0.0224717315,-0.340265393
554,0,54b24045-e039-40ee-9ba6-824dbdc42f9e,StartingBlock,55.4082031,5486.27979,1,43,43,53,7,0,0,539.316345,-1098.18408,1353.58496,0.762185037,0.550275445,-0.0224637203,-0.340244681
555,0,54b24045-e039-40ee-9ba6-824dbdc42f9e,StartingBlock,55.5083008,5486.37988,1,43,43,53,7,0,0,537.025208,-1101.4281,1351.75708,0.762162864,0.550302148,-0.0224793628,-0.340250015
556,0,54b24045-e039-40ee-9ba6-824dbdc42f9e,StartingBlock,55.6083984,5486.47998,1,43,43,53,7,0,0,534.72168,-1104.66052,1349.89771,0.762161911,0.550273895,-0.0225002337,-0.340296417
557,0,54b24045-e039-40ee-9ba6-824dbdc42f9e,StartingBlock,55.7084961,5486.58008,1,43,43,53,7,0,0,532.405762,-1107.88123,1348.00708,0.762138247,0.550286233,-0.0225025676,-0.340329438
558,0,54b24045-e039-40ee-9ba6-824dbdc42f9e,StartingBlock,55.8081055,5486.67969,1,43,43,53,7,0,0,530.077393,-1111.09021,1346.08521,0.762100458,0.550342441,-0.0225323681,-0.340320975
559,0,54b24045-e039-40ee-9ba6-824dbdc42f9e,StartingBlock,55.9082031,5486.77979,1,43,43,53,7,0,0,527.736511,-1114.28711,1344.13159,0.762136757,0.550274968,-0.0225131325,-0.340350121
560,0,54b24045-e039-40ee-9ba6-824dbdc42f9e,StartingBlock,56.0083008,5486.87988,1,43,43,53,7,0,0,525.383362,-1117.47192,1342.14673,0.762144208,0.550287426,-0.0225328431,-0.340312123
561,0,54b24045-e039-40ee-9ba6-824dbdc42f9e,StartingBlock,56.1083984,5486.97998,1,43,43,53,7,0,0,523.017883,-1120.64465,1340.13025,0.76215148,0.550260246,-0.0225104988,-0.340341181
562,0,54b24045-e039-40ee-9ba6-824dbdc42f9e,StartingBlock,56.2084961,5487.08008,1,43,43,53,7,0,0,520.640076,-1123.80518,1338.08215,0.762116313,0.550286114,-0.0225474238,-0.340375602
563,0,54b24045-e039-40ee-9ba6-824dbdc42f9e,StartingBlock,56.3081055,5487.17969,1,43,43,53,7,0,0,518.249878,-1126.95337,1336.00244,0.762115359,0.550306797,-0.0224974956,-0.340347588
564,0,54b24045-e039-40ee-9ba6-824dbdc42f9e,StartingBlock,56.4082031,5487.27979,1,43,43,53,7,0,0,515.847473,-1130.08911,1333.89111,0.762109041,0.550315678,-0.0225601848,-0.340343088
565,0,54b24045-e039-40ee-9ba6-824dbdc42f9e,StartingBlock,56.5083008,5487.37988,1,43,43,53,7,0,0,513.432739,-1133.21228,1331.74805,0.762072802,0.550357461,-0.0225253198,-0.340359271
566,0,54b24045-e039-40ee-9ba6-824dbdc42f9e,StartingBlock,56.6083984,5487.47998,1,43,43,53,7,0,0,511.005768,-1136.32275,1329.57312,0.762129724,0.550304532,-0.0224913899,-0.340319604
567,0,54b24045-e039-40ee-9ba6-824dbdc42f9e,StartingBlock,56.7084961,5487.58008,1,43,43,53,7,0,0,508.566528,-1139.42053,1327.36646,0.762096405,0.550364912,-0.0224494822,-0.340299278
568,0,54b24045-e039-40ee-9ba6-824dbdc42f9e,StartingBlock,56.8081055,5487.67969,1,43,43,53,7,0,0,506.115082,-1142.50513,1325.12805,0.762122989,0.550322533,-0.0224565621,-0.340307802
569,0,54b24045-e039-40ee-9ba6-824dbdc42f9e,StartingBlock,56.9082031,5487.77979,1,43,43,53,7,0,0,503.651398,-1145.5769,1322.85767,0.762088239,0.550348818,-0.022441119,-0.340344161
570,0,54b24045-e039-40ee-9ba6-824dbdc42f9e,StartingBlock,57.0083008,5487.87988,1,43,43,53,7,0,0,501.175598,-1148.63538,1320.5553,0.762169302,0.550267279,-0.0224755295,-0.340292215
571,0,54b24045-e039-40ee-9ba6-824dbdc42f9e,StartingBlock,57.1083984,5487.97998,1,43,43,53,7,0,0,498.687592,-1151.68066,1318.22083,0.762150884,0.550293028,-0.0224815179,-0.34029156
572,0,54b24045-e039-40ee-9ba6-824dbdc42f9e,StartingBlock,57.2084961,5488.08008,1,43,43,53,7,0,0,496.187531,-1154.71252,1315.85425,0.762085497,0.550372601,-0.0224889275,-0.340308666
573,0,54b24045-e039-40ee-9ba6-824dbdc42f9e,StartingBlock,57.3081055,5488.17969,1,43,43,53,7,0,0,493.675262,-1157.73083,1313.45569,0.762050986,0.550408363,-0.0224693734,-0.340329468
574,0,54b24045-e039-40ee-9ba6-824dbdc42f9e,StartingBlock,57.4082031,5488.27979,1,43,43,53,7,0,0,491.150909,-1160.7356,1311.02478,0.762122273,0.550334036,-0.0224563926,-0.340290934
575,0,54b24045-e039-40ee-9ba6-824dbdc42f9e,StartingBlock,57.5083008,5488.37988,1,43,43,53,7,0,0,488.614441,-1163.72644,1308.56177,0.762045443,0.550412834,-0.0224902965,-0.340333283
576,0,54b24045-e039-40ee-9ba6-824dbdc42f9e,StartingBlock,57.6083984,5488.47998,1,43,43,53,7,0,0,486.065948,-1166.70349,1306.06628,0.762115896,0.550351739,-0.0224492606,-0.340277106
577,0,54b24045-e039-40ee-9ba6-824dbdc42f9e,StartingBlock,57.7084961,5488.58008,1,43,43,53,7,0,0,483.505463,-1169.6665,1303.53857,0.762068927,0.550420582,-0.0224606786,-0.340270042
578,0,54b24045-e039-40ee-9ba6-824dbdc42f9e,StartingBlock,57.8081055,5488.67969,1,43,43,53,7,0,0,480.932861,-1172.61548,1300.97839,0.762055218,0.550439537,-0.0224667806,-0.340269655
579,0,54b24045-e039-40ee-9ba6-824dbdc42f9e,StartingBlock,57.9082031,5488.77979,1,43,43,53,7,0,0,478.348175,-1175.55017,1298.38574,0.762069702,0.550401986,-0.0224849135,-0.340296805
580,0,54b24045-e039-40ee-9ba6-824dbdc42f9e,StartingBlock,58.0083008,5488.87988,1,43,43,53,7,0,0,475.751617,-1178.47034,1295.76038,0.762099922,0.550369561,-0.0224510301,-0.340283841
581,0,54b24045-e039-40ee-9ba6-824dbdc42f9e,StartingBlock,58.1083984,5488.97998,1,43,43,53,7,0,0,473.143036,-1181.37585,1293.10266,0.762087584,0.550379694,-0.0224906113,-0.340292454
582,0,54b24045-e039-40ee-9ba6-824dbdc42f9e,StartingBlock,58.2084961,5489.08008,1,43,43,53,7,0,0,470.522491,-1184.26697,1290.41211,0.762064993,0.550427735,-0.0224978104,-0.340264857
583,0,54b24045-e039-40ee-9ba6-824dbdc42f9e,StartingBlock,58.3081055,5489.17969,1,43,43,53,7,0,0,467.889984,-1187.14307,1287.68872,0.76207304,0.550417662,-0.0225073285,-0.340262592
584,0,54b24045-e039-40ee-9ba6-824dbdc42f9e,StartingBlock,58.4082031,5489.27979,1,43,43,53,7,0,0,465.245483,-1190.00427,1284.93262,0.762074292,0.55040729,-0.0224817768,-0.340278268
585,0,54b24045-e039-40ee-9ba6-824dbdc42f9e,StartingBlock,58.5083008,5489.37988,1,43,43,53,7,0,0,462.589111,-1192.85059,1282.14368,0.762028515,0.550450087,-0.0224522538,-0.340313375
586,0,54b24045-e039-40ee-9ba6-824dbdc42f9e,StartingBlock,58.6083984,5489.47998,1,43,43,53,7,0,0,459.920868,-1195.68152,1279.32178,0.762067735,0.55041784,-0.0224401094,-0.340278417
587,0,54b24045-e039-40ee-9ba6-824dbdc42f9e,StartingBlock,58.7084961,5489.58008,1,43,43,53,7,0,0,457.240784,-1198.49719,1276.4668,0.762057602,0.550440967,-0.0224773176,-0.34026134
588,0,54b24045-e039-40ee-9ba6-824dbdc42f9e,StartingBlock,58.8081055,5489.67969,1,43,43,53,7,0,0,454.548737,-1201.29736,1273.57874,0.762027144,0.550463498,-0.0224761963,-0.340293109
589,0,54b24045-e039-40ee-9ba6-824dbdc42f9e,StartingBlock,58.9082031,5489.77979,1,43,43,53,7,0,0,451.84491,-1204.08203,1270.65759,0.762034774,0.550458372,-0.0224521048,-0.340285957
590,0,54b24045-e039-40ee-9ba6-824dbdc42f9e,StartingBlock,59.0083008,5489.87988,1,43,43,53,7,0,0,449.129272,-1206.85083,1267.70325,0.762049496,0.550449193,-0.0224677976,-0.340266973
591,0,54b24045-e039-40ee-9ba6-824dbdc42f9e,StartingBlock,59.1083984,5489.97998,1,43,43,53,7,0,0,446.401764,-1209.60376,1264.71545,0.762074828,0.550418556,-0.0224337075,-0.340262026
592,0,54b24045-e039-40ee-9ba6-824dbdc42f9e,StartingBlock,59.2084961,5490.08008,1,43,43,53,7,0,0,443.662506,-1212.3407,1261.69434,0.762024224,0.550469041,-0.0224523619,-0.340292305
593,0,54b24045-e039-40ee-9ba6-824dbdc42f9e,StartingBlock,59.3081055,5490.17969,1,43,43,53,7,0,0,440.911499,-1215.06128,1258.63977,0.762033463,0.550469995,-0.0224221852,-0.340272129
594,0,54b24045-e039-40ee-9ba6-824dbdc42f9e,StartingBlock,59.4082031,5490.27979,1,43,43,53,7,0,0,438.148712,-1217.7655,1255.55176,0.762081981,0.550414383,-0.0224371031,-0.340252399
595,0,54b24045-e039-40ee-9ba6-824dbdc42f9e,StartingBlock,59.5083008,5490.37988,1,43,43,53,7,0,0,435.374146,-1220.45337,1252.43005,0.762024045,0.550455034,-0.0224588308,-0.340314984
596,0,54b24045-e039-40ee-9ba6-824dbdc42f9e,StartingBlock,59.6083984,5490.47998,1,43,43,53,7,0,0,432.58786,-1223.12439,1249.27478,0.762032866,0.550451577,-0.0224747751,-0.340299875
597,0,54b24045-e039-40ee-9ba6-824dbdc42f9e,StartingBlock,59.7084961,5490.58008,1,43,43,53,7,0,0,429.789856,-1225.77881,1246.08569,0.762016118,0.550440371,-0.0224925745,-0.340354204
598,0,54b24045-e039-40ee-9ba6-824dbdc42f9e,StartingBlock,59.8081055,5490.67969,1,43,43,53,7,0,0,426.980194,-1228.41614,1242.86267,0.762034833,0.550428689,-0.0224978421,-0.34033078
599,0,54b24045-e039-40ee-9ba6-824dbdc42f9e,StartingBlock,59.9082031,5490.77979,1,43,43,53,7,0,0,424.158905,-1231.03638,1239.60583,0.762070119,0.550380647,-0.0225062128,-0.340328991
600,0,54b24045-e039-40ee-9ba6-824dbdc42f9e,StartingBlock,60.0083008,5490.87988,1,43,43,53,7,0,0,421.325897,-1233.6394,1236.31482,0.762041569,0.550412118,-0.0225292146,-0.340340555
601,0,54b24045-e039-40ee-9ba6-824dbdc42f9e,StartingBlock,60.1083984,5490.97998,1,43,43,53,7,0,0,418.481354,-1236.22473,1232.98987,0.762068868,0.550377369,-0.0225582197,-0.340333492
602,0,54b24045-e039-40ee-9ba6-824dbdc42f9e,StartingBlock,60.2084961,5491.08008,1,43,43,53,7,0,0,415.625122,-1238.7926,1229.63062,0.762057841,0.550393105,-0.0225629751,-0.340332627
603,0,54b24045-e039-40ee-9ba6-824dbdc42f9e,StartingBlock,60.3081055,5491.17969,1,43,43,53,7,0,0,412.757324,-1241.34277,1226.23718,0.762046337,0.550401807,-0.0225613974,-0.34034431
604,0,54b24045-e039-40ee-9ba6-824dbdc42f9e,StartingBlock,60.4082031,5491.27979,1,43,43,53,7,0,0,409.87796,-1243.875,1222.80945,0.761981905,0.550482631,-0.0225624871,-0.3403579
605,0,54b24045-e039-40ee-9ba6-824dbdc42f9e,StartingBlock,60.5083008,5491.37988,1,43,43,53,7,0,0,406.98703,-1246.38904,1219.34717,0.761977851,0.550489247,-0.0225795247,-0.340355009
606,0,54b24045-e039-40ee-9ba6-824dbdc42f9e,StartingBlock,60.6083984,5491.47998,1,43,43,53,7,0,0,404.084503,-1248.88477,1215.85034,0.76201427,0.550459266,-0.0225273855,-0.340325266
607,0,54b24045-e039-40ee-9ba6-824dbdc42f9e,StartingBlock,60.7084961,5491.58008,1,43,43,53,7,0,0,401.170532,-1251.36206,1212.31885,0.762020946,0.550465882,-0.0225071888,-0.340301216
608,0,54b24045-e039-40ee-9ba6-824dbdc42f9e,StartingBlock,60.8081055,5491.67969,1,43,43,53,7,0,0,398.244995,-1253.8208,1208.75256,0.761997163,0.550478578,-0.0225523394,-0.340330899
609,0,54b24045-e039-40ee-9ba6-824dbdc42f9e,StartingBlock,60.9082031,5491.77979,1,43,43,53,7,0,0,395.307922,-1256.26074,1205.15149,0.762015045,0.550454259,-0.0225990191,-0.340327173
610,0,54b24045-e039-40ee-9ba6-824dbdc42f9e,StartingBlock,61.0083008,5491.87988,1,43,43,53,7,0,0,392.359467,-1258.68152,1201.5155,0.761996567,0.550480962,-0.0225859955,-0.340326101
611,0,54b24045-e039-40ee-9ba6-824dbdc42f9e,StartingBlock,61.1083984,5491.97998,1,43,43,53,7,0,0,389.399506,-1261.08337,1197.84448,0.761950612,0.550516903,-0.022566624,-0.340372324
612,0,54b24045-e039-40ee-9ba6-824dbdc42f9e,StartingBlock,61.2084961,5492.08008,1,43,43,53,7,0,0,386.428162,-1263.46594,1194.13843,0.76191479,0.550567865,-0.0225730762,-0.340369463
613,0,54b24045-e039-40ee-9ba6-824dbdc42f9e,StartingBlock,61.3081055,5492.17969,1,43,43,53,7,0,0,383.445313,-1265.82874,1190.39709,0.76192838,0.550540805,-0.0225536823,-0.340384126
614,0,54b24045-e039-40ee-9ba6-824dbdc42f9e,StartingBlock,61.4082031,5492.27979,1,43,43,53,7,0,0,380.451172,-1268.17188,1186.62048,0.76190871,0.550554574,-0.0225798413,-0.340404212
615,0,54b24045-e039-40ee-9ba6-824dbdc42f9e,StartingBlock,61.5083008,5492.37988,1,43,43,53,7,0,0,377.445587,-1270.49512,1182.80835,0.76194948,0.55052501,-0.0225519966,-0.340362579
616,0,54b24045-e039-40ee-9ba6-824dbdc42f9e,StartingBlock,61.6083984,5492.47998,1,43,43,53,7,0,0,374.42868,-1272.79834,1178.96069,0.761954427,0.550522566,-0.0225453712,-0.340355903
617,0,54b24045-e039-40ee-9ba6-824dbdc42f9e,StartingBlock,61.7084961,5492.58008,1,43,43,53,7,0,0,371.400482,-1275.0813,1175.07739,0.761916876,0.5505777,-0.0225555766,-0.340350062
618,0,54b24045-e039-40ee-9ba6-824dbdc42f9e,StartingBlock,61.8081055,5492.67969,1,43,43,53,7,0,0,368.360931,-1277.34363,1171.15845,0.76194787,0.550537825,-0.02254848,-0.340345532
619,0,54b24045-e039-40ee-9ba6-824dbdc42f9e,StartingBlock,61.9082031,5492.77979,1,43,43,53,7,0,0,365.31015,-1279.58533,1167.20361,0.76194793,0.550551414,-0.0225795154,-0.340321451
620,0,54b24045-e039-40ee-9ba6-824dbdc42f9e,StartingBlock,62.0083008,5492.87988,1,43,43,53,7,0,0,362.248047,-1281.80615,1163.21277,0.761933446,0.550556242,-0.0225768536,-0.340346396
621,0,54b24045-e039-40ee-9ba6-824dbdc42f9e,StartingBlock,62.1083984,5492.97998,1,43,43,53,7,0,0,359.174683,-1284.00586,1159.18591,0.76189971,0.550574541,-0.0225906651,-0.340391278
622,0,54b24045-e039-40ee-9ba6-824dbdc42f9e,StartingBlock,62.2084961,5493.08008,1,43,43,53,7,0,0,356.090149,-1286.18408,1155.1228,0.761901438,0.550571561,-0.0226289351,-0.340389609
623,0,54b24045-e039-40ee-9ba6-824dbdc42f9e,StartingBlock,62.3081055,5493.17969,1,43,43,53,7,0,0,352.994415,-1288.34094,1151.02344,0.761954069,0.550526261,-0.0226678327,-0.340342402
624,0,54b24045-e039-40ee-9ba6-824dbdc42f9e,StartingBlock,62.4082031,5493.27979,1,43,43,53,7,0,0,349.887421,-1290.47607,1146.88745,0.761940002,0.550517142,-0.0226562973,-0.340389669
625,0,54b24045-e039-40ee-9ba6-824dbdc42f9e,StartingBlock,62.5083008,5493.37988,1,43,43,53,7,0,0,346.769257,-1292.58923,1142.71509,0.761923969,0.550526321,-0.0226250682,-0.340412527
626,0,54b24045-e039-40ee-9ba6-824dbdc42f9e,StartingBlock,62.6083984,5493.47998,1,43,43,53,7,0,0,343.639984,-1294.6803,1138.50598,0.761915743,0.550556183,-0.0226779021,-0.340379238
627,0,54b24045-e039-40ee-9ba6-824dbdc42f9e,StartingBlock,62.7084961,5493.58008,1,43,43,53,7,0,0,340.499634,-1296.7489,1134.26013,0.76193893,0.5505234,-0.0226587057,-0.340381801
628,0,54b24045-e039-40ee-9ba6-824dbdc42f9e,StartingBlock,62.8081055,5493.67969,1,43,43,53,7,0,0,337.348175,-1298.7948,1129.97742,0.761941493,0.550529659,-0.0226791166,-0.340364456
629,0,54b24045-e039-40ee-9ba6-824dbdc42f9e,StartingBlock,62.9082031,5493.77979,1,43,43,53,7,0,0,334.185638,-1300.81787,1125.65759,0.761902571,0.550565839,-0.0226826686,-0.340392888
630,0,54b24045-e039-40ee-9ba6-824dbdc42f9e,StartingBlock,63.0083008,5493.87988,1,43,43,53,7,0,0,331.011963,-1302.81787,1121.30066,0.761895657,0.550540447,-0.0227238443,-0.340446711
631,0,54b24045-e039-40ee-9ba6-824dbdc42f9e,StartingBlock,63.1083984,5493.97998,1,43,43,53,7,0,0,327.827362,-1304.79456,1116.90649,0.761885405,0.550559938,-0.0227026753,-0.34043926
632,0,54b24045-e039-40ee-9ba6-824dbdc42f9e,StartingBlock,63.2084961,5494.08008,1,43,43,53,7,0,0,324.631714,-1306.74756,1112.47485,0.761965632,0.550490379,-0.0227111168,-0.340371966
633,0,54b24045-e039-40ee-9ba6-824dbdc42f9e,StartingBlock,63.3081055,5494.17969,1,43,43,53,7,0,0,321.425171,-1308.67688,1108.00562,0.761855364,0.550614178,-0.0227045715,-0.340418845
634,0,54b24045-e039-40ee-9ba6-824dbdc42f9e,StartingBlock,63.4082031,5494.27979,1,43,43,53,7,0,0,318.207581,-1310.58228,1103.49878,0.761827767,0.550635219,-0.0226973835,-0.340446889
635,0,54b24045-e039-40ee-9ba6-824dbdc42f9e,StartingBlock,63.5083008,5494.37988,1,43,43,53,7,0,0,314.979095,-1312.46326,1098.9541,0.761842787,0.550630212,-0.0227234177,-0.340419799
636,0,54b24045-e039-40ee-9ba6-824dbdc42f9e,StartingBlock,63.6083984,5494.47998,1,43,43,53,7,0,0,311.739777,-1314.31958,1094.37134,0.761839807,0.550638437,-0.0226800609,-0.340416133
637,0,54b24045-e039-40ee-9ba6-824dbdc42f9e,StartingBlock,63.7084961,5494.58008,1,43,43,53,7,0,0,308.489532,-1316.15125,1089.75073,0.761806965,0.550675154,-0.0226832218,-0.340429872
638,0,54b24045-e039-40ee-9ba6-824dbdc42f9e,StartingBlock,63.8081055,5494.67969,1,43,43,53,7,0,0,305.228485,-1317.95776,1085.0918,0.761803567,0.550706863,-0.0226864964,-0.340385854
639,0,54b24045-e039-40ee-9ba6-824dbdc42f9e,StartingBlock,63.9082031,5494.77979,1,43,43,53,7,0,0,301.956604,-1319.73889,1080.39453,0.76186502,0.550632656,-0.022709243,-0.340367019
640,0,54b24045-e039-40ee-9ba6-824dbdc42f9e,StartingBlock,64.0083008,5494.87988,1,43,43,53,7,0,0,298.67392,-1321.49451,1075.65869,0.761846304,0.550654709,-0.022687275,-0.340374708
641,0,54b24045-e039-40ee-9ba6-824dbdc42f9e,StartingBlock,64.1083984,5494.97998,1,43,43,53,7,0,0,295.380432,-1323.22412,1070.88416,0.761840343,0.550664723,-0.0226980522,-0.340371192
642,0,54b24045-e039-40ee-9ba6-824dbdc42f9e,StartingBlock,64.2084961,5495.08008,1,43,43,53,7,0,0,292.076233,-1324.92761,1066.0708,0.761807799,0.550694108,-0.0227006394,-0.340396285
643,0,54b24045-e039-40ee-9ba6-824dbdc42f9e,StartingBlock,64.3081055,5495.17969,1,43,43,53,7,0,0,288.761414,-1326.60474,1061.21863,0.761768818,0.550717771,-0.0227046199,-0.340444803
644,0,54b24045-e039-40ee-9ba6-824dbdc42f9e,StartingBlock,64.4082031,5495.27979,1,43,43,53,7,0,0,285.435852,-1328.25513,1056.32715,0.761765778,0.550718784,-0.0227153897,-0.340449244
645,0,54b24045-e039-40ee-9ba6-824dbdc42f9e,StartingBlock,64.5083008,5495.37988,1,43,43,53,7,0,0,282.099701,-1329.87842,1051.39661,0.761787355,0.550721884,-0.0227056984,-0.340396792
646,0,54b24045-e039-40ee-9ba6-824dbdc42f9e,StartingBlock,64.6083984,5495.47998,1,43,43,53,7,0,0,278.752899,-1331.47449,1046.42651,0.761792362,0.550709486,-0.0227053929,-0.340405583
647,0,54b24045-e039-40ee-9ba6-824dbdc42f9e,StartingBlock,64.7084961,5495.58008,1,43,43,53,7,0,0,275.39563,-1333.04297,1041.41687,0.761769116,0.550735354,-0.0227377191,-0.340413541
648,0,54b24045-e039-40ee-9ba6-824dbdc42f9e,StartingBlock,64.8081055,5495.67969,1,43,43,53,7,0,0,272.027771,-1334.5835,1036.36731,0.761778235,0.55071032,-0.0227112118,-0.340435594
649,0,54b24045-e039-40ee-9ba6-824dbdc42f9e,StartingBlock,64.9082031,5495.77979,1,43,43,53,7,0,0,268.649414,-1336.09583,1031.27808,0.761772573,0.550727725,-0.0227353591,-0.340418488
650,0,54b24045-e039-40ee-9ba6-824dbdc42f9e,StartingBlock,65.0083008,5495.87988,1,43,43,53,7,0,0,265.260651,-1337.57959,1026.1488,0.761797249,0.550705016,-0.0227218214,-0.340400785
651,0,54b24045-e039-40ee-9ba6-824dbdc42f9e,StartingBlock,65.1083984,5495.97998,1,43,43,53,7,0,0,261.86142,-1339.03455,1020.97913,0.761752725,0.55075258,-0.0227471609,-0.340421826
652,0,54b24045-e039-40ee-9ba6-824dbdc42f9e,StartingBlock,65.2084961,5496.08008,1,43,43,53,7,0,0,258.451843,-1340.46021,1015.7691,0.761762619,0.550743639,-0.0227357578,-0.340415001
653,0,54b24045-e039-40ee-9ba6-824dbdc42f9e,StartingBlock,65.3081055,5496.17969,1,43,43,53,7,0,0,255.02597,-1341.86841,1010.52423,0.763725281,0.548142374,-0.0213347487,-0.340306401
654,0,54b24045-e039-40ee-9ba6-824dbdc42f9e,StartingBlock,65.4082031,5496.27979,1,43,43,53,7,0,0,251.546143,-1343.3385,1005.28552,0.780025542,0.525133312,-0.0100807585,-0.34013769
655,0,54b24045-e039-40ee-9ba6-824dbdc42f9e,StartingBlock,65.5083008,5496.37988,1,43,43,53,7,0,0,248.044968,-1344.81201,1000.03351,0.799982905,0.49465844,0.00417410349,-0.339592516
656,0,54b24045-e039-40ee-9ba6-824dbdc42f9e,StartingBlock,65.6083984,5496.47998,1,43,43,53,7,0,0,244.540237,-1346.25146,994.749451,0.817500234,0.465523839,0.0175887346,-0.338632017
657,0,54b24045-e039-40ee-9ba6-824dbdc42f9e,StartingBlock,65.7084961,5496.58008,1,43,43,53,7,0,0,241.035934,-1347.64282,989.420532,0.831087351,0.441173583,0.0287250038,-0.33739388
658,0,54b24045-e039-40ee-9ba6-824dbdc42f9e,StartingBlock,65.8081055,5496.67969,1,43,43,53,7,0,0,237.538727,-1348.95801,984.018677,0.837159216,0.429794639,0.0344290957,-0.336534709
659,0,54b24045-e039-40ee-9ba6-824dbdc42f9e,StartingBlock,65.9082031,5496.77979,1,43,43,53,7,0,0,234.045029,-1350.19922,978.540527,0.836999416,0.430314243,0.0352150463,-0.336186796
660,0,54b24045-e039-40ee-9ba6-824dbdc42f9e,StartingBlock,66.0083008,5496.87988,1,43,43,53,7,0,0,230.541077,-1351.40918,973.021301,0.836995065,0.430540234,0.036076162,-0.33581686
661,0,54b24045-e039-40ee-9ba6-824dbdc42f9e,StartingBlock,66.1083984,5496.97998,1,43,43,53,7,0,0,227.027161,-1352.58691,967.459778,0.836898625,0.430888951,0.0368848406,-0.335521936
662,0,54b24045-e039-40ee-9ba6-824dbdc42f9e,StartingBlock,66.2084961,5497.08008,1,43,43,53,7,0,0,223.503311,-1353.73169,961.856079,0.8368361,0.431189001,0.0376604088,-0.335206151
663,0,54b24045-e039-40ee-9ba6-824dbdc42f9e,StartingBlock,66.3081055,5497.17969,1,43,43,53,7,0,0,219.96962,-1354.84338,956.209778,0.836768448,0.431490958,0.0384046473,-0.334901899
664,0,54b24045-e039-40ee-9ba6-824dbdc42f9e,StartingBlock,66.4082031,5497.27979,1,43,43,53,7,0,0,216.426178,-1355.92114,950.520386,0.836694419,0.431809664,0.0390604585,-0.334600091
665,0,54b24045-e039-40ee-9ba6-824dbdc42f9e,StartingBlock,66.5083008,5497.37988,1,43,43,53,7,0,0,212.884216,-1356.92798,944.757935,0.831388235,0.441815138,0.0349874124,-0.335214704
666,0,54b24045-e039-40ee-9ba6-824dbdc42f9e,StartingBlock,66.6083984,5497.47998,1,43,43,53,7,0,0,209.385056,-1357.75281,938.848572,0.804898798,0.487968743,0.0150893144,-0.337337911
667,0,54b24045-e039-40ee-9ba6-824dbdc42f9e,StartingBlock,66.7084961,5497.58008,1,43,43,53,7,0,0,205.993576,-1358.31836,932.815186,0.741519988,0.578653157,-0.0266253799,-0.338525951
668,0,54b24045-e039-40ee-9ba6-824dbdc42f9e,StartingBlock,66.8081055,5497.67969,1,43,43,53,7,0,0,202.790283,-1358.61816,926.818115,0.625568628,0.701353967,-0.0878714025,-0.330219954
669,0,54b24045-e039-40ee-9ba6-824dbdc42f9e,StartingBlock,66.9082031,5497.77979,1,43,43,53,7,0,0,199.706894,-1358.87476,921.045593,0.475323647,0.810220897,-0.15055868,-0.308126181
670,0,54b24045-e039-40ee-9ba6-824dbdc42f9e,StartingBlock,67.0083008,5497.87988,1,43,43,53,7,0,0,196.631546,-1359.24866,915.497498,0.3090491,0.886920214,-0.206280351,-0.274426192
671,0,54b24045-e039-40ee-9ba6-824dbdc42f9e,StartingBlock,67.1083984,5497.97998,1,43,43,53,7,0,0,193.473038,-1359.80676,910.073608,0.141176254,0.928836703,-0.251524061,-0.23252371
672,0,54b24045-e039-40ee-9ba6-824dbdc42f9e,StartingBlock,67.2084961,5498.08008,1,43,43,53,7,0,0,190.173004,-1360.53613,904.637085,-0.0110444799,0.939875901,-0.284312576,-0.188885495
673,0,54b24045-e039-40ee-9ba6-824dbdc42f9e,StartingBlock,67.3081055,5498.17969,1,43,43,53,7,0,0,186.732529,-1361.35889,899.070129,-0.133633286,0.93092984,-0.304982513,-0.1499919
674,0,54b24045-e039-40ee-9ba6-824dbdc42f9e,StartingBlock,67.4082031,5498.27979,1,43,43,53,7,0,0,183.193802,-1362.17432,893.312744,-0.217988491,0.915393174,-0.315965354,-0.121253245
675,0,54b24045-e039-40ee-9ba6-824dbdc42f9e,StartingBlock,67.5083008,5498.37988,1,43,43,53,7,0,0,179.606567,-1362.89929,887.348511,-0.259132296,0.905108452,-0.319876134,-0.106341496
676,0,54b24045-e039-40ee-9ba6-824dbdc42f9e,StartingBlock,67.6083984,5498.47998,1,43,43,53,7,0,0,176.002075,-1363.50415,881.200745,-0.262371868,0.904626906,-0.319177032,-0.104581274
677,0,54b24045-e039-40ee-9ba6-824dbdc42f9e,StartingBlock,67.7084961,5498.58008,1,43,43,53,7,0,0,172.388397,-1364.0614,874.995483,-0.262423664,0.904999733,-0.318261296,-0.104015231
678,0,54b24045-e039-40ee-9ba6-824dbdc42f9e,StartingBlock,67.8081055,5498.67969,1,43,43,53,7,0,0,168.76564,-1364.57532,868.739136,-0.260899633,0.905828595,-0.317222357,-0.103807189
679,0,54b24045-e039-40ee-9ba6-824dbdc42f9e,StartingBlock,67.9082031,5498.77979,1,43,43,53,7,0,0,165.130692,-1364.99438,862.348206,-0.236136824,0.912963867,-0.313842475,-0.11063195
680,0,54b24045-e039-40ee-9ba6-824dbdc42f9e,StartingBlock,68.0083008,5498.87988,1,43,43,53,7,0,0,161.474854,-1365.33228,855.822815,-0.191052824,0.923866212,-0.307669073,-0.12373279
681,0,54b24045-e039-40ee-9ba6-824dbdc42f9e,StartingBlock,68.1083984,5498.97998,1,43,43,53,7,0,0,157.797363,-1365.63733,849.233582,-0.145238176,0.932673037,-0.300615311,-0.136591956
682,0,54b24045-e039-40ee-9ba6-824dbdc42f9e,StartingBlock,68.2084961,5499.08008,1,43,43,53,7,0,0,154.103043,-1365.91772,842.605103,-0.104608186,0.93865478,-0.29369539,-0.147402495
683,0,54b24045-e039-40ee-9ba6-824dbdc42f9e,StartingBlock,68.3081055,5499.17969,1,43,43,53,7,0,0,150.401855,-1366.17627,835.965637,-0.0755000412,0.942047834,-0.288119584,-0.15437898
684,0,54b24045-e039-40ee-9ba6-824dbdc42f9e,StartingBlock,68.4082031,5499.27979,1,43,43,53,7,0,0,146.689514,-1366.39856,829.282532,-0.0486638658,0.9445436,-0.282726437,-0.159796685
685,0,54b24045-e039-40ee-9ba6-824dbdc42f9e,StartingBlock,68.5083008,5499.37988,1,43,43,53,7,0,0,142.937103,-1366.5708,822.463989,-0.00197069906,0.946565509,-0.273501366,-0.170900315
686,0,54b24045-e039-40ee-9ba6-824dbdc42f9e,StartingBlock,68.6083984,5499.47998,1,43,43,53,7,0,0,139.160294,-1366.71387,815.580872,0.0463110693,0.946231842,-0.263230056,-0.182237983
687,0,54b24045-e039-40ee-9ba6-824dbdc42f9e,StartingBlock,68.7084961,5499.58008,1,43,43,53,7,0,0,135.370102,-1366.82837,808.662048,0.0893617719,0.943989038,-0.253214121,-0.191785544
688,0,54b24045-e039-40ee-9ba6-824dbdc42f9e,StartingBlock,68.8081055,5499.67969,1,43,43,53,7,0,0,131.578461,-1366.90662,801.726074,0.122722201,0.941094816,-0.244676635,-0.198527575
689,0,54b24045-e039-40ee-9ba6-824dbdc42f9e,StartingBlock,68.9082031,5499.77979,1,43,43,53,7,0,0,127.807549,-1366.93481,794.807861,0.137471825,0.93990916,-0.239768043,-0.200458497
690,0,54b24045-e039-40ee-9ba6-824dbdc42f9e,StartingBlock,69.0083008,5499.87988,1,43,43,53,7,0,0,124.057449,-1366.90601,787.898376,0.136727825,0.940822423,-0.238172427,-0.198576242
691,0,54b24045-e039-40ee-9ba6-824dbdc42f9e,StartingBlock,69.1083984,5499.97998,1,43,43,53,7,0,0,120.299774,-1366.82935,780.938782,0.136443242,0.941616237,-0.236571968,-0.19691585
692,0,54b24045-e039-40ee-9ba6-824dbdc42f9e,StartingBlock,69.2084961,5500.08008,1,43,43,53,7,0,0,116.534592,-1366.70398,773.929871,0.136264503,0.942343116,-0.235113874,-0.195302337
693,0,54b24045-e039-40ee-9ba6-824dbdc42f9e,StartingBlock,69.3081055,5500.17969,1,43,43,53,7,0,0,112.762085,-1366.52966,766.871643,0.136005938,0.94306469,-0.233665213,-0.193731964
694,0,54b24045-e039-40ee-9ba6-824dbdc42f9e,StartingBlock,69.4082031,5500.27979,1,43,43,53,7,0,0,108.982666,-1366.30554,759.764099,0.135735691,0.943752348,-0.232303739,-0.192203894
695,0,54b24045-e039-40ee-9ba6-824dbdc42f9e,StartingBlock,69.5083008,5500.37988,1,43,43,53,7,0,0,105.196632,-1366.03064,752.607422,0.135496452,0.944404662,-0.231013164,-0.190718561
696,0,54b24045-e039-40ee-9ba6-824dbdc42f9e,StartingBlock,69.6083984,5500.47998,1,43,43,53,7,0,0,101.404472,-1365.70435,745.401855,0.135267302,0.945015192,-0.22983712,-0.189272612
697,0,54b24045-e039-40ee-9ba6-824dbdc42f9e,StartingBlock,69.7084961,5500.58008,1,43,43,53,7,0,0,97.6041107,-1365.32678,738.142334,0.13635093,0.945453107,-0.22844331,-0.187991142
698,0,54b24045-e039-40ee-9ba6-824dbdc42f9e,StartingBlock,69.8081055,5500.67969,1,43,43,53,7,0,0,93.7663422,-1364.91089,730.766296,0.155036315,0.943327069,-0.223513618,-0.190104231
699,0,54b24045-e039-40ee-9ba6-824dbdc42f9e,StartingBlock,69.9082031,5500.77979,1,43,43,53,7,0,0,89.9095612,-1364.45105,723.316956,0.179196447,0.939775765,-0.217332423,-0.193589285
700,0,54b24045-e039-40ee-9ba6-824dbdc42f9e,StartingBlock,70.0083008,5500.87988,1,43,43,53,7,0,0,86.0492096,-1363.93933,715.825745,0.200504676,0.936195135,-0.211604327,-0.196367785
701,0,54b24045-e039-40ee-9ba6-824dbdc42f9e,StartingBlock,70.1083984,5500.97998,1,43,43,53,7,0,0,82.1934662,-1363.36853,708.305786,0.215551972,0.933567762,-0.207075953,-0.19775784
702,0,54b24045-e039-40ee-9ba6-824dbdc42f9e,StartingBlock,70.2084961,5501.08008,1,43,43,53,7,0,0,78.357338,-1362.72607,700.781494,0.217746243,0.933756948,-0.205198899,-0.196412995
703,0,54b24045-e039-40ee-9ba6-824dbdc42f9e,StartingBlock,70.3081055,5501.17969,1,43,43,53,7,0,0,74.5218887,-1362.02393,693.216553,0.217910305,0.934375286,-0.203855067,-0.194681674
704,0,54b24045-e039-40ee-9ba6-824dbdc42f9e,StartingBlock,70.4082031,5501.27979,1,43,43,53,7,0,0,70.6742706,-1361.28882,685.618652,0.218087316,0.934948564,-0.202631772,-0.193001255
705,0,54b24045-e039-40ee-9ba6-824dbdc42f9e,StartingBlock,70.5083008,5501.37988,1,43,43,53,7,0,0,66.7465439,-1360.70947,678.101196,0.2179396,0.935606599,-0.201288685,-0.191377953
706,0,54b24045-e039-40ee-9ba6-824dbdc42f9e,StartingBlock,70.6083984,5501.47998,1,43,43,53,7,0,0,62.7258911,-1360.32239,670.686218,0.217605829,0.936296225,-0.199921682,-0.189811841
707,0,54b24045-e039-40ee-9ba6-824dbdc42f9e,StartingBlock,70.7084961,5501.58008,1,43,43,53,7,0,0,58.6143417,-1360.12622,663.374023,0.217061341,0.937020361,-0.198441327,-0.188409895
708,0,54b24045-e039-40ee-9ba6-824dbdc42f9e,StartingBlock,70.8081055,5501.67969,1,43,43,53,7,0,0,54.4141464,-1360.11975,656.160095,0.216201246,0.937833607,-0.196917742,-0.186945707
709,0,54b24045-e039-40ee-9ba6-824dbdc42f9e,StartingBlock,70.9082031,5501.77979,1,43,43,53,7,0,0,50.1250534,-1360.30371,649.047424,0.215057611,0.938698769,-0.195361167,-0.185550436
710,0,54b24045-e039-40ee-9ba6-824dbdc42f9e,StartingBlock,71.0083008,5501.87988,1,43,43,53,7,0,0,45.748127,-1360.67773,642.034607,0.213687837,0.939608335,-0.19375433,-0.184209272
711,0,54b24045-e039-40ee-9ba6-824dbdc42f9e,StartingBlock,71.1083984,5501.97998,1,43,43,53,7,0,0,41.2844658,-1361.24158,635.121155,0.212014511,0.940582693,-0.192094639,-0.182903618
712,0,54b24045-e039-40ee-9ba6-824dbdc42f9e,StartingBlock,71.2084961,5502.08008,1,43,43,53,7,0,0,36.7352943,-1361.995,628.305847,0.210123867,0.941585481,-0.190454364,-0.181637004
713,0,54b24045-e039-40ee-9ba6-824dbdc42f9e,StartingBlock,71.3081055,5502.17969,1,43,43,53,7,0,0,32.1016006,-1362.93787,621.587891,0.207878798,0.942663729,-0.188740999,-0.18041189
714,0,54b24045-e039-40ee-9ba6-824dbdc42f9e,StartingBlock,71.4082031,5502.27979,1,43,43,53,7,0,0,27.3844891,-1364.07056,614.966064,0.205458939,0.943766415,-0.187001437,-0.179226369
715,0,54b24045-e039-40ee-9ba6-824dbdc42f9e,StartingBlock,71.5083008,5502.37988,1,43,43,53,7,0,0,22.5850983,-1365.3927,608.438782,0.202833176,0.944896698,-0.185232446,-0.178094983
716,0,54b24045-e039-40ee-9ba6-824dbdc42f9e,StartingBlock,71.6083984,5502.47998,1,43,43,53,7,0,0,17.7042866,-1366.90491,602.004089,0.20009163,0.946039319,-0.183409736,-0.177013889
717,0,54b24045-e039-40ee-9ba6-824dbdc42f9e,StartingBlock,71.7084961,5502.58008,1,43,43,53,7,0,0,12.7431879,-1368.6073,595.660461,0.197388723,0.947147727,-0.181563109,-0.176022142
718,0,54b24045-e039-40ee-9ba6-824dbdc42f9e,StartingBlock,71.8081055,5502.67969,1,43,43,53,7,0,0,7.70331669,-1370.4989,589.405701,0.194604263,0.948269606,-0.179611698,-0.175082088
719,0,54b24045-e039-40ee-9ba6-824dbdc42f9e,StartingBlock,71.9082031,5502.77979,1,43,43,53,7,0,0,2.58700585,-1372.5769,583.236938,0.191858381,0.949356198,-0.177666098,-0.17420648
720,0,54b24045-e039-40ee-9ba6-824dbdc42f9e,StartingBlock,72.0083008,5502.87988,1,43,43,53,7,0,0,-2.6031487,-1374.83752,577.150574,0.189022079,0.950443625,-0.175675362,-0.173394695
721,0,54b24045-e039-40ee-9ba6-824dbdc42f9e,StartingBlock,72.1083984,5502.97998,1,43,43,53,7,0,0,-7.86411619,-1377.27539,571.142517,0.18621707,0.951501787,-0.173674658,-0.172640547
722,0,54b24045-e039-40ee-9ba6-824dbdc42f9e,StartingBlock,72.2084961,5503.08008,1,43,43,53,7,0,0,-13.1924896,-1379.88403,565.20813,0.183399275,0.952537358,-0.171690375,-0.171929374
723,0,54b24045-e039-40ee-9ba6-824dbdc42f9e,StartingBlock,72.3081055,5503.17969,1,43,43,53,7,0,0,-18.5846672,-1382.65625,559.342712,0.180610538,0.953537226,-0.169748351,-0.171266243
724,0,54b24045-e039-40ee-9ba6-824dbdc42f9e,StartingBlock,72.4082031,5503.27979,1,43,43,53,7,0,0,-24.0369396,-1385.58423,553.54126,0.177790284,0.954524279,-0.167788237,-0.170649245
725,0,54b24045-e039-40ee-9ba6-824dbdc42f9e,StartingBlock,72.5083008,5503.37988,1,43,43,53,7,0,0,-29.5453186,-1388.65918,547.798401,0.174906254,0.955497444,-0.165858731,-0.17006889
726,0,54b24045-e039-40ee-9ba6-824dbdc42f9e,StartingBlock,72.6083984,5503.47998,1,43,43,53,7,0,0,-35.1058502,-1391.87195,542.10907,0.172063753,0.956432581,-0.163995445,-0.169517621
727,0,54b24045-e039-40ee-9ba6-824dbdc42f9e,StartingBlock,72.7084961,5503.58008,1,43,43,53,7,0,0,-40.714592,-1395.21313,536.467896,0.169279724,0.957322001,-0.162224531,-0.169003487
728,0,54b24045-e039-40ee-9ba6-824dbdc42f9e,StartingBlock,72.8081055,5503.67969,1,43,43,53,7,0,0,-46.3676643,-1398.67334,530.869995,0.166457936,0.958197057,-0.160480529,-0.168512151
729,0,54b24045-e039-40ee-9ba6-824dbdc42f9e,StartingBlock,72.9082031,5503.77979,1,43,43,53,7,0,0,-52.0611954,-1402.24316,525.310364,0.163667515,0.959033251,-0.158831745,-0.168049723
730,0,54b24045-e039-40ee-9ba6-824dbdc42f9e,StartingBlock,73.0083008,5503.87988,1,43,43,53,7,0,0,-57.7915115,-1405.91284,519.784363,0.160831317,0.959852517,-0.157233521,-0.167612776
731,0,54b24045-e039-40ee-9ba6-824dbdc42f9e,StartingBlock,73.1083984,5503.97998,1,43,43,53,7,0,0,-63.5549965,-1409.67322,514.287354,0.158037543,0.960627735,-0.155780986,-0.167185098
732,0,54b24045-e039-40ee-9ba6-824dbdc42f9e,StartingBlock,73.2084961,5504.08008,1,43,43,53,7,0,0,-69.3484116,-1413.5155,508.815308,0.155230284,0.96138227,-0.154373214,-0.166783243
733,0,54b24045-e039-40ee-9ba6-824dbdc42f9e,StartingBlock,73.3081055,5504.17969,1,43,43,53,7,0,0,-75.1684723,-1417.43091,503.364197,0.152487397,0.962090671,-0.1531028,-0.166398853
734,0,54b24045-e039-40ee-9ba6-824dbdc42f9e,StartingBlock,73.4082031,5504.27979,1,43,43,53,7,0,0,-81.0122147,-1421.4115,497.930511,0.149698094,0.962786138,-0.151878059,-0.166031867
735,0,54b24045-e039-40ee-9ba6-824dbdc42f9e,StartingBlock,73.5083008,5504.37988,1,43,43,53,7,0,0,-86.8767395,-1425.44897,492.510773,0.146994933,0.963433504,-0.150800288,-0.165673673
736,0,54b24045-e039-40ee-9ba6-824dbdc42f9e,StartingBlock,73.6083984,5504.47998,1,43,43,53,7,0,0,-92.7594604,-1429.5365,487.10202,0.144277945,0.964056849,-0.14981477,-0.165329486
737,0,54b24045-e039-40ee-9ba6-824dbdc42f9e,StartingBlock,73.7084961,5504.58008,1,43,43,53,7,0,0,-98.657959,-1433.66711,481.701508,0.14152053,0.964667559,-0.148882359,-0.164992541
738,0,54b24045-e039-40ee-9ba6-824dbdc42f9e,StartingBlock,73.8081055,5504.67969,1,43,43,53,7,0,0,-104.569901,-1437.83386,476.30661,0.13884671,0.965233982,-0.148088589,-0.164665803
739,0,54b24045-e039-40ee-9ba6-824dbdc42f9e,StartingBlock,73.9082031,5504.77979,1,43,43,53,7,0,0,-110.493217,-1442.03113,470.915131,0.136166379,0.965781569,-0.147358209,-0.164348304
740,0,54b24045-e039-40ee-9ba6-824dbdc42f9e,StartingBlock,74.0083008,5504.87988,1,43,43,53,7,0,0,-116.425941,-1446.25378,465.525055,0.133474514,0.966309249,-0.146706492,-0.164037406
741,0,54b24045-e039-40ee-9ba6-824dbdc42f9e,StartingBlock,74.1083984,5504.97998,1,43,43,53,7,0,0,-122.366287,-1450.49597,460.134521,0.130813688,0.966810167,-0.146144763,-0.163730308
742,0,54b24045-e039-40ee-9ba6-824dbdc42f9e,StartingBlock,74.2084961,5505.08008,1,43,43,53,7,0,0,-128.312576,-1454.75366,454.741974,0.128184095,0.967288554,-0.145661786,-0.163414523
743,0,54b24045-e039-40ee-9ba6-824dbdc42f9e,StartingBlock,74.3081055,5505.17969,1,43,43,53,7,0,0,-134.263336,-1459.02209,449.346008,0.125519797,0.967762828,-0.145217419,-0.163069725
744,0,54b24045-e039-40ee-9ba6-824dbdc42f9e,StartingBlock,74.4082031,5505.27979,1,43,43,53,7,0,0,-140.217102,-1463.29736,443.94519,0.122902416,0.968206167,-0.144894794,-0.162718713
745,0,54b24045-e039-40ee-9ba6-824dbdc42f9e,StartingBlock,74.5083008,5505.37988,1,43,43,53,7,0,0,-146.172607,-1467.57593,438.538605,0.120332651,0.968625247,-0.144629225,-0.162381411
746,0,54b24045-e039-40ee-9ba6-824dbdc42f9e,StartingBlock,74.6083984,5505.47998,1,43,43,53,7,0,0,-152.128784,-1471.85486,433.125153,0.117752105,0.969035745,-0.144390211,-0.162035808
747,0,54b24045-e039-40ee-9ba6-824dbdc42f9e,StartingBlock,74.7084961,5505.58008,1,43,43,53,7,0,0,-158.084427,-1476.13062,427.704041,0.115187757,0.969427586,-0.144210681,-0.161694735
748,0,54b24045-e039-40ee-9ba6-824dbdc42f9e,StartingBlock,74.8081055,5505.67969,1,43,43,53,7,0,0,-164.03862,-1480.401,422.274567,0.112635098,0.969805062,-0.144092962,-0.161333978
749,0,54b24045-e039-40ee-9ba6-824dbdc42f9e,StartingBlock,74.9082031,5505.77979,1,43,43,53,7,0,0,-169.990433,-1484.66321,416.835999,0.110173665,0.970157921,-0.144034773,-0.16096437
750,0,54b24045-e039-40ee-9ba6-824dbdc42f9e,StartingBlock,75.0083008,5505.87988,1,43,43,53,7,0,0,-175.939072,-1488.91553,411.38797,0.107689708,0.970503449,-0.144014046,-0.160580143
751,0,54b24045-e039-40ee-9ba6-824dbdc42f9e,StartingBlock,75.1083984,5505.97998,1,43,43,53,7,0,0,-181.883774,-1493.15564,405.929901,0.105250873,0.97083199,-0.14402315,-0.160202578
752,0,54b24045-e039-40ee-9ba6-824dbdc42f9e,StartingBlock,75.2084961,5506.08008,1,43,43,53,7,0,0,-187.814117,-1497.34607,400.452057,0.102789648,0.971146166,-0.14410083,-0.159826055
753,0,54b24045-e039-40ee-9ba6-824dbdc42f9e,StartingBlock,75.3081055,5506.17969,1,43,43,53,7,0,0,-193.721954,-1501.45654,394.94696,0.100298673,0.971452296,-0.144266278,-0.159398675
754,0,54b24045-e039-40ee-9ba6-824dbdc42f9e,StartingBlock,75.4082031,5506.27979,1,43,43,53,7,0,0,-199.607117,-1505.48767,389.415131,0.097818397,0.971741557,-0.144483045,-0.158979908
755,0,54b24045-e039-40ee-9ba6-824dbdc42f9e,StartingBlock,75.5083008,5506.37988,1,43,43,53,7,0,0,-205.4729,-1509.45251,383.860199,0.0953002647,0.972017527,-0.144797206,-0.158536121
756,0,54b24045-e039-40ee-9ba6-824dbdc42f9e,StartingBlock,75.6083984,5506.47998,1,43,43,53,7,0,0,-211.336197,-1513.41296,378.297394,0.0928615481,0.972274542,-0.145113096,-0.158117831
757,0,54b24045-e039-40ee-9ba6-824dbdc42f9e,StartingBlock,75.7084961,5506.58008,1,43,43,53,7,0,0,-217.198059,-1517.3739,372.728058,0.090452306,0.972526848,-0.145398363,-0.157699779
758,0,54b24045-e039-40ee-9ba6-824dbdc42f9e,StartingBlock,75.8081055,5506.67969,1,43,43,53,7,0,0,-223.057083,-1521.33203,367.15152,0.0881016478,0.97276473,-0.14568229,-0.157300979
759,0,54b24045-e039-40ee-9ba6-824dbdc42f9e,StartingBlock,75.9082031,5506.77979,1,43,43,53,7,0,0,-228.912598,-1525.28455,361.567261,0.0858644992,0.972985506,-0.145942643,-0.156930804
760,0,54b24045-e039-40ee-9ba6-824dbdc42f9e,StartingBlock,76.0083008,5506.87988,1,43,43,53,7,0,0,-234.763901,-1529.22974,355.974792,0.0836470798,0.973198175,-0.146210045,-0.156560063
761,0,54b24045-e039-40ee-9ba6-824dbdc42f9e,StartingBlock,76.1083984,5506.97998,1,43,43,53,7,0,0,-240.605194,-1533.14685,350.369751,0.0815005749,0.973402143,-0.146445915,-0.156203777
762,0,54b24045-e039-40ee-9ba6-824dbdc42f9e,StartingBlock,76.2084961,5507.08008,1,43,43,53,7,0,0,-246.423401,-1536.99023,344.742584,0.0793412477,0.973589957,-0.146775782,-0.155834794
763,0,54b24045-e039-40ee-9ba6-824dbdc42f9e,StartingBlock,76.3081055,5507.17969,1,43,43,53,7,0,0,-252.218109,-1540.7583,339.093384,0.0771638528,0.9737764,-0.147089228,-0.155467093
764,0,54b24045-e039-40ee-9ba6-824dbdc42f9e,StartingBlock,76.4082031,5507.27979,1,43,43,53,7,0,0,-257.989166,-1544.45154,333.422638,0.0749945343,0.973947823,-0.147461519,-0.155101866
765,0,54b24045-e039-40ee-9ba6-824dbdc42f9e,StartingBlock,76.5083008,5507.37988,1,43,43,53,7,0,0,-263.736633,-1548.07043,327.730743,0.0728149265,0.974126697,-0.147765607,-0.154727429
766,0,54b24045-e039-40ee-9ba6-824dbdc42f9e,StartingBlock,76.6083984,5507.47998,1,43,43,53,7,0,0,-269.460358,-1551.6156,322.01825,0.0706560761,0.974294364,-0.148130149,-0.154323399
767,0,54b24045-e039-40ee-9ba6-824dbdc42f9e,StartingBlock,76.7084961,5507.58008,1,43,43,53,7,0,0,-275.1604,-1555.08728,316.285492,0.068529956,0.974459767,-0.148458928,-0.153921753
768,0,54b24045-e039-40ee-9ba6-824dbdc42f9e,StartingBlock,76.8081055,5507.67969,1,43,43,53,7,0,0,-280.836761,-1558.48621,310.53299,0.0663876534,0.974619389,-0.148789257,-0.153530225
769,0,54b24045-e039-40ee-9ba6-824dbdc42f9e,StartingBlock,76.9082031,5507.77979,1,43,43,53,7,0,0,-286.489227,-1561.81274,304.761108,0.0642621219,0.974773467,-0.149106994,-0.153147951
770,0,54b24045-e039-40ee-9ba6-824dbdc42f9e,StartingBlock,77.0083008,5507.87988,1,43,43,53,7,0,0,-292.11792,-1565.0675,298.970276,0.0622029342,0.974926114,-0.149367943,-0.15277122
771,0,54b24045-e039-40ee-9ba6-824dbdc42f9e,StartingBlock,77.1083984,5507.97998,1,43,43,53,7,0,0,-297.722626,-1568.25073,293.160919,0.0601653755,0.975064039,-0.149695307,-0.152386546
772,0,54b24045-e039-40ee-9ba6-824dbdc42f9e,StartingBlock,77.2084961,5508.08008,1,43,43,53,7,0,0,-303.303345,-1571.36316,287.333374,0.0581570156,0.975194514,-0.150024459,-0.152006939
773,0,54b24045-e039-40ee-9ba6-824dbdc42f9e,StartingBlock,77.3081055,5508.17969,1,43,43,53,7,0,0,-308.860107,-1574.40527,281.488098,0.0561939813,0.975329816,-0.150268435,-0.151636079
774,0,54b24045-e039-40ee-9ba6-824dbdc42f9e,StartingBlock,77.4082031,5508.27979,1,43,43,53,7,0,0,-314.392761,-1577.3772,275.625519,0.0543094389,0.975444496,-0.150579423,-0.15127638
775,0,54b24045-e039-40ee-9ba6-824dbdc42f9e,StartingBlock,77.5083008,5508.37988,1,43,43,53,7,0,0,-319.90152,-1580.27966,269.745911,0.0524436422,0.975565016,-0.150834188,-0.150903091
776,0,54b24045-e039-40ee-9ba6-824dbdc42f9e,StartingBlock,77.6083984,5508.47998,1,43,43,53,7,0,0,-325.386169,-1583.11292,263.849731,0.0506103337,0.975677431,-0.151093155,-0.150542796
777,0,54b24045-e039-40ee-9ba6-824dbdc42f9e,StartingBlock,77.7084961,5508.58008,1,43,43,53,7,0,0,-330.846649,-1585.87756,257.937317,0.0488670021,0.975786388,-0.151311204,-0.150192812
778,0,54b24045-e039-40ee-9ba6-824dbdc42f9e,StartingBlock,77.8081055,5508.67969,1,43,43,53,7,0,0,-336.28299,-1588.57422,252.009003,0.0471650288,0.97588259,-0.15156725,-0.149853468
779,0,54b24045-e039-40ee-9ba6-824dbdc42f9e,StartingBlock,77.9082031,5508.77979,1,43,43,53,7,0,0,-341.695587,-1591.203,246.064789,0.0454970002,0.975981116,-0.151814193,-0.14947696
780,0,54b24045-e039-40ee-9ba6-824dbdc42f9e,StartingBlock,78.0083008,5508.87988,1,43,43,53,7,0,0,-347.084076,-1593.76453,240.105408,0.0438757092,0.976073027,-0.152053684,-0.149117529
781,0,54b24045-e039-40ee-9ba6-824dbdc42f9e,StartingBlock,78.1083984,5508.97998,1,43,43,53,7,0,0,-352.448364,-1596.2594,234.131226,0.0423042662,0.976172447,-0.152198687,-0.148773029
782,0,54b24045-e039-40ee-9ba6-824dbdc42f9e,StartingBlock,78.2084961,5509.08008,1,43,43,53,7,0,0,-357.78833,-1598.68738,228.142487,0.0408341214,0.976251543,-0.152412623,-0.148445249
783,0,54b24045-e039-40ee-9ba6-824dbdc42f9e,StartingBlock,78.3081055,5509.17969,1,43,43,53,7,0,0,-363.104065,-1601.04944,222.139603,0.0394173451,0.976330221,-0.152592927,-0.148125008
784,0,54b24045-e039-40ee-9ba6-824dbdc42f9e,StartingBlock,78.4082031,5509.27979,1,43,43,53,7,0,0,-368.395935,-1603.3457,216.122803,0.0380705744,0.976395547,-0.152796462,-0.147836342
785,0,54b24045-e039-40ee-9ba6-824dbdc42f9e,StartingBlock,78.5083008,5509.37988,1,43,43,53,7,0,0,-373.663544,-1605.57678,210.092514,0.036791902,0.976459801,-0.152960569,-0.147566035
786,0,54b24045-e039-40ee-9ba6-824dbdc42f9e,StartingBlock,78.6083984,5509.47998,1,43,43,53,7,0,0,-378.90683,-1607.74292,204.04895,0.0355782248,0.976515651,-0.153149217,-0.147298217
787,0,54b24045-e039-40ee-9ba6-824dbdc42f9e,StartingBlock,78.7084961,5509.58008,1,43,43,53,7,0,0,-384.125763,-1609.8446,197.992554,0.0344264917,0.9765746,-0.153275684,-0.147049457
788,0,54b24045-e039-40ee-9ba6-824dbdc42f9e,StartingBlock,78.8081055,5509.67969,1,43,43,53,7,0,0,-389.320282,-1611.88196,191.923553,0.0333656855,0.97662431,-0.153420553,-0.146812275
789,0,54b24045-e039-40ee-9ba6-824dbdc42f9e,StartingBlock,78.9082031,5509.77979,1,43,43,53,7,0,0,-394.490204,-1613.85547,185.842377,0.0323700644,0.976667762,-0.1535822,-0.146577403
790,0,54b24045-e039-40ee-9ba6-824dbdc42f9e,StartingBlock,79.0083008,5509.87988,1,43,43,53,7,0,0,-399.635498,-1615.7655,179.749649,0.0314101018,0.976719499,-0.153663576,-0.146356046
791,0,54b24045-e039-40ee-9ba6-824dbdc42f9e,StartingBlock,79.1083984,5509.97998,1,43,43,53,7,0,0,-404.75592,-1617.6123,173.64566,0.0305547584,0.97675401,-0.153821155,-0.146140814
792,0,54b24045-e039-40ee-9ba6-824dbdc42f9e,StartingBlock,79.2084961,5510.08008,1,43,43,53,7,0,0,-409.851318,-1619.39612,167.530991,0.0297324955,0.976798058,-0.153900251,-0.145932719
793,0,54b24045-e039-40ee-9ba6-824dbdc42f9e,StartingBlock,79.3081055,5510.17969,1,43,43,53,7,0,0,-414.9216,-1621.11743,161.406052,0.0289691743,0.976832211,-0.154014856,-0.145736292
794,0,54b24045-e039-40ee-9ba6-824dbdc42f9e,StartingBlock,79.4082031,5510.27979,1,43,43,53,7,0,0,-419.966583,-1622.77661,155.271255,0.0282375626,0.976869166,-0.154103324,-0.145538747
795,0,54b24045-e039-40ee-9ba6-824dbdc42f9e,StartingBlock,79.5083008,5510.37988,1,43,43,53,7,0,0,-424.986176,-1624.37402,149.12706,0.0275516696,0.976904035,-0.154183552,-0.145351276
796,0,54b24045-e039-40ee-9ba6-824dbdc42f9e,StartingBlock,79.6083984,5510.47998,1,43,43,53,7,0,0,-429.980225,-1625.90967,142.973892,0.0269423053,0.97693336,-0.154275864,-0.14516972
797,0,54b24045-e039-40ee-9ba6-824dbdc42f9e,StartingBlock,79.7084961,5510.58008,1,43,43,53,7,0,0,-434.948578,-1627.38403,136.81221,0.0263321437,0.976964653,-0.154351681,-0.144990891
798,0,54b24045-e039-40ee-9ba6-824dbdc42f9e,StartingBlock,79.8081055,5510.67969,1,43,43,53,7,0,0,-439.891113,-1628.79736,130.642365,0.0257883593,0.97699064,-0.154435188,-0.144824475
799,0,54b24045-e039-40ee-9ba6-824dbdc42f9e,StartingBlock,79.9082031,5510.77979,1,43,43,53,7,0,0,-444.807831,-1630.15015,124.464859,0.0252711419,0.977018178,-0.154497117,-0.144664004
800,0,54b24045-e039-40ee-9ba6-824dbdc42f9e,StartingBlock,80.0083008,5510.87988,1,43,43,53,7,0,0,-449.698517,-1631.44263,118.280052,0.0247796346,0.977044225,-0.154556751,-0.144509152
801,0,54b24045-e039-40ee-9ba6-824dbdc42f9e,StartingBlock,80.1083984,5510.97998,1,43,43,53,7,0,0,-454.563049,-1632.67517,112.088379,0.0243247151,0.977071166,-0.154595077,-0.144362792
802,0,54b24045-e039-40ee-9ba6-824dbdc42f9e,StartingBlock,80.2084961,5511.08008,1,43,43,53,7,0,0,-459.401337,-1633.84802,105.890213,0.0238806326,0.977098405,-0.154627472,-0.144217998
803,0,54b24045-e039-40ee-9ba6-824dbdc42f9e,StartingBlock,80.3081055,5511.17969,1,43,43,53,7,0,0,-464.213226,-1634.96143,99.6859589,0.0234730523,0.97712028,-0.154683992,-0.144076258
804,0,54b24045-e039-40ee-9ba6-824dbdc42f9e,StartingBlock,80.4082031,5511.27979,1,43,43,53,7,0,0,-469.00238,-1636.01575,93.4634171,0.0263669547,0.977108479,-0.154250607,-0.144120187
805,0,54b24045-e039-40ee-9ba6-824dbdc42f9e,StartingBlock,80.5083008,5511.37988,1,43,43,53,7,0,0,-473.804779,-1637.01624,87.1068649,0.0616988502,0.975749254,-0.148953333,-0.148052692
806,0,54b24045-e039-40ee-9ba6-824dbdc42f9e,StartingBlock,80.6083984,5511.47998,1,43,43,53,7,0,0,-478.625397,-1637.98853,80.6260834,0.125779584,0.969932795,-0.13886185,-0.155329704
807,0,54b24045-e039-40ee-9ba6-824dbdc42f9e,StartingBlock,80.7084961,5511.58008,1,43,43,53,7,0,0,-483.432678,-1638.93909,74.1336899,0.189979449,0.95984292,-0.127937183,-0.16199252
808,0,54b24045-e039-40ee-9ba6-824dbdc42f9e,StartingBlock,80.8081055,5511.67969,1,43,43,53,7,0,0,-488.214508,-1639.85706,67.6592331,0.247089237,0.94720155,-0.117558524,-0.167141616
809,0,54b24045-e039-40ee-9ba6-824dbdc42f9e,StartingBlock,80.9082031,5511.77979,1,43,43,53,7,0,0,-492.958618,-1640.72205,61.2226524,0.291396469,0.934992433,-0.108833104,-0.170389831
810,0,54b24045-e039-40ee-9ba6-824dbdc42f9e,StartingBlock,81.0083008,5511.87988,1,43,43,53,7,0,0,-497.646271,-1641.4989,54.8508797,0.314139754,0.928057194,-0.103752911,-0.171059892
811,0,54b24045-e039-40ee-9ba6-824dbdc42f9e,StartingBlock,81.1083984,5511.97998,1,43,43,53,7,0,0,-502.273071,-1642.17249,48.5437546,0.315251976,0.928105831,-0.10265211,-0.169405609
812,0,54b24045-e039-40ee-9ba6-824dbdc42f9e,StartingBlock,81.2084961,5512.08008,1,43,43,53,7,0,0,-506.86496,-1642.77869,42.2486382,0.311756492,0.929600716,-0.102539524,-0.167738095
813,0,54b24045-e039-40ee-9ba6-824dbdc42f9e,StartingBlock,81.3081055,5512.17969,1,43,43,53,7,0,0,-511.380463,-1643.26038,36.0526962,0.27821368,0.94018352,-0.108107835,-0.164209515
814,0,54b24045-e039-40ee-9ba6-824dbdc42f9e,StartingBlock,81.4082031,5512.27979,1,43,43,53,7,0,0,-515.78595,-1643.60303,30.0648613,0.189306557,0.961891472,-0.122570127,-0.154610485
815,0,54b24045-e039-40ee-9ba6-824dbdc42f9e,StartingBlock,81.5083008,5512.37988,1,43,43,53,7,0,0,-520.09613,-1643.92334,24.360178,0.0353183486,0.979451001,-0.144869164,-0.135799304
816,0,54b24045-e039-40ee-9ba6-824dbdc42f9e,StartingBlock,81.6083984,5512.47998,1,43,43,53,7,0,0,-524.389221,-1644.4574,18.9201107,-0.179834157,0.963478982,-0.169716865,-0.102781773
817,0,54b24045-e039-40ee-9ba6-824dbdc42f9e,StartingBlock,81.7084961,5512.58008,1,43,43,53,7,0,0,-528.798035,-1645.40857,13.4881344,-0.42535466,0.883236945,-0.189435825,-0.0554979183
818,0,54b24045-e039-40ee-9ba6-824dbdc42f9e,StartingBlock,81.8081055,5512.67969,1,43,43,53,7,0,0,-533.38623,-1646.62598,7.66623545,-0.642340779,0.740735173,-0.196724057,-0.00307782181
819,0,54b24045-e039-40ee-9ba6-824dbdc42f9e,StartingBlock,81.9082031,5512.77979,1,43,43,53,7,0,0,-538.100586,-1647.82605,1.33582437,-0.809966266,0.552410603,-0.190952972,0.0483124703
820,0,54b24045-e039-40ee-9ba6-824dbdc42f9e,StartingBlock,82.0083008,5512.87988,1,43,43,53,7,0,0,-542.833313,-1648.7395,-5.41728497,-0.917677402,0.344556302,-0.17446354,0.0933362246
821,0,54b24045-e039-40ee-9ba6-824dbdc42f9e,StartingBlock,82.1083984,5512.97998,1,43,43,53,7,0,0,-547.483582,-1649.24792,-12.3655605,-0.968989849,0.14604494,-0.152149945,0.12876375
822,0,54b24045-e039-40ee-9ba6-824dbdc42f9e,StartingBlock,82.2084961,5513.08008,1,43,43,53,7,0,0,-552.006042,-1649.40625,-19.2872944,-0.979372919,-0.0211664252,-0.129452959,0.153696507
823,0,54b24045-e039-40ee-9ba6-824dbdc42f9e,StartingBlock,82.3081055,5513.17969,1,43,43,53,7,0,0,-556.410645,-1649.35217,-26.0656548,-0.968136907,-0.147121862,-0.111144058,0.169449553
824,0,54b24045-e039-40ee-9ba6-824dbdc42f9e,StartingBlock,82.4082031,5513.27979,1,43,43,53,7,0,0,-560.721252,-1649.24255,-32.6144218,-0.955567002,-0.212951794,-0.102269523,0.176306903
825,0,54b24045-e039-40ee-9ba6-824dbdc42f9e,StartingBlock,82.5083008,5513.37988,1,43,43,53,7,0,0,-564.962036,-1649.1958,-38.8969765,-0.956912518,-0.206005812,-0.106375396,0.174826592
826,0,54b24045-e039-40ee-9ba6-824dbdc42f9e,StartingBlock,82.6083984,5513.47998,1,43,43,53,7,0,0,-569.128723,-1649.19922,-44.9202843,-0.969577372,-0.132660925,-0.121993154,0.165645525
827,0,54b24045-e039-40ee-9ba6-824dbdc42f9e,StartingBlock,82.7084961,5513.58008,1,43,43,53,7,0,0,-573.234741,-1649.12048,-50.8687668,-0.977267742,-0.0460761152,-0.138191223,0.154038772
828,0,54b24045-e039-40ee-9ba6-824dbdc42f9e,StartingBlock,82.8081055,5513.67969,1,43,43,53,7,0,0,-577.289673,-1648.93237,-56.8028755,-0.977219045,0.0393080339,-0.153186217,0.14153403
829,0,54b24045-e039-40ee-9ba6-824dbdc42f9e,StartingBlock,82.9082031,5513.77979,1,43,43,53,7,0,0,-581.306519,-1648.6405,-62.7584572,-0.970694363,0.115908086,-0.165945739,0.129537284
830,0,54b24045-e039-40ee-9ba6-824dbdc42f9e,StartingBlock,83.0083008,5513.87988,1,43,43,53,7,0,0,-585.306702,-1648.27063,-68.7759857,-0.961600423,0.173558637,-0.17541647,0.120130152
831,0,54b24045-e039-40ee-9ba6-824dbdc42f9e,StartingBlock,83.1083984,5513.97998,1,43,43,53,7,0,0,-589.312866,-1647.86182,-74.8849945,-0.955231726,0.203562304,-0.18092519,0.115589328
832,0,54b24045-e039-40ee-9ba6-824dbdc42f9e,StartingBlock,83.2084961,5514.08008,1,43,43,53,7,0,0,-593.331604,-1647.43506,-81.0833969,-0.954158127,0.206527427,-0.182927087,0.116044879
833,0,54b24045-e039-40ee-9ba6-824dbdc42f9e,StartingBlock,83.3081055,5514.17969,1,43,43,53,7,0,0,-597.326538,-1646.96216,-87.2883377,-0.953734994,0.206525609,-0.184477895,0.117066868
834,0,54b24045-e039-40ee-9ba6-824dbdc42f9e,StartingBlock,83.4082031,5514.27979,1,43,43,53,7,0,0,-601.292786,-1646.43958,-93.4893417,-0.95333153,0.206543252,-0.185951173,0.117987469
835,0,54b24045-e039-40ee-9ba6-824dbdc42f9e,StartingBlock,83.5083008,5514.37988,1,43,43,53,7,0,0,-605.230347,-1645.86768,-99.686203,-0.952932656,0.206618354,-0.187333986,0.118887804
836,0,54b24045-e039-40ee-9ba6-824dbdc42f9e,StartingBlock,83.6083984,5514.47998,1,43,43,53,7,0,0,-609.139038,-1645.24622,-105.878227,-0.952546895,0.206679001,-0.188683465,0.119736373
837,0,54b24045-e039-40ee-9ba6-824dbdc42f9e,StartingBlock,83.7084961,5514.58008,1,43,43,53,7,0,0,-613.018921,-1644.57507,-112.065247,-0.9521873,0.206714809,-0.190006733,0.120440148
838,0,54b24045-e039-40ee-9ba6-824dbdc42f9e,StartingBlock,83.8081055,5514.67969,1,43,43,53,7,0,0,-616.878601,-1643.85193,-118.243935,-0.951584697,0.207270756,-0.190483674,0.123456463
839,0,54b24045-e039-40ee-9ba6-824dbdc42f9e,StartingBlock,83.9082031,5514.77979,1,43,43,53,7,0,0,-620.776672,-1643.0542,-124.394859,-0.948752165,0.211262167,-0.186126962,0.14350751
840,0,54b24045-e039-40ee-9ba6-824dbdc42f9e,StartingBlock,84.0083008,5514.87988,1,43,43,53,7,0,0,-624.665405,-1642.19592,-130.535202,-0.944776773,0.215938896,-0.180803016,0.167563587
841,0,54b24045-e039-40ee-9ba6-824dbdc42f9e,StartingBlock,84.1083984,5514.97998,1,43,43,53,7,0,0,-628.517822,-1641.28809,-136.673538,-0.940825105,0.219899386,-0.176090762,0.188373104
842,0,54b24045-e039-40ee-9ba6-824dbdc42f9e,StartingBlock,84.2084961,5515.08008,1,43,43,53,7,0,0,-632.320068,-1640.33972,-142.812775,-0.937897861,0.222585827,-0.172914833,0.20224677
843,0,54b24045-e039-40ee-9ba6-824dbdc42f9e,StartingBlock,84.3081055,5515.17969,1,43,43,53,7,0,0,-636.049438,-1639.36621,-148.957214,-0.937541246,0.223005071,-0.172670946,0.203641817
844,0,54b24045-e039-40ee-9ba6-824dbdc42f9e,StartingBlock,84.4082031,5515.27979,1,43,43,53,7,0,0,-639.744629,-1638.34753,-155.096161,-0.937506914,0.223088294,-0.172762007,0.20363152
845,0,54b24045-e039-40ee-9ba6-824dbdc42f9e,StartingBlock,84.5083008,5515.37988,1,43,43,53,7,0,0,-643.411133,-1637.28174,-161.227783,-0.937410355,0.223281801,-0.172838315,0.203799173
846,0,54b24045-e039-40ee-9ba6-824dbdc42f9e,StartingBlock,84.6083984,5515.47998,1,43,43,53,7,0,0,-647.048401,-1636.1687,-167.352036,-0.937316597,0.223442063,-0.172915339,0.203989208
847,0,54b24045-e039-40ee-9ba6-824dbdc42f9e,StartingBlock,84.7084961,5515.58008,1,43,43,53,7,0,0,-650.656128,-1635.0083,-173.468491,-0.937249839,0.22353965,-0.173022941,0.204097927
848,0,54b24045-e039-40ee-9ba6-824dbdc42f9e,StartingBlock,84.8081055,5515.67969,1,43,43,53,7,0,0,-654.234558,-1633.80139,-179.577087,-0.937174022,0.223646089,-0.173126116,0.204241961
849,0,54b24045-e039-40ee-9ba6-824dbdc42f9e,StartingBlock,84.9082031,5515.77979,1,43,43,53,7,0,0,-657.795898,-1632.54126,-185.674408,-0.936412394,0.22434628,-0.17222558,0.207699239
850,0,54b24045-e039-40ee-9ba6-824dbdc42f9e,StartingBlock,85.0083008,5515.87988,1,43,43,53,7,0,0,-661.4198,-1631.18091,-191.740936,-0.929769278,0.229553059,-0.165037215,0.235790953
851,0,54b24045-e039-40ee-9ba6-824dbdc42f9e,StartingBlock,85.1083984,5515.97998,1,43,43,53,7,0,0,-665.04657,-1629.74475,-197.795456,-0.919967055,0.235928103,-0.155631334,0.271620154
852,0,54b24045-e039-40ee-9ba6-824dbdc42f9e,StartingBlock,85.2084961,5516.08008,1,43,43,53,7,0,0,-668.638977,-1628.25476,-203.847031,-0.909520566,0.24160026,-0.146567404,0.304827332
853,0,54b24045-e039-40ee-9ba6-824dbdc42f9e,StartingBlock,85.3081055,5516.17969,1,43,43,53,7,0,0,-672.183899,-1626.72424,-209.896286,-0.900108874,0.246031478,-0.13893266,0.331617713
854,0,54b24045-e039-40ee-9ba6-824dbdc42f9e,StartingBlock,85.4082031,5516.27979,1,43,43,53,7,0,0,-675.655579,-1625.18347,-215.942947,-0.895398796,0.248213381,-0.135063335,0.344106048
855,0,54b24045-e039-40ee-9ba6-824dbdc42f9e,StartingBlock,85.5083008,5516.37988,1,43,43,53,7,0,0,-679.057434,-1623.63489,-221.984024,-0.895476997,0.248552352,-0.134732708,0.343787402
856,0,54b24045-e039-40ee-9ba6-824dbdc42f9e,StartingBlock,85.6083984,5516.47998,1,43,43,53,7,0,0,-682.457703,-1622.01489,-228.013199,-0.892320633,0.250252336,-0.131509036,0.351913512
857,0,54b24045-e039-40ee-9ba6-824dbdc42f9e,StartingBlock,85.7084961,5516.58008,1,43,43,53,7,0,0,-685.943848,-1620.22583,-234.029922,-0.873577654,0.257334441,-0.11677549,0.396238089
858,0,54b24045-e039-40ee-9ba6-824dbdc42f9e,StartingBlock,85.8081055,5516.67969,1,43,43,53,7,0,0,-689.442261,-1618.30579,-240.054352,-0.843504608,0.265972674,-0.0961795896,0.456626922
859,0,54b24045-e039-40ee-9ba6-824dbdc42f9e,StartingBlock,85.9082031,5516.77979,1,43,43,53,7,0,0,-692.889771,-1616.3147,-246.091415,-0.809411287,0.273281604,-0.0753107965,0.514294624
860,0,54b24045-e039-40ee-9ba6-824dbdc42f9e,StartingBlock,86.0083008,5516.87988,1,43,43,53,7,0,0,-696.276611,-1614.27405,-252.136047,-0.774390697,0.279104471,-0.0554598495,0.56510514
861,0,54b24045-e039-40ee-9ba6-824dbdc42f9e,StartingBlock,86.1083984,5516.97998,1,43,43,53,7,0,0,-699.623901,-1612.11731,-258.208313,-0.727046907,0.284483254,-0.0309931096,0.624108613
862,0,54b24045-e039-40ee-9ba6-824dbdc42f9e,StartingBlock,86.2084961,5517.08008,1,43,43,53,7,0,0,-702.903503,-1609.84143,-264.323273,-0.663716733,0.287887424,-0.00206403807,0.690359831
863,0,54b24045-e039-40ee-9ba6-824dbdc42f9e,StartingBlock,86.3081055,5517.17969,1,43,43,53,7,0,0,-706.088562,-1607.52527,-270.457855,-0.595575869,0.288698405,0.0262977593,0.749166965
864,0,54b24045-e039-40ee-9ba6-824dbdc42f9e,StartingBlock,86.4082031,5517.27979,1,43,43,53,7,0,0,-709.186951,-1605.19849,-276.595032,-0.528029382,0.287446737,0.0522297658,0.797390461
865,0,54b24045-e039-40ee-9ba6-824dbdc42f9e,StartingBlock,86.5083008,5517.37988,1,43,43,53,7,0,0,-712.226868,-1602.89014,-282.707703,-0.469830006,0.285375237,0.0731178671,0.832150638
866,0,54b24045-e039-40ee-9ba6-824dbdc42f9e,StartingBlock,86.6083984,5517.47998,1,43,43,53,7,0,0,-715.249146,-1600.61902,-288.765381,-0.431113064,0.284232229,0.0863138586,0.8519997
867,0,54b24045-e039-40ee-9ba6-824dbdc42f9e,StartingBlock,86.7084961,5517.58008,1,43,43,53,7,0,0,-718.290649,-1598.39172,-294.745453,-0.419126898,0.285596877,0.0901761726,0.857108653
868,0,54b24045-e039-40ee-9ba6-824dbdc42f9e,StartingBlock,86.8081055,5517.67969,1,43,43,53,7,0,0,-721.328857,-1596.15918,-300.681976,-0.419188917,0.288151056,0.0899748877,0.856244266
869,0,54b24045-e039-40ee-9ba6-824dbdc42f9e,StartingBlock,86.9082031,5517.77979,1,43,43,53,7,0,0,-724.33783,-1593.88635,-306.605011,-0.419669598,0.290530503,0.0895984396,0.855243623
870,0,54b24045-e039-40ee-9ba6-824dbdc42f9e,StartingBlock,87.0083008,5517.87988,1,43,43,53,7,0,0,-727.356995,-1591.62988,-312.46579,-0.438178748,0.293581694,0.0824423209,0.845584154
871,0,54b24045-e039-40ee-9ba6-824dbdc42f9e,StartingBlock,87.1083984,5517.97998,1,43,43,53,7,0,0,-730.399841,-1589.44092,-318.231934,-0.485061973,0.298267215,0.0646576434,0.819494367
872,0,54b24045-e039-40ee-9ba6-824dbdc42f9e,StartingBlock,87.2084961,5518.08008,1,43,43,53,7,0,0,-733.417664,-1587.30493,-323.936737,-0.547072411,0.30257684,0.0398690775,0.779467523
873,0,54b24045-e039-40ee-9ba6-824dbdc42f9e,StartingBlock,87.3081055,5518.17969,1,43,43,53,7,0,0,-736.373596,-1585.26526,-329.579193,-0.627423882,0.305003643,0.00546247698,0.716437221
874,0,54b24045-e039-40ee-9ba6-824dbdc42f9e,StartingBlock,87.4082031,5518.27979,1,43,43,53,7,0,0,-739.216431,-1583.2229,-335.235016,-0.701047003,0.304004848,-0.029165877,0.644409418
875,0,54b24045-e039-40ee-9ba6-824dbdc42f9e,StartingBlock,87.5083008,5518.37988,1,43,43,53,7,0,0,-741.952454,-1581.13318,-340.922363,-0.762550116,0.29990685,-0.0613568425,0.569919765
876,0,54b24045-e039-40ee-9ba6-824dbdc42f9e,StartingBlock,87.6083984,5518.47998,1,43,43,53,7,0,0,-744.59729,-1578.98096,-346.640015,-0.812821388,0.293012559,-0.0914120004,0.495084792
877,0,54b24045-e039-40ee-9ba6-824dbdc42f9e,StartingBlock,87.7084961,5518.58008,1,43,43,53,7,0,0,-747.106384,-1576.83215,-352.381744,-0.862861633,0.280809373,-0.126487464,0.400770426
878,0,54b24045-e039-40ee-9ba6-824dbdc42f9e,StartingBlock,87.8081055,5518.67969,1,43,43,53,7,0,0,-749.490417,-1574.62085,-358.17392,-0.904032171,0.264289409,-0.161271811,0.294734538
879,0,54b24045-e039-40ee-9ba6-824dbdc42f9e,StartingBlock,87.9082031,5518.77979,1,43,43,53,7,0,0,-751.798279,-1572.29407,-364.01413,-0.931363404,0.244837508,-0.192673281,0.188398466
880,0,54b24045-e039-40ee-9ba6-824dbdc42f9e,StartingBlock,88.0083008,5518.87988,1,43,43,53,7,0,0,-754.071472,-1569.83899,-369.88623,-0.945382416,0.224318132,-0.219098374,0.0890470818
881,0,54b24045-e039-40ee-9ba6-824dbdc42f9e,StartingBlock,88.1083984,5518.97998,1,43,43,53,7,0,0,-756.366638,-1567.26343,-375.754364,-0.948872507,0.206197754,-0.238867745,0.00810060371
882,0,54b24045-e039-40ee-9ba6-824dbdc42f9e,StartingBlock,88.2084961,5519.08008,1,43,43,53,7,0,0,-758.689514,-1564.60046,-381.599243,-0.946503341,0.1914884,-0.253956765,-0.0544950888
883,0,54b24045-e039-40ee-9ba6-824dbdc42f9e,StartingBlock,88.3081055,5519.17969,1,43,43,53,7,0,0,-760.925171,-1561.85913,-387.482635,-0.937871814,0.171766892,-0.271267742,-0.131554082
884,0,54b24045-e039-40ee-9ba6-824dbdc42f9e,StartingBlock,88.4082031,5519.27979,1,43,43,53,7,0,0,-763.114441,-1559.02063,-393.390472,-0.921586156,0.148816645,-0.287048668,-0.214792326
885,0,54b24045-e039-40ee-9ba6-824dbdc42f9e,StartingBlock,88.5083008,5519.37988,1,43,43,53,7,0,0,-765.303223,-1556.09265,-399.29245,-0.899174571,0.125868276,-0.299954772,-0.292693496
886,0,54b24045-e039-40ee-9ba6-824dbdc42f9e,StartingBlock,88.6083984,5519.47998,1,43,43,53,7,0,0,-767.506836,-1553.09534,-405.169373,-0.873592377,0.104866348,-0.309677482,-0.3604711
887,0,54b24045-e039-40ee-9ba6-824dbdc42f9e,StartingBlock,88.7084961,5519.58008,1,43,43,53,7,0,0,-769.738525,-1550.0686,-410.992706,-0.850980341,0.0892366543,-0.316001594,-0.409893185
888,0,54b24045-e039-40ee-9ba6-824dbdc42f9e,StartingBlock,88.8081055,5519.67969,1,43,43,53,7,0,0,-771.997498,-1547.05566,-416.73999,-0.837761998,0.0819890127,-0.319266379,-0.435317874
889,0,54b24045-e039-40ee-9ba6-824dbdc42f9e,StartingBlock,88.9082031,5519.77979,1,43,43,53,7,0,0,-774.272095,-1544.07239,-422.409027,-0.83583647,0.0831879079,-0.320261657,-0.438052148
890,0,54b24045-e039-40ee-9ba6-824dbdc42f9e,StartingBlock,89.0083008,5519.87988,1,43,43,53,7,0,0,-776.52124,-1541.06006,-428.054321,-0.835293829,0.0851910114,-0.320957512,-0.438192934
891,0,54b24045-e039-40ee-9ba6-824dbdc42f9e,StartingBlock,89.1083984,5519.97998,1,43,43,53,7,0,0,-778.770569,-1538.05847,-433.639526,-0.842723846,0.0922327936,-0.319138855,-0.423627287
892,0,54b24045-e039-40ee-9ba6-824dbdc42f9e,StartingBlock,89.2084961,5520.08008,1,43,43,53,7,0,0,-781.090332,-1535.13733,-439.085388,-0.868576527,0.113730393,-0.311648875,-0.368124068
893,0,54b24045-e039-40ee-9ba6-824dbdc42f9e,StartingBlock,89.3081055,5520.17969,1,43,43,53,7,0,0,-783.454651,-1532.19519,-444.462219,-0.895886421,0.139780074,-0.30052194,-0.295864403
894,0,54b24045-e039-40ee-9ba6-824dbdc42f9e,StartingBlock,89.4082031,5520.27979,1,43,43,53,7,0,0,-785.827942,-1529.18005,-449.819214,-0.916884661,0.164522246,-0.287487268,-0.222724035
895,0,54b24045-e039-40ee-9ba6-824dbdc42f9e,StartingBlock,89.5083008,5520.37988,1,43,43,53,7,0,0,-788.183411,-1526.08386,-455.176147,-0.9307006,0.18609722,-0.273936301,-0.155316547
896,0,54b24045-e039-40ee-9ba6-824dbdc42f9e,StartingBlock,89.6083984,5520.47998,1,43,43,53,7,0,0,-790.481201,-1522.91248,-460.552917,-0.937953115,0.202335134,-0.262229174,-0.102665894
897,0,54b24045-e039-40ee-9ba6-824dbdc42f9e,StartingBlock,89.7084961,5520.58008,1,43,43,53,7,0,0,-792.676758,-1519.68335,-465.965149,-0.940557063,0.211505085,-0.255170882,-0.0742009059
898,0,54b24045-e039-40ee-9ba6-824dbdc42f9e,StartingBlock,89.8081055,5520.67969,1,43,43,53,7,0,0,-794.751404,-1516.41223,-471.414368,-0.940645993,0.213468,-0.253852576,-0.0719404072
899,0,54b24045-e039-40ee-9ba6-824dbdc42f9e,StartingBlock,89.9082031,5520.77979,1,43,43,53,7,0,0,-796.784119,-1513.10559,-476.852081,-0.940484285,0.214530468,-0.253296375,-0.0728490949
900,0,54b24045-e039-40ee-9ba6-824dbdc42f9e,StartingBlock,90.0083008,5520.87988,1,43,43,53,7,0,0,-798.78595,-1509.76465,-482.271698,-0.940347195,0.215527311,-0.252761573,-0.0735313892
901,0,54b24045-e039-40ee-9ba6-824dbdc42f9e,StartingBlock,90.1083984,5520.97998,1,43,43,53,7,0,0,-800.756653,-1506.38977,-487.673035,-0.940185189,0.216578066,-0.252277553,-0.0741745904
902,0,54b24045-e039-40ee-9ba6-824dbdc42f9e,StartingBlock,90.2084961,5521.08008,1,43,43,53,7,0,0,-802.696716,-1502.9801,-493.055817,-0.940057814,0.217471138,-0.251808465,-0.0747667328
903,0,54b24045-e039-40ee-9ba6-824dbdc42f9e,StartingBlock,90.3081055,5521.17969,1,43,43,53,7,0,0,-804.606201,-1499.53613,-498.419739,-0.939922571,0.218344763,-0.25136888,-0.0753973797
904,0,54b24045-e039-40ee-9ba6-824dbdc42f9e,StartingBlock,90.4082031,5521.27979,1,43,43,53,7,0,0,-806.486694,-1496.05225,-503.76709,-0.939812243,0.219145432,-0.250925452,-0.075926058
905,0,54b24045-e039-40ee-9ba6-824dbdc42f9e,StartingBlock,90.5083008,5521.37988,1,43,43,53,7,0,0,-808.34668,-1492.49951,-509.109955,-0.939724863,0.219871849,-0.250472128,-0.0764024332
906,0,54b24045-e039-40ee-9ba6-824dbdc42f9e,StartingBlock,90.6083984,5521.47998,1,43,43,53,7,0,0,-810.187195,-1488.87451,-514.449707,-0.939642608,0.220598921,-0.250014067,-0.076817587
907,0,54b24045-e039-40ee-9ba6-824dbdc42f9e,StartingBlock,90.7084961,5521.58008,1,43,43,53,7,0,0,-812.00824,-1485.17737,-519.786255,-0.939579487,0.221228391,-0.249564767,-0.077239342
908,0,54b24045-e039-40ee-9ba6-824dbdc42f9e,StartingBlock,90.8081055,5521.67969,1,43,43,53,7,0,0,-813.809937,-1481.40808,-525.119446,-0.93956399,0.221727937,-0.249097601,-0.0775029734
909,0,54b24045-e039-40ee-9ba6-824dbdc42f9e,StartingBlock,90.9082031,5521.77979,1,43,43,53,7,0,0,-815.592224,-1477.56714,-530.449341,-0.93953681,0.222282395,-0.24862279,-0.0777679086
910,0,54b24045-e039-40ee-9ba6-824dbdc42f9e,StartingBlock,91.0083008,5521.87988,1,43,43,53,7,0,0,-817.354919,-1473.65454,-535.775696,-0.939526856,0.222763836,-0.248159125,-0.0779915005
911,0,54b24045-e039-40ee-9ba6-824dbdc42f9e,StartingBlock,91.1083984,5521.97998,1,43,43,53,7,0,0,-819.098267,-1469.67078,-541.09845,-0.939531863,0.223198697,-0.24768959,-0.0781800076
912,0,54b24045-e039-40ee-9ba6-824dbdc42f9e,StartingBlock,91.2084961,5522.08008,1,43,43,53,7,0,0,-820.82196,-1465.6156,-546.417603,-0.93954277,0.223574236,-0.247235149,-0.0784148872
913,0,54b24045-e039-40ee-9ba6-824dbdc42f9e,StartingBlock,91.3081055,5522.17969,1,43,43,53,7,0,0,-822.52594,-1461.48962,-551.733032,-0.939571738,0.223866403,-0.246800512,-0.0786016732
914,0,54b24045-e039-40ee-9ba6-824dbdc42f9e,StartingBlock,91.4082031,5522.27979,1,43,43,53,7,0,0,-824.209717,-1457.29358,-557.044739,-0.939585209,0.224201769,-0.246388525,-0.0787779242
915,0,54b24045-e039-40ee-9ba6-824dbdc42f9e,StartingBlock,91.5083008,5522.37988,1,43,43,53,7,0,0,-825.873962,-1453.02686,-562.352478,-0.93962419,0.224426195,-0.245990947,-0.0789162219
916,0,54b24045-e039-40ee-9ba6-824dbdc42f9e,StartingBlock,91.6083984,5522.47998,1,43,43,53,7,0,0,-827.519104,-1448.69043,-567.655029,-0.939650953,0.224657908,-0.245639861,-0.0790314525
917,0,54b24045-e039-40ee-9ba6-824dbdc42f9e,StartingBlock,91.7084961,5522.58008,1,43,43,53,7,0,0,-829.144775,-1444.28406,-572.952759,-0.939678609,0.224875182,-0.245304585,-0.0791264921
918,0,54b24045-e039-40ee-9ba6-824dbdc42f9e,StartingBlock,91.8081055,5522.67969,1,43,43,53,7,0,0,-830.750916,-1439.80786,-578.245911,-0.939721346,0.225011289,-0.244987056,-0.0792162716
919,0,54b24045-e039-40ee-9ba6-824dbdc42f9e,StartingBlock,91.9082031,5522.77979,1,43,43,53,7,0,0,-832.337524,-1435.26172,-583.534363,-0.939783216,0.225106657,-0.244666576,-0.0792005211
920,0,54b24045-e039-40ee-9ba6-824dbdc42f9e,StartingBlock,92.0083008,5522.87988,1,43,43,53,7,0,0,-833.904602,-1430.64636,-588.817627,-0.939823568,0.225264639,-0.244357139,-0.0792287067
921,0,54b24045-e039-40ee-9ba6-824dbdc42f9e,StartingBlock,92.1083984,5522.97998,1,43,43,53,7,0,0,-835.452087,-1425.96155,-594.095825,-0.93987596,0.225383967,-0.24405092,-0.0792115405
922,0,54b24045-e039-40ee-9ba6-824dbdc42f9e,StartingBlock,92.2084961,5523.08008,1,43,43,53,7,0,0,-836.97998,-1421.20789,-599.368774,-0.939957023,0.225424618,-0.243738249,-0.0790962726
923,0,54b24045-e039-40ee-9ba6-824dbdc42f9e,StartingBlock,92.3081055,5523.17969,1,43,43,53,7,0,0,-838.48822,-1416.38513,-604.636108,-0.940031171,0.225450456,-0.24345462,-0.0790146217
924,0,54b24045-e039-40ee-9ba6-824dbdc42f9e,StartingBlock,92.4082031,5523.27979,1,43,43,53,7,0,0,-839.976746,-1411.49377,-609.897888,-0.940105021,0.225489229,-0.243163675,-0.0789215788
925,0,54b24045-e039-40ee-9ba6-824dbdc42f9e,StartingBlock,92.5083008,5523.37988,1,43,43,53,7,0,0,-841.445618,-1406.53369,-615.153809,-0.940190554,0.225510001,-0.242872015,-0.0787409917
926,0,54b24045-e039-40ee-9ba6-824dbdc42f9e,StartingBlock,92.6083984,5523.47998,1,43,43,53,7,0,0,-842.894592,-1401.50513,-620.403748,-0.940260351,0.225574479,-0.242585301,-0.0786063224
927,0,54b24045-e039-40ee-9ba6-824dbdc42f9e,StartingBlock,92.7084961,5523.58008,1,43,43,53,7,0,0,-844.323669,-1396.40881,-625.6474,-0.940315902,0.2256926,-0.242301196,-0.0784788132
928,0,54b24045-e039-40ee-9ba6-824dbdc42f9e,StartingBlock,92.8081055,5523.67969,1,43,43,53,7,0,0,-845.732971,-1391.24402,-630.884888,-0.940407574,0.225718975,-0.242011473,-0.0781990662
929,0,54b24045-e039-40ee-9ba6-824dbdc42f9e,StartingBlock,92.9082031,5523.77979,1,43,43,53,7,0,0,-847.122375,-1386.0116,-636.115845,-0.940478384,0.225779697,-0.241740406,-0.0780097023
930,0,54b24045-e039-40ee-9ba6-824dbdc42f9e,StartingBlock,93.0083008,5523.87988,1,43,43,53,7,0,0,-848.49176,-1380.71155,-641.340149,-0.940559506,0.225815579,-0.24146466,-0.0777824
931,0,54b24045-e039-40ee-9ba6-824dbdc42f9e,StartingBlock,93.1083984,5523.97998,1,43,43,53,7,0,0,-849.841125,-1375.34399,-646.557617,-0.940617502,0.225928068,-0.241198286,-0.0775807649
932,0,54b24045-e039-40ee-9ba6-824dbdc42f9e,StartingBlock,93.2084961,5524.08008,1,43,43,53,7,0,0,-851.17041,-1369.90918,-651.768188,-0.94069463,0.226014316,-0.240910828,-0.077285789
933,0,54b24045-e039-40ee-9ba6-824dbdc42f9e,StartingBlock,93.3081055,5524.17969,1,43,43,53,7,0,0,-852.479614,-1364.40735,-656.971619,-0.94077462,0.226051837,-0.240643159,-0.0770357326
934,0,54b24045-e039-40ee-9ba6-824dbdc42f9e,StartingBlock,93.4082031,5524.27979,1,43,43,53,7,0,0,-853.768677,-1358.83875,-662.167847,-0.940853298,0.226119697,-0.240367115,-0.0767375603
935,0,54b24045-e039-40ee-9ba6-824dbdc42f9e,StartingBlock,93.5083008,5524.37988,1,43,43,53,7,0,0,-855.037476,-1353.20349,-667.356628,-0.940921903,0.226225764,-0.240089327,-0.0764526129
936,0,54b24045-e039-40ee-9ba6-824dbdc42f9e,StartingBlock,93.6083984,5524.47998,1,43,43,53,7,0,0,-856.286011,-1347.50171,-672.537903,-0.940997958,0.226332486,-0.239798456,-0.0761130303
937,0,54b24045-e039-40ee-9ba6-824dbdc42f9e,StartingBlock,93.7084961,5524.58008,1,43,43,53,7,0,0,-857.514282,-1341.73376,-677.711304,-0.941071868,0.226427004,-0.239517406,-0.0758030638
938,0,54b24045-e039-40ee-9ba6-824dbdc42f9e,StartingBlock,93.8081055,5524.67969,1,43,43,53,7,0,0,-858.722229,-1335.89966,-682.876953,-0.941153347,0.226470456,-0.239252374,-0.075497821
939,0,54b24045-e039-40ee-9ba6-824dbdc42f9e,StartingBlock,93.9082031,5524.77979,1,43,43,53,7,0,0,-859.909668,-1329.99976,-688.034546,-0.941226959,0.226567283,-0.238981679,-0.0751461834
940,0,54b24045-e039-40ee-9ba6-824dbdc42f9e,StartingBlock,94.0083008,5524.87988,1,43,43,53,7,0,0,-861.076721,-1324.0343,-693.18396,-0.941287398,0.226714328,-0.238705635,-0.0748221055
941,0,54b24045-e039-40ee-9ba6-824dbdc42f9e,StartingBlock,94.1083984,5524.97998,1,43,43,53,7,0,0,-862.223145,-1318.00342,-698.325012,-0.941366017,0.22682254,-0.238417864,-0.0744216219
942,0,54b24045-e039-40ee-9ba6-824dbdc42f9e,StartingBlock,94.2084961,5525.08008,1,43,43,53,7,0,0,-863.34906,-1311.90723,-703.457642,-0.941437721,0.226930901,-0.238142163,-0.0740660876
943,0,54b24045-e039-40ee-9ba6-824dbdc42f9e,StartingBlock,94.3081055,5525.17969,1,43,43,53,7,0,0,-864.454285,-1305.74609,-708.581604,-0.941524088,0.226981968,-0.237875551,-0.0736675113
944,0,54b24045-e039-40ee-9ba6-824dbdc42f9e,StartingBlock,94.4082031,5525.27979,1,43,43,53,7,0,0,-865.538879,-1299.52026,-713.696838,-0.941604435,0.227059275,-0.237602741,-0.0732817799
945,0,54b24045-e039-40ee-9ba6-824dbdc42f9e,StartingBlock,94.5083008,5525.37988,1,43,43,53,7,0,0,-866.602722,-1293.22998,-718.803162,-0.94166863,0.227210134,-0.237321183,-0.0729007348
946,0,54b24045-e039-40ee-9ba6-824dbdc42f9e,StartingBlock,94.6083984,5525.47998,1,43,43,53,7,0,0,-867.645752,-1286.87537,-723.900513,-0.941763639,0.227226034,-0.237054601,-0.0724896118
947,0,54b24045-e039-40ee-9ba6-824dbdc42f9e,StartingBlock,94.7084961,5525.58008,1,43,43,53,7,0,0,-868.667908,-1280.45654,-728.988708,-0.941849828,0.227292717,-0.236786753,-0.0720353201
948,0,54b24045-e039-40ee-9ba6-824dbdc42f9e,StartingBlock,94.8081055,5525.67969,1,43,43,53,7,0,0,-869.669189,-1273.97388,-734.067566,-0.941930115,0.227362737,-0.236525849,-0.071620442
949,0,54b24045-e039-40ee-9ba6-824dbdc42f9e,StartingBlock,94.9082031,5525.77979,1,43,43,53,7,0,0,-870.649414,-1267.42786,-739.136719,-0.942027211,0.227363259,-0.236273021,-0.0711743012
950,0,54b24045-e039-40ee-9ba6-824dbdc42f9e,StartingBlock,95.0083008,5525.87988,1,43,43,53,7,0,0,-871.601685,-1260.84338,-744.18512,-0.942124367,0.22739087,-0.236004293,-0.0706907436
951,0,54b24045-e039-40ee-9ba6-824dbdc42f9e,StartingBlock,95.1083984,5525.97998,1,43,43,53,7,0,0,-872.522156,-1254.23511,-749.206238,-0.942213297,0.227419838,-0.235747963,-0.0702652708
952,0,54b24045-e039-40ee-9ba6-824dbdc42f9e,StartingBlock,95.2084961,5526.08008,1,43,43,53,7,0,0,-873.410645,-1247.60291,-754.200012,-0.942293227,0.227437317,-0.235516012,-0.0699145645
953,0,54b24045-e039-40ee-9ba6-824dbdc42f9e,StartingBlock,95.3081055,5526.17969,1,43,43,53,7,0,0,-874.267273,-1240.94714,-759.166199,-0.942373514,0.227470919,-0.235273033,-0.0695400313
954,0,54b24045-e039-40ee-9ba6-824dbdc42f9e,StartingBlock,95.4082031,5526.27979,1,43,43,53,7,0,0,-875.092102,-1234.26782,-764.104675,-0.942459226,0.227451101,-0.235045359,-0.0692119896
955,0,54b24045-e039-40ee-9ba6-824dbdc42f9e,StartingBlock,95.5083008,5526.37988,1,43,43,53,7,0,0,-875.884827,-1227.56567,-769.015259,-0.942557514,0.22741212,-0.234803975,-0.0688208044
956,0,54b24045-e039-40ee-9ba6-824dbdc42f9e,StartingBlock,95.6083984,5526.47998,1,43,43,53,7,0,0,-876.64563,-1220.84082,-773.897644,-0.94262284,0.227452025,-0.23458007,-0.0685565546
957,0,54b24045-e039-40ee-9ba6-824dbdc42f9e,StartingBlock,95.7084961,5526.58008,1,43,43,53,7,0,0,-877.374451,-1214.09314,-778.751831,-0.942694962,0.227484867,-0.234348834,-0.0682459921
958,0,54b24045-e039-40ee-9ba6-824dbdc42f9e,StartingBlock,95.8081055,5526.67969,1,43,43,53,7,0,0,-878.07135,-1207.32312,-783.577698,-0.942768931,0.227469221,-0.234132379,-0.0680196211
959,0,54b24045-e039-40ee-9ba6-824dbdc42f9e,StartingBlock,95.9082031,5526.77979,1,43,43,53,7,0,0,-878.736206,-1200.53125,-788.374939,-0.942833006,0.227484405,-0.233928353,-0.0677820295
960,0,54b24045-e039-40ee-9ba6-824dbdc42f9e,StartingBlock,96.0083008,5526.87988,1,43,43,53,7,0,0,-879.369019,-1193.71765,-793.143433,-0.942892551,0.227540508,-0.233708292,-0.0675227121
961,0,54b24045-e039-40ee-9ba6-824dbdc42f9e,StartingBlock,96.1083984,5526.97998,1,43,43,53,7,0,0,-879.96991,-1186.88232,-797.883118,-0.942963898,0.227517709,-0.233511776,-0.0672828928
962,0,54b24045-e039-40ee-9ba6-824dbdc42f9e,StartingBlock,96.2084961,5527.08008,1,43,43,53,7,0,0,-880.538757,-1180.02588,-802.593689,-0.943028331,0.227516711,-0.23330994,-0.067084685
963,0,54b24045-e039-40ee-9ba6-824dbdc42f9e,StartingBlock,96.3081055,5527.17969,1,43,43,53,7,0,0,-881.075623,-1173.14832,-807.275085,-0.943088114,0.227539867,-0.233110368,-0.0668579191
964,0,54b24045-e039-40ee-9ba6-824dbdc42f9e,StartingBlock,96.4082031,5527.27979,1,43,43,53,7,0,0,-881.580444,-1166.25,-811.927063,-0.943142354,0.227518052,-0.232946992,-0.0667372495
965,0,54b24045-e039-40ee-9ba6-824dbdc42f9e,StartingBlock,96.5083008,5527.37988,1,43,43,53,7,0,0,-882.053284,-1159.3313,-816.549622,-0.943197012,0.22753638,-0.23276335,-0.0665429085
966,0,54b24045-e039-40ee-9ba6-824dbdc42f9e,StartingBlock,96.6083984,5527.47998,1,43,43,53,7,0,0,-882.494019,-1152.39233,-821.142456,-0.943260431,0.227511749,-0.232583106,-0.0663573369
967,0,54b24045-e039-40ee-9ba6-824dbdc42f9e,StartingBlock,96.7084961,5527.58008,1,43,43,53,7,0,0,-882.902771,-1145.43335,-825.705566,-0.943320155,0.22749041,-0.232411906,-0.0661805049
968,0,54b24045-e039-40ee-9ba6-824dbdc42f9e,StartingBlock,96.8081055,5527.67969,1,43,43,53,7,0,0,-883.279541,-1138.45483,-830.238708,-0.943368137,0.227482751,-0.232265294,-0.0660382584
969,0,54b24045-e039-40ee-9ba6-824dbdc42f9e,StartingBlock,96.9082031,5527.77979,1,43,43,53,7,0,0,-883.624268,-1131.45654,-834.741699,-0.943416536,0.227472976,-0.232128069,-0.0658634156
970,0,54b24045-e039-40ee-9ba6-824dbdc42f9e,StartingBlock,97.0083008,5527.87988,1,43,43,53,7,0,0,-883.93689,-1124.43945,-839.214417,-0.943453968,0.227509737,-0.231976554,-0.0657337457
971,0,54b24045-e039-40ee-9ba6-824dbdc42f9e,StartingBlock,97.1083984,5527.97998,1,43,43,53,7,0,0,-884.21759,-1117.4032,-843.656799,-0.943498731,0.227488756,-0.231853396,-0.0655981973
972,0,54b24045-e039-40ee-9ba6-824dbdc42f9e,StartingBlock,97.2084961,5528.08008,1,43,43,53,7,0,0,-884.466309,-1110.34839,-848.068542,-0.943552673,0.227427691,-0.231729388,-0.0654717162
973,0,54b24045-e039-40ee-9ba6-824dbdc42f9e,StartingBlock,97.3081055,5528.17969,1,43,43,53,7,0,0,-884.682983,-1103.27527,-852.449646,-0.943584979,0.227466702,-0.231587023,-0.0653742552
974,0,54b24045-e039-40ee-9ba6-824dbdc42f9e,StartingBlock,97.4082031,5528.27979,1,43,43,53,7,0,0,-884.867676,-1096.18396,-856.799927,-0.943635404,0.227421239,-0.231452376,-0.0652810484
975,0,54b24045-e039-40ee-9ba6-824dbdc42f9e,StartingBlock,97.5083008,5528.37988,1,43,43,53,7,0,0,-885.020447,-1089.07483,-861.119202,-0.943669617,0.227428958,-0.231326237,-0.0652071685
976,0,54b24045-e039-40ee-9ba6-824dbdc42f9e,StartingBlock,97.6083984,5528.47998,1,43,43,53,7,0,0,-885.141235,-1081.94812,-865.407471,-0.943719149,0.227392748,-0.231190667,-0.0650979877
977,0,54b24045-e039-40ee-9ba6-824dbdc42f9e,StartingBlock,97.7084961,5528.58008,1,43,43,53,7,0,0,-885.230164,-1074.80396,-869.66449,-0.943759918,0.227370352,-0.231070325,-0.0650115833
978,0,54b24045-e039-40ee-9ba6-824dbdc42f9e,StartingBlock,97.8081055,5528.67969,1,43,43,53,7,0,0,-885.287109,-1067.64307,-873.890076,-0.943796575,0.227364659,-0.230949983,-0.0649260506
979,0,54b24045-e039-40ee-9ba6-824dbdc42f9e,StartingBlock,97.9082031,5528.77979,1,43,43,53,7,0,0,-885.312195,-1060.46521,-878.084229,-0.943831563,0.227366209,-0.230828971,-0.0648421645
980,0,54b24045-e039-40ee-9ba6-824dbdc42f9e,StartingBlock,98.0083008,5528.87988,1,43,43,53,7,0,0,-885.305359,-1053.271,-882.246643,-0.943867922,0.227352813,-0.230720341,-0.06474711
981,0,54b24045-e039-40ee-9ba6-824dbdc42f9e,StartingBlock,98.1083984,5528.97998,1,43,43,53,7,0,0,-885.266663,-1046.06042,-886.377441,-0.943906188,0.227341443,-0.230589882,-0.0646948665
982,0,54b24045-e039-40ee-9ba6-824dbdc42f9e,StartingBlock,98.2084961,5529.08008,1,43,43,53,7,0,0,-885.196167,-1038.83398,-890.476257,-0.943931401,0.227349252,-0.230491638,-0.0646486506
983,0,54b24045-e039-40ee-9ba6-824dbdc42f9e,StartingBlock,98.3081055,5529.17969,1,43,43,53,7,0,0,-885.093872,-1031.59167,-894.543091,-0.943981051,0.227273151,-0.230387792,-0.0645620227
984,0,54b24045-e039-40ee-9ba6-824dbdc42f9e,StartingBlock,98.4082031,5529.27979,1,43,43,53,7,0,0,-884.959778,-1024.33411,-898.577759,-0.944012344,0.227253333,-0.230299979,-0.0644874498
985,0,54b24045-e039-40ee-9ba6-824dbdc42f9e,StartingBlock,98.5083008,5529.37988,1,43,43,53,7,0,0,-884.793884,-1017.06128,-902.5802,-0.944027185,0.227276489,-0.230213359,-0.0644974858
986,0,54b24045-e039-40ee-9ba6-824dbdc42f9e,StartingBlock,98.6083984,5529.47998,1,43,43,53,7,0,0,-884.596252,-1009.77362,-906.550232,-0.944059074,0.227271929,-0.230112508,-0.0644070879
987,0,54b24045-e039-40ee-9ba6-824dbdc42f9e,StartingBlock,98.7084961,5529.58008,1,43,43,53,7,0,0,-884.367004,-1002.47144,-910.487793,-0.944084466,0.227263883,-0.230028123,-0.0643648133
988,0,54b24045-e039-40ee-9ba6-824dbdc42f9e,StartingBlock,98.8081055,5529.67969,1,43,43,53,7,0,0,-884.106018,-995.154724,-914.3927,-0.944110513,0.227232292,-0.229963079,-0.0643269867
989,0,54b24045-e039-40ee-9ba6-824dbdc42f9e,StartingBlock,98.9082031,5529.77979,1,43,43,53,7,0,0,-883.813477,-987.824097,-918.264893,-0.944125831,0.227263391,-0.229883954,-0.0642738193
990,0,54b24045-e039-40ee-9ba6-824dbdc42f9e,StartingBlock,99.0083008,5529.87988,1,43,43,53,7,0,0,-883.489258,-980.479614,-922.104248,-0.944155335,0.227245554,-0.229798898,-0.0642084479
991,0,54b24045-e039-40ee-9ba6-824dbdc42f9e,StartingBlock,99.1083984,5529.97998,1,43,43,53,7,0,0,-883.133484,-973.121704,-925.910645,-0.944179595,0.22721751,-0.229731128,-0.0641935617
992,0,54b24045-e039-40ee-9ba6-824dbdc42f9e,StartingBlock,99.2084961,5530.08008,1,43,43,53,7,0,0,-882.746155,-965.750427,-929.68396,-0.944204152,0.227205977,-0.229648203,-0.0641699657
993,0,54b24045-e039-40ee-9ba6-824dbdc42f9e,StartingBlock,99.3081055,5530.17969,1,43,43,53,7,0,0,-882.327332,-958.366272,-933.424072,-0.944227815,0.227211341,-0.229566664,-0.0640934259
994,0,54b24045-e039-40ee-9ba6-824dbdc42f9e,StartingBlock,99.4082031,5530.27979,1,43,43,53,7,0,0,-881.877136,-950.96936,-937.130981,-0.944259048,0.227170348,-0.229493737,-0.0640405491
995,0,54b24045-e039-40ee-9ba6-824dbdc42f9e,StartingBlock,99.5083008,5530.37988,1,43,43,53,7,0,0,-881.395447,-943.56012,-940.804321,-0.944281578,0.22715351,-0.229416728,-0.0640435666
996,0,54b24045-e039-40ee-9ba6-824dbdc42f9e,StartingBlock,99.6083984,5530.47998,1,43,43,53,7,0,0,-880.882446,-936.138611,-944.444336,-0.944303215,0.227168441,-0.229324415,-0.0640012994
997,0,54b24045-e039-40ee-9ba6-824dbdc42f9e,StartingBlock,99.7084961,5530.58008,1,43,43,53,7,0,0,-880.338074,-928.705383,-948.050598,-0.944323778,0.227169096,-0.229255289,-0.0639437959
998,0,54b24045-e039-40ee-9ba6-824dbdc42f9e,StartingBlock,99.8081055,5530.67969,1,43,43,53,7,0,0,-879.762451,-921.260437,-951.62323,-0.944354057,0.227146313,-0.229167596,-0.0638922006
999,0,54b24045-e039-40ee-9ba6-824dbdc42f9e,StartingBlock,99.9082031,5530.77979,1,43,43,53,7,0,0,-879.155579,-913.804077,-955.162048,-0.94435668,0.227164134,-0.229121789,-0.0639540255
1000,0,54b24045-e039-40ee-9ba6-824dbdc42f9e,StartingBlock,100.008301,5530.87988,1,43,43,53,7,0,0,-878.517517,-906.336731,-958.666992,-0.944386721,0.227149218,-0.229028404,-0.0638991445
1001,0,54b24045-e039-40ee-9ba6-824dbdc42f9e,StartingBlock,100.108398,5530.97998,1,43,43,53,7,0,0,-877.848328,-898.858582,-962.137878,-0.944412649,0.227119923,-0.2289581,-0.0638709962
1002,0,54b24045-e039-40ee-9ba6-824dbdc42f9e,StartingBlock,100.208496,5531.08008,1,43,43,53,7,0,0,-877.148071,-891.369934,-965.574768,-0.944433153,0.227132946,-0.228863001,-0.0638627484
1003,0,54b24045-e039-40ee-9ba6-824dbdc42f9e,StartingBlock,100.308105,5531.17969,1,43,43,53,7,0,0,-876.416687,-883.871033,-968.977356,-0.944464862,0.227064148,-0.22881873,-0.0637972951
1004,0,54b24045-e039-40ee-9ba6-824dbdc42f9e,StartingBlock,100.408203,5531.27979,1,43,43,53,7,0,0,-875.65448,-876.362183,-972.345764,-0.944472611,0.227069825,-0.22878243,-0.0637927353
1005,0,54b24045-e039-40ee-9ba6-824dbdc42f9e,StartingBlock,100.508301,5531.37988,1,43,43,53,7,0,0,-874.861206,-868.843689,-975.679688,-0.944480062,0.227108911,-0.22871317,-0.0637904629
1006,0,54b24045-e039-40ee-9ba6-824dbdc42f9e,StartingBlock,100.608398,5531.47998,1,43,43,53,7,0,0,-874.037048,-861.315674,-978.979248,-0.944510341,0.227067456,-0.228648722,-0.0637209266
1007,0,54b24045-e039-40ee-9ba6-824dbdc42f9e,StartingBlock,100.708496,5531.58008,1,43,43,53,7,0,0,-873.18219,-853.778564,-982.244263,-0.94452852,0.227054849,-0.228591025,-0.0637033954
1008,0,54b24045-e039-40ee-9ba6-824dbdc42f9e,StartingBlock,100.808105,5531.67969,1,43,43,53,7,0,0,-872.296448,-846.232666,-985.47467,-0.944534421,0.227080524,-0.228539675,-0.0637087896
1009,0,54b24045-e039-40ee-9ba6-824dbdc42f9e,StartingBlock,100.908203,5531.77979,1,43,43,53,7,0,0,-871.380066,-838.678101,-988.670288,-0.944556415,0.227051228,-0.228482664,-0.0636917055
1010,0,54b24045-e039-40ee-9ba6-824dbdc42f9e,StartingBlock,101.008301,5531.87988,1,43,43,53,7,0,0,-870.432983,-831.115173,-991.831238,-0.944587946,0.22703068,-0.228387982,-0.0636365786
1011,0,54b24045-e039-40ee-9ba6-824dbdc42f9e,StartingBlock,101.108398,5531.97998,1,43,43,53,7,0,0,-869.455383,-823.544189,-994.957214,-0.944609344,0.227005973,-0.228330627,-0.0636129826
1012,0,54b24045-e039-40ee-9ba6-824dbdc42f9e,StartingBlock,101.208496,5532.08008,1,43,43,53,7,0,0,-868.447266,-815.965515,-998.048279,-0.944612145,0.227023199,-0.22829932,-0.0636233613
1013,0,54b24045-e039-40ee-9ba6-824dbdc42f9e,StartingBlock,101.308105,5532.17969,1,43,43,53,7,0,0,-867.40863,-808.379272,-1001.10437,-0.944634974,0.22700119,-0.228248283,-0.0635449141
1014,0,54b24045-e039-40ee-9ba6-824dbdc42f9e,StartingBlock,101.408203,5532.27979,1,43,43,53,7,0,0,-866.339661,-800.785828,-1004.12531,-0.94463855,0.227034241,-0.228200614,-0.0635460541
1015,0,54b24045-e039-40ee-9ba6-824dbdc42f9e,StartingBlock,101.508301,5532.37988,1,43,43,53,7,0,0,-865.240356,-793.185425,-1007.11102,-0.944650054,0.227030516,-0.22816287,-0.0635236874
1016,0,54b24045-e039-40ee-9ba6-824dbdc42f9e,StartingBlock,101.608398,5532.47998,1,43,43,53,7,0,0,-864.11084,-785.578308,-1010.06152,-0.944667995,0.226995304,-0.228126407,-0.0635127276
1017,0,54b24045-e039-40ee-9ba6-824dbdc42f9e,StartingBlock,101.708496,5532.58008,1,43,43,53,7,0,0,-862.95105,-777.964722,-1012.97681,-0.944672644,0.227033675,-0.228081062,-0.0634699613
1018,0,54b24045-e039-40ee-9ba6-824dbdc42f9e,StartingBlock,101.808105,5532.67969,1,43,43,53,7,0,0,-861.761169,-770.345093,-1015.85663,-0.944705129,0.226974949,-0.228016794,-0.0634269938
1019,0,54b24045-e039-40ee-9ba6-824dbdc42f9e,StartingBlock,101.908203,5532.77979,1,43,43,53,7,0,0,-860.54126,-762.719543,-1018.70099,-0.944710791,0.22701399,-0.227955237,-0.0634247139
1020,0,54b24045-e039-40ee-9ba6-824dbdc42f9e,StartingBlock,102.008301,5532.87988,1,43,43,53,7,0,0,-859.291382,-755.088379,-1021.50983,-0.944725811,0.227001876,-0.227925047,-0.0633530989
1021,0,54b24045-e039-40ee-9ba6-824dbdc42f9e,StartingBlock,102.108398,5532.97998,1,43,43,53,7,0,0,-858.011658,-747.451843,-1024.28308,-0.944738746,0.226958677,-0.227906004,-0.0633832812
1022,0,54b24045-e039-40ee-9ba6-824dbdc42f9e,StartingBlock,102.208496,5533.08008,1,43,43,53,7,0,0,-856.702026,-739.810242,-1027.02087,-0.944756329,0.226966709,-0.227844939,-0.0633107126
1023,0,54b24045-e039-40ee-9ba6-824dbdc42f9e,StartingBlock,102.308105,5533.17969,1,43,43,53,7,0,0,-855.362732,-732.163879,-1029.72278,-0.944758296,0.227041811,-0.227782294,-0.0632381812
1024,0,54b24045-e039-40ee-9ba6-824dbdc42f9e,StartingBlock,102.408203,5533.27979,1,43,43,53,7,0,0,-853.993713,-724.513,-1032.38904,-0.94478476,0.227003381,-0.227719009,-0.0632083267
1025,0,54b24045-e039-40ee-9ba6-824dbdc42f9e,StartingBlock,102.508301,5533.37988,1,43,43,53,7,0,0,-852.595093,-716.85791,-1035.01929,-0.944790423,0.227007255,-0.227695689,-0.0631942376
1026,0,54b24045-e039-40ee-9ba6-824dbdc42f9e,StartingBlock,102.608398,5533.47998,1,43,43,53,7,0,0,-851.167053,-709.198853,-1037.61401,-0.944820702,0.226970568,-0.227613971,-0.0631678104
1027,0,54b24045-e039-40ee-9ba6-824dbdc42f9e,StartingBlock,102.708496,5533.58008,1,43,43,53,7,0,0,-849.709412,-701.536072,-1040.17273,-0.944838583,0.226997033,-0.227531165,-0.0631031916
1028,0,54b24045-e039-40ee-9ba6-824dbdc42f9e,StartingBlock,102.808105,5533.67969,1,43,43,53,7,0,0,-848.222473,-693.869934,-1042.69531,-0.94483912,0.227033049,-0.22751075,-0.0630401969
1029,0,54b24045-e039-40ee-9ba6-824dbdc42f9e,StartingBlock,102.908203,5533.77979,1,43,43,53,7,0,0,-846.706299,-686.200562,-1045.18201,-0.944859684,0.22697717,-0.227482513,-0.0630351603
1030,0,54b24045-e039-40ee-9ba6-824dbdc42f9e,StartingBlock,103.008301,5533.87988,1,43,43,53,7,0,0,-845.160889,-678.528198,-1047.63257,-0.944862366,0.227032721,-0.22742784,-0.0629913285
1031,0,54b24045-e039-40ee-9ba6-824dbdc42f9e,StartingBlock,103.108398,5533.97998,1,43,43,53,7,0,0,-843.586304,-670.853271,-1050.04712,-0.944871128,0.227016494,-0.227407023,-0.0629935563
1032,0,54b24045-e039-40ee-9ba6-824dbdc42f9e,StartingBlock,103.208496,5534.08008,1,43,43,53,7,0,0,-841.982727,-663.175964,-1052.42542,-0.944881916,0.227052033,-0.227348909,-0.0629136935
1033,0,54b24045-e039-40ee-9ba6-824dbdc42f9e,StartingBlock,103.308105,5534.17969,1,43,43,53,7,0,0,-840.35022,-655.496582,-1054.76758,-0.944903433,0.227027208,-0.227283821,-0.0629147515
1034,0,54b24045-e039-40ee-9ba6-824dbdc42f9e,StartingBlock,103.408203,5534.27979,1,43,43,53,7,0,0,-838.688904,-647.815369,-1057.07349,-0.944916368,0.2270419,-0.227216259,-0.0629110113
1035,0,54b24045-e039-40ee-9ba6-824dbdc42f9e,StartingBlock,103.508301,5534.37988,1,43,43,53,7,0,0,-836.998718,-640.132507,-1059.34314,-0.944929719,0.227019951,-0.227191746,-0.0628785491
1036,0,54b24045-e039-40ee-9ba6-824dbdc42f9e,StartingBlock,103.608398,5534.47998,1,43,43,53,7,0,0,-835.279907,-632.448364,-1061.57654,-0.944927037,0.227065668,-0.227168366,-0.0628380477
1037,0,54b24045-e039-40ee-9ba6-824dbdc42f9e,StartingBlock,103.708496,5534.58008,1,43,43,53,7,0,0,-833.532471,-624.763184,-1063.77356,-0.944929361,0.227133021,-0.227102801,-0.0627961531
1038,0,54b24045-e039-40ee-9ba6-824dbdc42f9e,StartingBlock,103.808105,5534.67969,1,43,43,53,7,0,0,-831.756531,-617.077271,-1065.93408,-0.944951832,0.227069721,-0.227080211,-0.0627696365
1039,0,54b24045-e039-40ee-9ba6-824dbdc42f9e,StartingBlock,103.908203,5534.77979,1,43,43,53,7,0,0,-829.952332,-609.390747,-1068.05847,-0.944955409,0.227082267,-0.22705853,-0.0627490059
1040,0,54b24045-e039-40ee-9ba6-824dbdc42f9e,StartingBlock,104.008301,5534.87988,1,43,43,53,7,0,0,-828.11969,-601.704041,-1070.14612,-0.944957376,0.227097541,-0.227040485,-0.0627300516
1041,0,54b24045-e039-40ee-9ba6-824dbdc42f9e,StartingBlock,104.108398,5534.97998,1,43,43,53,7,0,0,-826.258911,-594.017212,-1072.19751,-0.944964409,0.227099866,-0.227013871,-0.0627113953
1042,0,54b24045-e039-40ee-9ba6-824dbdc42f9e,StartingBlock,104.208496,5535.08008,1,43,43,53,7,0,0,-824.369934,-586.330872,-1074.21228,-0.944973707,0.227088347,-0.226997286,-0.0626728237
1043,0,54b24045-e039-40ee-9ba6-824dbdc42f9e,StartingBlock,104.308105,5535.17969,1,43,43,53,7,0,0,-822.452942,-578.644958,-1076.19043,-0.944967985,0.227137625,-0.226984754,-0.0626254231
1044,0,54b24045-e039-40ee-9ba6-824dbdc42f9e,StartingBlock,104.408203,5535.27979,1,43,43,53,7,0,0,-820.508057,-570.959839,-1078.13208,-0.944962323,0.22715877,-0.226983532,-0.062638171
1045,0,54b24045-e039-40ee-9ba6-824dbdc42f9e,StartingBlock,104.508301,5535.37988,1,43,43,53,7,0,0,-818.535278,-563.275818,-1080.03711,-0.944981813,0.227108821,-0.22695829,-0.0626174212
1046,0,54b24045-e039-40ee-9ba6-824dbdc42f9e,StartingBlock,104.608398,5535.47998,1,43,43,53,7,0,0,-816.53479,-555.593018,-1081.90564,-0.944994509,0.227078617,-0.226933077,-0.0626261979
1047,0,54b24045-e039-40ee-9ba6-824dbdc42f9e,StartingBlock,104.708496,5535.58008,1,43,43,53,7,0,0,-814.506653,-547.911804,-1083.73743,-0.944989622,0.227128893,-0.226915032,-0.0625834912
1048,0,54b24045-e039-40ee-9ba6-824dbdc42f9e,StartingBlock,104.808105,5535.67969,1,43,43,53,7,0,0,-812.450989,-540.232361,-1085.53271,-0.944986105,0.22718358,-0.226878881,-0.0625684708
1049,0,54b24045-e039-40ee-9ba6-824dbdc42f9e,StartingBlock,104.908203,5535.77979,1,43,43,53,7,0,0,-810.36792,-532.555115,-1087.29114,-0.944999397,0.227192208,-0.226825446,-0.0625308678
1050,0,54b24045-e039-40ee-9ba6-824dbdc42f9e,StartingBlock,105.008301,5535.87988,1,43,43,53,7,0,0,-808.257507,-524.880066,-1089.01306,-0.945000231,0.2272228,-0.22679767,-0.0625070781
1051,0,54b24045-e039-40ee-9ba6-824dbdc42f9e,StartingBlock,105.108398,5535.97998,1,43,43,53,7,0,0,-806.119873,-517.207825,-1090.69812,-0.944992781,0.227249011,-0.226790309,-0.0625519007
1052,0,54b24045-e039-40ee-9ba6-824dbdc42f9e,StartingBlock,105.208496,5536.08008,1,43,43,53,7,0,0,-803.955139,-509.53833,-1092.34668,-0.945012212,0.227187514,-0.226780951,-0.0625150725
1053,0,54b24045-e039-40ee-9ba6-824dbdc42f9e,StartingBlock,105.308105,5536.17969,1,43,43,53,7,0,0,-801.763367,-501.871948,-1093.95862,-0.945005894,0.227225125,-0.226774871,-0.0624969937
1054,0,54b24045-e039-40ee-9ba6-824dbdc42f9e,StartingBlock,105.408203,5536.27979,1,43,43,53,7,0,0,-799.544678,-494.208954,-1095.53357,-0.945018828,0.227188841,-0.226767614,-0.0624592751
1055,0,54b24045-e039-40ee-9ba6-824dbdc42f9e,StartingBlock,105.508301,5536.37988,1,43,43,53,7,0,0,-797.299133,-486.54953,-1097.0719,-0.945021391,0.227170303,-0.226763681,-0.0625015199
1056,0,54b24045-e039-40ee-9ba6-824dbdc42f9e,StartingBlock,105.608398,5536.47998,1,43,43,53,7,0,0,-795.026978,-478.894012,-1098.57336,-0.945031106,0.227206111,-0.226705506,-0.0624354817
1057,0,54b24045-e039-40ee-9ba6-824dbdc42f9e,StartingBlock,105.708496,5536.58008,1,43,43,53,7,0,0,-792.72821,-471.242554,-1100.03821,-0.945021033,0.227279514,-0.226667032,-0.0624611005
1058,0,54b24045-e039-40ee-9ba6-824dbdc42f9e,StartingBlock,105.808105,5536.67969,1,43,43,53,7,0,0,-790.402954,-463.59549,-1101.46631,-0.945028067,0.22725518,-0.226665407,-0.0624486618
1059,0,54b24045-e039-40ee-9ba6-824dbdc42f9e,StartingBlock,105.908203,5536.77979,1,43,43,53,7,0,0,-788.051331,-455.953003,-1102.85754,-0.945038855,0.227254719,-0.226623595,-0.062438935
1060,0,54b24045-e039-40ee-9ba6-824dbdc42f9e,StartingBlock,106.008301,5536.87988,1,43,43,53,7,0,0,-785.673462,-448.31543,-1104.21204,-0.945056021,0.227228954,-0.226579666,-0.0624325164
1061,0,54b24045-e039-40ee-9ba6-824dbdc42f9e,StartingBlock,106.108398,5536.97998,1,43,43,53,7,0,0,-783.269348,-440.682892,-1105.52979,-0.945049703,0.227285281,-0.226552635,-0.0624219812
1062,0,54b24045-e039-40ee-9ba6-824dbdc42f9e,StartingBlock,106.208496,5537.08008,1,43,43,53,7,0,0,-780.839294,-433.055725,-1106.81079,-0.945063174,0.227250487,-0.226537392,-0.0623987801
1063,0,54b24045-e039-40ee-9ba6-824dbdc42f9e,StartingBlock,106.308105,5537.17969,1,43,43,53,7,0,0,-778.383362,-425.434174,-1108.05493,-0.945069492,0.227233037,-0.226523146,-0.0624193773
1064,0,54b24045-e039-40ee-9ba6-824dbdc42f9e,StartingBlock,106.408203,5537.27979,1,43,43,53,7,0,0,-775.901489,-417.81839,-1109.26245,-0.945057154,0.227330297,-0.226473719,-0.0624308288
1065,0,54b24045-e039-40ee-9ba6-824dbdc42f9e,StartingBlock,106.508301,5537.37988,1,43,43,53,7,0,0,-773.394043,-410.208771,-1110.43323,-0.945061266,0.227361277,-0.226447687,-0.0623503178
1066,0,54b24045-e039-40ee-9ba6-824dbdc42f9e,StartingBlock,106.608398,5537.47998,1,43,43,53,7,0,0,-770.860962,-402.60553,-1111.56726,-0.94507134,0.227356851,-0.22640118,-0.0623820536
1067,0,54b24045-e039-40ee-9ba6-824dbdc42f9e,StartingBlock,106.708496,5537.58008,1,43,43,53,7,0,0,-768.302429,-395.00885,-1112.66455,-0.945078254,0.227309063,-0.226411015,-0.0624167062
1068,0,54b24045-e039-40ee-9ba6-824dbdc42f9e,StartingBlock,106.808105,5537.67969,1,43,43,53,7,0,0,-765.718567,-387.418915,-1113.7251,-0.94508785,0.227309361,-0.226375714,-0.0623984225
1069,0,54b24045-e039-40ee-9ba6-824dbdc42f9e,StartingBlock,106.908203,5537.77979,1,43,43,53,7,0,0,-763.109436,-379.83609,-1114.74902,-0.945079803,0.227351069,-0.226374492,-0.0623720065
1070,0,54b24045-e039-40ee-9ba6-824dbdc42f9e,StartingBlock,107.008301,5537.87988,1,43,43,53,7,0,0,-760.47522,-372.26062,-1115.73608,-0.945087135,0.227335006,-0.226355478,-0.0623890199
1071,0,54b24045-e039-40ee-9ba6-824dbdc42f9e,StartingBlock,107.108398,5537.97998,1,43,43,53,7,0,0,-757.815918,-364.692627,-1116.68665,-0.945095539,0.227324277,-0.226334512,-0.0623759702
1072,0,54b24045-e039-40ee-9ba6-824dbdc42f9e,StartingBlock,107.208496,5538.08008,1,43,43,53,7,0,0,-755.131897,-357.132416,-1117.60046,-0.945084393,0.227386504,-0.226326376,-0.0623479672
1073,0,54b24045-e039-40ee-9ba6-824dbdc42f9e,StartingBlock,107.308105,5538.17969,1,43,43,53,7,0,0,-752.423035,-349.580292,-1118.47766,-0.945094466,0.227388501,-0.226285696,-0.0623364076
1074,0,54b24045-e039-40ee-9ba6-824dbdc42f9e,StartingBlock,107.408203,5538.27979,1,43,43,53,7,0,0,-749.689575,-342.036407,-1119.31812,-0.945114613,0.227314368,-0.226275399,-0.0623378232
1075,0,54b24045-e039-40ee-9ba6-824dbdc42f9e,StartingBlock,107.508301,5538.37988,1,43,43,53,7,0,0,-746.93158,-334.500977,-1120.12207,-0.945122659,0.227294922,-0.226252079,-0.0623711087
1076,0,54b24045-e039-40ee-9ba6-824dbdc42f9e,StartingBlock,107.608398,5538.47998,1,43,43,53,7,0,0,-744.14917,-326.974304,-1120.8894,-0.945102096,0.227414846,-0.226221144,-0.062358994
1077,0,54b24045-e039-40ee-9ba6-824dbdc42f9e,StartingBlock,107.708496,5538.58008,1,43,43,53,7,0,0,-741.34259,-319.456543,-1121.62024,-0.945094943,0.227450907,-0.226220921,-0.0623359866
1078,0,54b24045-e039-40ee-9ba6-824dbdc42f9e,StartingBlock,107.808105,5538.67969,1,43,43,53,7,0,0,-738.51178,-311.94809,-1122.31458,-0.945119739,0.227370158,-0.226185217,-0.062384095
1079,0,54b24045-e039-40ee-9ba6-824dbdc42f9e,StartingBlock,107.908203,5538.77979,1,43,43,53,7,0,0,-735.656982,-304.448975,-1122.97241,-0.945119441,0.227428809,-0.226141647,-0.0623320192
1080,0,54b24045-e039-40ee-9ba6-824dbdc42f9e,StartingBlock,108.008301,5538.87988,1,43,43,53,7,0,0,-732.778259,-296.959564,-1123.59375,-0.945135236,0.227388322,-0.226110622,-0.0623538867
1081,0,54b24045-e039-40ee-9ba6-824dbdc42f9e,StartingBlock,108.108398,5538.97998,1,43,43,53,7,0,0,-729.875793,-289.480042,-1124.17859,-0.945133984,0.227402806,-0.226094082,-0.0623790473
1082,0,54b24045-e039-40ee-9ba6-824dbdc42f9e,StartingBlock,108.208496,5539.08008,1,43,43,53,7,0,0,-726.949707,-282.010529,-1124.72705,-0.945135951,0.227404103,-0.226077899,-0.0624041781
1083,0,54b24045-e039-40ee-9ba6-824dbdc42f9e,StartingBlock,108.308105,5539.17969,1,43,43,53,7,0,0,-724.000061,-274.551453,-1125.23914,-0.945139885,0.227453783,-0.226034835,-0.062319573
1084,0,54b24045-e039-40ee-9ba6-824dbdc42f9e,StartingBlock,108.408203,5539.27979,1,43,43,53,7,0,0,-721.0271,-267.102966,-1125.7146,-0.945144951,0.227397978,-0.226063535,-0.0623418018
1085,0,54b24045-e039-40ee-9ba6-824dbdc42f9e,StartingBlock,108.508301,5539.37988,1,43,43,53,7,0,0,-718.030762,-259.665161,-1126.15405,-0.945138574,0.227462679,-0.226029649,-0.0623261407
1086,0,54b24045-e039-40ee-9ba6-824dbdc42f9e,StartingBlock,108.608398,5539.47998,1,43,43,53,7,0,0,-715.011353,-252.238403,-1126.55725,-0.945132852,0.227470279,-0.226040065,-0.0623475201
1087,0,54b24045-e039-40ee-9ba6-824dbdc42f9e,StartingBlock,108.708496,5539.58008,1,43,43,53,7,0,0,-711.968933,-244.822952,-1126.92383,-0.945143044,0.227472737,-0.226000071,-0.0623291805
1088,0,54b24045-e039-40ee-9ba6-824dbdc42f9e,StartingBlock,108.808105,5539.67969,1,43,43,53,7,0,0,-708.903625,-237.418961,-1127.25452,-0.945145965,0.227474704,-0.225980386,-0.0623485446
1089,0,54b24045-e039-40ee-9ba6-824dbdc42f9e,StartingBlock,108.908203,5539.77979,1,43,43,53,7,0,0,-705.815552,-230.026596,-1127.54907,-0.945133448,0.227547675,-0.225968331,-0.0623147674
1090,0,54b24045-e039-40ee-9ba6-824dbdc42f9e,StartingBlock,109.008301,5539.87988,1,43,43,53,7,0,0,-702.704956,-222.64621,-1127.80737,-0.94514823,0.227499381,-0.225937843,-0.0623779632
1091,0,54b24045-e039-40ee-9ba6-824dbdc42f9e,StartingBlock,109.108398,5539.97998,1,43,43,53,7,0,0,-699.571655,-215.277893,-1128.02942,-0.94515264,0.227519587,-0.225904822,-0.0623578392
1092,0,54b24045-e039-40ee-9ba6-824dbdc42f9e,StartingBlock,109.208496,5540.08008,1,43,43,53,7,0,0,-696.416138,-207.921982,-1128.21558,-0.945154607,0.227501482,-0.225907445,-0.0623838641
1093,0,54b24045-e039-40ee-9ba6-824dbdc42f9e,StartingBlock,109.308105,5540.17969,1,43,43,53,7,0,0,-693.238403,-200.578598,-1128.36572,-0.94514811,0.227590695,-0.225850299,-0.062363185
1094,0,54b24045-e039-40ee-9ba6-824dbdc42f9e,StartingBlock,109.408203,5540.27979,1,43,43,53,7,0,0,-690.038574,-193.248062,-1128.47986,-0.945165157,0.227512941,-0.225848705,-0.062395405
1095,0,54b24045-e039-40ee-9ba6-824dbdc42f9e,StartingBlock,109.508301,5540.37988,1,43,43,53,7,0,0,-686.816833,-185.930466,-1128.55811,-0.945164442,0.22755444,-0.22582151,-0.0623532608
1096,0,54b24045-e039-40ee-9ba6-824dbdc42f9e,StartingBlock,109.608398,5540.47998,1,43,43,53,7,0,0,-683.573242,-178.626099,-1128.60046,-0.945160687,0.227580324,-0.225804254,-0.0623785444
1097,0,54b24045-e039-40ee-9ba6-824dbdc42f9e,StartingBlock,109.708496,5540.58008,1,43,43,53,7,0,0,-680.307922,-171.335129,-1128.60706,-0.945152581,0.227633789,-0.225782111,-0.0623844899
1098,0,54b24045-e039-40ee-9ba6-824dbdc42f9e,StartingBlock,109.808105,5540.67969,1,43,43,53,7,0,0,-677.020996,-164.057892,-1128.57776,-0.945158541,0.227588445,-0.225799516,-0.0623966344
1099,0,54b24045-e039-40ee-9ba6-824dbdc42f9e,StartingBlock,109.908203,5540.77979,1,43,43,53,7,0,0,-673.712708,-156.794464,-1128.51282,-0.945161223,0.227573887,-0.225812688,-0.0623624995
1100,0,54b24045-e039-40ee-9ba6-824dbdc42f9e,StartingBlock,110.008301,5540.87988,1,43,43,53,7,0,0,-670.383118,-149.545059,-1128.41223,-0.945154369,0.227632731,-0.225785896,-0.0623490214
1101,0,54b24045-e039-40ee-9ba6-824dbdc42f9e,StartingBlock,110.108398,5540.97998,1,43,43,53,7,0,0,-667.032349,-142.309921,-1128.276,-0.945153952,0.227639109,-0.225777254,-0.0623624325
1102,0,54b24045-e039-40ee-9ba6-824dbdc42f9e,StartingBlock,110.208496,5541.08008,1,43,43,53,7,0,0,-663.660522,-135.089325,-1128.10413,-0.945151806,0.227632776,-0.225799739,-0.0623379983
1103,0,54b24045-e039-40ee-9ba6-824dbdc42f9e,StartingBlock,110.308105,5541.17969,1,43,43,53,7,0,0,-660.267822,-127.883408,-1127.89685,-0.945161223,0.227616206,-0.225777254,-0.0623353496
1104,0,54b24045-e039-40ee-9ba6-824dbdc42f9e,StartingBlock,110.408203,5541.27979,1,43,43,53,7,0,0,-656.85437,-120.692322,-1127.65417,-0.945153892,0.227658182,-0.225775555,-0.0623013377
1105,0,54b24045-e039-40ee-9ba6-824dbdc42f9e,StartingBlock,110.508301,5541.37988,1,43,43,53,7,0,0,-653.420288,-113.516335,-1127.37598,-0.945153892,0.227653146,-0.225766093,-0.0623529814
1106,0,54b24045-e039-40ee-9ba6-824dbdc42f9e,StartingBlock,110.608398,5541.47998,1,43,43,53,7,0,0,-649.965759,-106.355644,-1127.06238,-0.945145428,0.22767365,-0.225776091,-0.0623706467
1107,0,54b24045-e039-40ee-9ba6-824dbdc42f9e,StartingBlock,110.708496,5541.58008,1,43,43,53,7,0,0,-646.490845,-99.2104874,-1126.71362,-0.945153058,0.227667853,-0.225762635,-0.0623237416
1108,0,54b24045-e039-40ee-9ba6-824dbdc42f9e,StartingBlock,110.808105,5541.67969,1,43,43,53,7,0,0,-642.995789,-92.0810318,-1126.32959,-0.945160568,0.227649808,-0.225747004,-0.0623339936
1109,0,54b24045-e039-40ee-9ba6-824dbdc42f9e,StartingBlock,110.908203,5541.77979,1,43,43,53,7,0,0,-639.480652,-84.9674225,-1125.9104,-0.945145607,0.227708608,-0.225737259,-0.0623810776
1110,0,54b24045-e039-40ee-9ba6-824dbdc42f9e,StartingBlock,111.008301,5541.87988,1,43,43,53,7,0,0,-635.945496,-77.8699722,-1125.45605,-0.945156217,0.22767885,-0.225719973,-0.0623912364
1111,0,54b24045-e039-40ee-9ba6-824dbdc42f9e,StartingBlock,111.108398,5541.97998,1,43,43,53,7,0,0,-632.390564,-70.788765,-1124.9668,-0.945158184,0.227720678,-0.225672275,-0.0623803101
1112,0,54b24045-e039-40ee-9ba6-824dbdc42f9e,StartingBlock,111.208496,5542.08008,1,43,43,53,7,0,0,-628.81604,-63.7240295,-1124.44263,-0.945148766,0.22775735,-0.225677699,-0.0623708442
1113,0,54b24045-e039-40ee-9ba6-824dbdc42f9e,StartingBlock,111.308105,5542.17969,1,43,43,53,7,0,0,-625.222107,-56.6760521,-1123.88342,-0.945157349,0.22773467,-0.225669652,-0.0623516254
1114,0,54b24045-e039-40ee-9ba6-824dbdc42f9e,StartingBlock,111.408203,5542.27979,1,43,43,53,7,0,0,-621.608643,-49.644989,-1123.28931,-0.945175886,0.227677718,-0.225658044,-0.0623204969
1115,0,54b24045-e039-40ee-9ba6-824dbdc42f9e,StartingBlock,111.508301,5542.37988,1,43,43,53,7,0,0,-617.976013,-42.6308823,-1122.66064,-0.945157647,0.227766857,-0.225645557,-0.0623177662
1116,0,54b24045-e039-40ee-9ba6-824dbdc42f9e,StartingBlock,111.608398,5542.47998,1,43,43,53,7,0,0,-614.324219,-35.6340599,-1121.99719,-0.945158601,0.227801755,-0.225604907,-0.0623222366
1117,0,54b24045-e039-40ee-9ba6-824dbdc42f9e,StartingBlock,111.708496,5542.58008,1,43,43,53,7,0,0,-610.653503,-28.6547623,-1121.29907,-0.945175827,0.227737561,-0.225580469,-0.0623843186
1118,0,54b24045-e039-40ee-9ba6-824dbdc42f9e,StartingBlock,111.808105,5542.67969,1,43,43,53,7,0,0,-606.963989,-21.6930466,-1120.56653,-0.945168436,0.227803618,-0.225565046,-0.0623105131
1119,0,54b24045-e039-40ee-9ba6-824dbdc42f9e,StartingBlock,111.908203,5542.77979,1,43,43,53,7,0,0,-603.255737,-14.7491817,-1119.79944,-0.945173979,0.227804244,-0.225530118,-0.0623512194
1120,0,54b24045-e039-40ee-9ba6-824dbdc42f9e,StartingBlock,112.008301,5542.87988,1,43,43,53,7,0,0,-599.529114,-7.82335472,-1118.99805,-0.945165515,0.227837399,-0.225524604,-0.0623772517
1121,0,54b24045-e039-40ee-9ba6-824dbdc42f9e,StartingBlock,112.108398,5542.97998,1,43,43,53,7,0,0,-595.783936,-0.915732861,-1118.16223,-0.945166051,0.227845997,-0.225526229,-0.0623330884
1122,0,54b24045-e039-40ee-9ba6-824dbdc42f9e,StartingBlock,112.208496,5543.08008,1,43,43,53,7,0,0,-592.020508,5.97353458,-1117.29224,-0.945158303,0.227897584,-0.225515336,-0.0623011962
1123,0,54b24045-e039-40ee-9ba6-824dbdc42f9e,StartingBlock,112.308105,5543.17969,1,43,43,53,7,0,0,-588.239014,12.8442001,-1116.38806,-0.945168793,0.227891907,-0.225473166,-0.0623153783
1124,0,54b24045-e039-40ee-9ba6-824dbdc42f9e,StartingBlock,112.408203,5543.27979,1,43,43,53,7,0,0,-584.439575,19.6960754,-1115.44958,-0.945180953,0.227851227,-0.225450218,-0.0623625256
1125,0,54b24045-e039-40ee-9ba6-824dbdc42f9e,StartingBlock,112.508301,5543.37988,1,43,43,53,7,0,0,-580.622314,26.5290451,-1114.47742,-0.945173681,0.227893293,-0.22544618,-0.0623320751
1126,0,54b24045-e039-40ee-9ba6-824dbdc42f9e,StartingBlock,112.608398,5543.47998,1,43,43,53,7,0,0,-576.787354,33.3428841,-1113.47107,-0.945165217,0.227938592,-0.225440919,-0.0623144731
1127,0,54b24045-e039-40ee-9ba6-824dbdc42f9e,StartingBlock,112.708496,5543.58008,1,43,43,53,7,0,0,-572.934814,40.1373825,-1112.43079,-0.945172429,0.227928266,-0.225425228,-0.0623007603
1128,0,54b24045-e039-40ee-9ba6-824dbdc42f9e,StartingBlock,112.808105,5543.67969,1,43,43,53,7,0,0,-569.06488,46.9124031,-1111.35681,-0.94517839,0.227888376,-0.225431964,-0.0623308308
1129,0,54b24045-e039-40ee-9ba6-824dbdc42f9e,StartingBlock,112.908203,5543.77979,1,43,43,53,7,0,0,-565.177734,53.6678391,-1110.24927,-0.945157588,0.227985263,-0.225429356,-0.0623018742
1130,0,54b24045-e039-40ee-9ba6-824dbdc42f9e,StartingBlock,113.008301,5543.87988,1,43,43,53,7,0,0,-561.273499,60.4033928,-1109.10803,-0.945165813,0.227976114,-0.22540392,-0.0623027608
1131,0,54b24045-e039-40ee-9ba6-824dbdc42f9e,StartingBlock,113.108398,5543.97998,1,43,43,53,7,0,0,-557.352295,67.1189423,-1107.93323,-0.945160449,0.227999419,-0.225401297,-0.0623080209
1132,0,54b24045-e039-40ee-9ba6-824dbdc42f9e,StartingBlock,113.208496,5544.08008,1,43,43,53,7,0,0,-553.414246,73.8143005,-1106.7251,-0.945159853,0.227988809,-0.225408807,-0.0623284429
1133,0,54b24045-e039-40ee-9ba6-824dbdc42f9e,StartingBlock,113.308105,5544.17969,1,43,43,53,7,0,0,-549.459473,80.4892883,-1105.4834,-0.945180416,0.227920234,-0.225383937,-0.0623575896
1134,0,54b24045-e039-40ee-9ba6-824dbdc42f9e,StartingBlock,113.408203,5544.27979,1,43,43,53,7,0,0,-545.48822,87.143837,-1104.2085,-0.945165038,0.227984786,-0.225390762,-0.062330883
1135,0,54b24045-e039-40ee-9ba6-824dbdc42f9e,StartingBlock,113.508301,5544.37988,1,43,43,53,7,0,0,-541.500427,93.7776566,-1102.90039,-0.945156932,0.228002161,-0.225390956,-0.0623888113
1136,0,54b24045-e039-40ee-9ba6-824dbdc42f9e,StartingBlock,113.608398,5544.47998,1,43,43,53,7,0,0,-537.49646,100.390602,-1101.55933,-0.945164442,0.227996096,-0.225377977,-0.0623439737
1137,0,54b24045-e039-40ee-9ba6-824dbdc42f9e,StartingBlock,113.708496,5544.58008,1,43,43,53,7,0,0,-533.47644,106.982559,-1100.18518,-0.945156515,0.228031114,-0.225373432,-0.0623531491
1138,0,54b24045-e039-40ee-9ba6-824dbdc42f9e,StartingBlock,113.808105,5544.67969,1,43,43,53,7,0,0,-529.44043,113.553299,-1098.7782,-0.945171237,0.228050768,-0.225301042,-0.0623194166
1139,0,54b24045-e039-40ee-9ba6-824dbdc42f9e,StartingBlock,113.908203,5544.77979,1,43,43,53,7,0,0,-525.388611,120.102646,-1097.33826,-0.945185483,0.22802566,-0.225259468,-0.0623460412
1140,0,54b24045-e039-40ee-9ba6-824dbdc42f9e,StartingBlock,114.008301,5544.87988,1,43,43,53,7,0,0,-521.321045,126.630463,-1095.8656,-0.945185602,0.227989465,-0.225287497,-0.0623746701
1141,0,54b24045-e039-40ee-9ba6-824dbdc42f9e,StartingBlock,114.108398,5544.97998,1,43,43,53,7,0,0,-517.238098,133.136642,-1094.36035,-0.945183396,0.228010744,-0.225276217,-0.0623712689
1142,0,54b24045-e039-40ee-9ba6-824dbdc42f9e,StartingBlock,114.208496,5545.08008,1,43,43,53,7,0,0,-513.139587,139.620956,-1092.82251,-0.945175469,0.228069857,-0.225254476,-0.062353272
1143,0,54b24045-e039-40ee-9ba6-824dbdc42f9e,StartingBlock,114.308105,5545.17969,1,43,43,53,7,0,0,-509.025879,146.083298,-1091.25232,-0.945171058,0.228114501,-0.22522372,-0.062367741
1144,0,54b24045-e039-40ee-9ba6-824dbdc42f9e,StartingBlock,114.408203,5545.27979,1,43,43,53,7,0,0,-504.897064,152.523422,-1089.64954,-0.945179343,0.228074282,-0.225228339,-0.0623724386
1145,0,54b24045-e039-40ee-9ba6-824dbdc42f9e,StartingBlock,114.508301,5545.37988,1,43,43,53,7,0,0,-500.753326,158.941254,-1088.01453,-0.945184827,0.228062302,-0.225212142,-0.0623927079
1146,0,54b24045-e039-40ee-9ba6-824dbdc42f9e,StartingBlock,114.608398,5545.47998,1,43,43,53,7,0,0,-496.594849,165.336655,-1086.34753,-0.945178032,0.228128731,-0.225186422,-0.0623451918
1147,0,54b24045-e039-40ee-9ba6-824dbdc42f9e,StartingBlock,114.708496,5545.58008,1,43,43,53,7,0,0,-492.421692,171.709381,-1084.64832,-0.945184112,0.228109404,-0.225176722,-0.0623593368
1148,0,54b24045-e039-40ee-9ba6-824dbdc42f9e,StartingBlock,114.808105,5545.67969,1,43,43,53,7,0,0,-488.233978,178.05928,-1082.91711,-0.94518286,0.228087798,-0.2252056,-0.0623516068
1149,0,54b24045-e039-40ee-9ba6-824dbdc42f9e,StartingBlock,114.908203,5545.77979,1,43,43,53,7,0,0,-484.03186,184.386292,-1081.15417,-0.945178807,0.228119627,-0.225189909,-0.0623537786
1150,0,54b24045-e039-40ee-9ba6-824dbdc42f9e,StartingBlock,115.008301,5545.87988,1,43,43,53,7,0,0,-479.815521,190.69017,-1079.35913,-0.945186257,0.228073791,-0.225198776,-0.0623768792
1151,0,54b24045-e039-40ee-9ba6-824dbdc42f9e,StartingBlock,115.108398,5545.97998,1,43,43,53,7,0,0,-475.585114,196.970856,-1077.53271,-0.945183933,0.228113115,-0.225170523,-0.0623706654
1152,0,54b24045-e039-40ee-9ba6-824dbdc42f9e,StartingBlock,115.208496,5546.08008,1,43,43,53,7,0,0,-471.340759,203.228134,-1075.67456,-0.945176423,0.228151277,-0.225166246,-0.0623602457
1153,0,54b24045-e039-40ee-9ba6-824dbdc42f9e,StartingBlock,115.308105,5546.17969,1,43,43,53,7,0,0,-467.082611,209.461868,-1073.78503,-0.945174932,0.228176638,-0.225154862,-0.062330965
1154,0,54b24045-e039-40ee-9ba6-824dbdc42f9e,StartingBlock,115.408203,5546.27979,1,43,43,53,7,0,0,-462.81076,215.67189,-1071.86414,-0.945181608,0.228151515,-0.225139648,-0.0623770915
1155,0,54b24045-e039-40ee-9ba6-824dbdc42f9e,StartingBlock,115.508301,5546.37988,1,43,43,53,7,0,0,-458.525452,221.858109,-1069.91187,-0.945176005,0.228158891,-0.225161195,-0.0623563491
1156,0,54b24045-e039-40ee-9ba6-824dbdc42f9e,StartingBlock,115.608398,5546.47998,1,43,43,53,7,0,0,-454.226837,228.020386,-1067.92859,-0.945159018,0.22823891,-0.225155115,-0.0623429269
1157,0,54b24045-e039-40ee-9ba6-824dbdc42f9e,StartingBlock,115.708496,5546.58008,1,43,43,53,7,0,0,-449.914917,234.158508,-1065.91406,-0.945153594,0.228271767,-0.225149378,-0.0623248927
1158,0,54b24045-e039-40ee-9ba6-824dbdc42f9e,StartingBlock,115.808105,5546.67969,1,43,43,53,7,0,0,-445.589966,240.272308,-1063.86853,-0.945165575,0.228192762,-0.22517471,-0.0623418093
1159,0,54b24045-e039-40ee-9ba6-824dbdc42f9e,StartingBlock,115.908203,5546.77979,1,43,43,53,7,0,0,-441.252075,246.36174,-1061.79224,-0.945164263,0.228204355,-0.225165427,-0.0623522624
1160,0,54b24045-e039-40ee-9ba6-824dbdc42f9e,StartingBlock,116.008301,5546.87988,1,43,43,53,7,0,0,-436.901398,252.426636,-1059.6853,-0.945163548,0.228209764,-0.225163206,-0.0623514205
1161,0,54b24045-e039-40ee-9ba6-824dbdc42f9e,StartingBlock,116.108398,5546.97998,1,43,43,53,7,0,0,-432.538116,258.466827,-1057.54773,-0.945156157,0.228235632,-0.225171983,-0.0623379126
1162,0,54b24045-e039-40ee-9ba6-824dbdc42f9e,StartingBlock,116.208496,5547.08008,1,43,43,53,7,0,0,-428.162323,264.482147,-1055.37939,-0.945162952,0.228216484,-0.225160852,-0.0623446442
1163,0,54b24045-e039-40ee-9ba6-824dbdc42f9e,StartingBlock,116.308105,5547.17969,1,43,43,53,7,0,0,-423.77417,270.472595,-1053.18079,-0.945159793,0.22825484,-0.225134403,-0.0623481832
1164,0,54b24045-e039-40ee-9ba6-824dbdc42f9e,StartingBlock,116.408203,5547.27979,1,43,43,53,7,0,0,-419.373871,276.437897,-1050.95178,-0.945174396,0.228188634,-0.225139439,-0.0623507574
1165,0,54b24045-e039-40ee-9ba6-824dbdc42f9e,StartingBlock,116.508301,5547.37988,1,43,43,53,7,0,0,-414.961487,282.378052,-1048.69275,-0.945160031,0.228294209,-0.22509639,-0.062338341
1166,0,54b24045-e039-40ee-9ba6-824dbdc42f9e,StartingBlock,116.608398,5547.47998,1,43,43,53,7,0,0,-410.53714,288.292786,-1046.40332,-0.94516474,0.228322089,-0.225058243,-0.0623018146
1167,0,54b24045-e039-40ee-9ba6-824dbdc42f9e,StartingBlock,116.708496,5547.58008,1,43,43,53,7,0,0,-406.101044,294.181915,-1044.08398,-0.945175469,0.228214398,-0.225107983,-0.0623524003
1168,0,54b24045-e039-40ee-9ba6-824dbdc42f9e,StartingBlock,116.808105,5547.67969,1,43,43,53,7,0,0,-401.65332,300.045532,-1041.73486,-0.945174754,0.22823897,-0.225085214,-0.0623572171
1169,0,54b24045-e039-40ee-9ba6-824dbdc42f9e,StartingBlock,116.908203,5547.77979,1,43,43,53,7,0,0,-397.194122,305.883423,-1039.35596,-0.945176661,0.228243709,-0.225074932,-0.0623483248
1170,0,54b24045-e039-40ee-9ba6-824dbdc42f9e,StartingBlock,117.008301,5547.87988,1,43,43,53,7,0,0,-392.723572,311.695374,-1036.94727,-0.945173085,0.228256494,-0.225071356,-0.062367972
1171,0,54b24045-e039-40ee-9ba6-824dbdc42f9e,StartingBlock,117.108398,5547.97998,1,43,43,53,7,0,0,-388.241821,317.481415,-1034.50903,-0.945166647,0.228313088,-0.225047648,-0.0623428896
1172,0,54b24045-e039-40ee-9ba6-824dbdc42f9e,StartingBlock,117.208496,5548.08008,1,43,43,53,7,0,0,-383.749054,323.241272,-1032.04138,-0.945163429,0.228346363,-0.225025505,-0.0623504817
1173,0,54b24045-e039-40ee-9ba6-824dbdc42f9e,StartingBlock,117.308105,5548.17969,1,43,43,53,7,0,0,-379.245331,328.974854,-1029.54443,-0.94517833,0.228333086,-0.224978238,-0.0623442009
1174,0,54b24045-e039-40ee-9ba6-824dbdc42f9e,StartingBlock,117.408203,5548.27979,1,43,43,53,7,0,0,-374.730896,334.682037,-1027.01843,-0.945172608,0.228349566,-0.224990398,-0.0623261705
1175,0,54b24045-e039-40ee-9ba6-824dbdc42f9e,StartingBlock,117.508301,5548.37988,1,43,43,53,7,0,0,-370.205841,340.362671,-1024.46313,-0.945192695,0.228250712,-0.225000024,-0.0623482764
1176,0,54b24045-e039-40ee-9ba6-824dbdc42f9e,StartingBlock,117.608398,5548.47998,1,43,43,53,7,0,0,-365.670288,346.016785,-1021.87903,-0.945187449,0.228309929,-0.22496134,-0.0623515062
1177,0,54b24045-e039-40ee-9ba6-824dbdc42f9e,StartingBlock,117.708496,5548.58008,1,43,43,53,7,0,0,-361.124359,351.644135,-1019.26599,-0.945183158,0.228330702,-0.224956453,-0.0623581037
1178,0,54b24045-e039-40ee-9ba6-824dbdc42f9e,StartingBlock,117.808105,5548.67969,1,43,43,53,7,0,0,-356.568298,357.244537,-1016.62415,-0.945190132,0.22830303,-0.22495541,-0.062357001
1179,0,54b24045-e039-40ee-9ba6-824dbdc42f9e,StartingBlock,117.908203,5548.77979,1,43,43,53,7,0,0,-352.002197,362.818024,-1013.9538,-0.945174694,0.228369385,-0.224954367,-0.0623517744
1180,0,54b24045-e039-40ee-9ba6-824dbdc42f9e,StartingBlock,118.008301,5548.87988,1,43,43,53,7,0,0,-347.426178,368.36441,-1011.25482,-0.945178866,0.228336364,-0.224963918,-0.062375322
1181,0,54b24045-e039-40ee-9ba6-824dbdc42f9e,StartingBlock,118.108398,5548.97998,1,43,43,53,7,0,0,-342.840424,373.883575,-1008.52747,-0.945174992,0.228377968,-0.224941373,-0.0623638406
1182,0,54b24045-e039-40ee-9ba6-824dbdc42f9e,StartingBlock,118.208496,5549.08008,1,43,43,53,7,0,0,-338.244995,379.375397,-1005.77191,-0.945168853,0.228392467,-0.224951893,-0.0623653457
1183,0,54b24045-e039-40ee-9ba6-824dbdc42f9e,StartingBlock,118.308105,5549.17969,1,43,43,53,7,0,0,-333.640137,384.839752,-1002.98816,-0.945163071,0.228417575,-0.224953666,-0.0623538196
1184,0,54b24045-e039-40ee-9ba6-824dbdc42f9e,StartingBlock,118.408203,5549.27979,1,43,43,53,7,0,0,-329.02597,390.276581,-1000.17633,-0.945163667,0.228420794,-0.224950835,-0.0623433478
1185,0,54b24045-e039-40ee-9ba6-824dbdc42f9e,StartingBlock,118.508301,5549.37988,1,43,43,53,7,0,0,-324.402557,395.68573,-997.336609,-0.945157886,0.228431299,-0.224961475,-0.0623550713
1186,0,54b24045-e039-40ee-9ba6-824dbdc42f9e,StartingBlock,118.608398,5549.47998,1,43,43,53,7,0,0,-319.770172,401.067108,-994.469116,-0.945162296,0.228420243,-0.22495304,-0.0623588078
1187,0,54b24045-e039-40ee-9ba6-824dbdc42f9e,StartingBlock,118.708496,5549.58008,1,43,43,53,7,0,0,-315.128815,406.420593,-991.573914,-0.945157111,0.228447124,-0.224953964,-0.06233491
1188,0,54b24045-e039-40ee-9ba6-824dbdc42f9e,StartingBlock,118.808105,5549.67969,1,43,43,53,7,0,0,-310.478729,411.746124,-988.651123,-0.945165217,0.228450567,-0.224915415,-0.0623384193
1189,0,54b24045-e039-40ee-9ba6-824dbdc42f9e,StartingBlock,118.908203,5549.77979,1,43,43,53,7,0,0,-305.819977,417.043518,-985.700989,-0.945166588,0.228455707,-0.224900901,-0.0623520054
1190,0,54b24045-e039-40ee-9ba6-824dbdc42f9e,StartingBlock,119.008301,5549.87988,1,43,43,53,7,0,0,-301.152802,422.312683,-982.723572,-0.945159733,0.228483915,-0.22489962,-0.0623571165
1191,0,54b24045-e039-40ee-9ba6-824dbdc42f9e,StartingBlock,119.108398,5549.97998,1,43,43,53,7,0,0,-296.477264,427.553528,-979.718872,-0.9451648,0.22843802,-0.224923104,-0.0623640157
1192,0,54b24045-e039-40ee-9ba6-824dbdc42f9e,StartingBlock,119.208496,5550.08008,1,43,43,53,7,0,0,-291.793518,432.765991,-976.687134,-0.945153236,0.228500769,-0.224908859,-0.0623603575
1193,0,54b24045-e039-40ee-9ba6-824dbdc42f9e,StartingBlock,119.308105,5550.17969,1,43,43,53,7,0,0,-287.101746,437.949951,-973.62854,-0.945154488,0.228501171,-0.22490494,-0.0623538159
1194,0,54b24045-e039-40ee-9ba6-824dbdc42f9e,StartingBlock,119.408203,5550.27979,1,43,43,53,7,0,0,-282.402069,443.105286,-970.542969,-0.945150912,0.228507102,-0.224915355,-0.062348552
1195,0,54b24045-e039-40ee-9ba6-824dbdc42f9e,StartingBlock,119.508301,5550.37988,1,43,43,53,7,0,0,-277.69458,448.231903,-967.430786,-0.945150971,0.228516981,-0.224909201,-0.062334314
1196,0,54b24045-e039-40ee-9ba6-824dbdc42f9e,StartingBlock,119.608398,5550.47998,1,43,43,53,7,0,0,-272.979462,453.329681,-964.292114,-0.945150256,0.228530645,-0.224896088,-0.0623418204
1197,0,54b24045-e039-40ee-9ba6-824dbdc42f9e,StartingBlock,119.708496,5550.58008,1,43,43,53,7,0,0,-268.256866,458.398621,-961.126892,-0.945151985,0.228501543,-0.224910975,-0.0623697266
1198,0,54b24045-e039-40ee-9ba6-824dbdc42f9e,StartingBlock,119.808105,5550.67969,1,43,43,53,7,0,0,-263.526917,463.438477,-957.935425,-0.945142269,0.228560582,-0.224902242,-0.062330734
1199,0,54b24045-e039-40ee-9ba6-824dbdc42f9e,StartingBlock,119.908203,5550.77979,1,43,43,53,7,0,0,-258.789734,468.449249,-954.717651,-0.945146859,0.228519872,-0.224917307,-0.062355794
1200,0,54b24045-e039-40ee-9ba6-824dbdc42f9e,StartingBlock,120.008301,5550.87988,1,43,43,53,7,0,0,-254.045532,473.430847,-951.473938,-0.945143104,0.228543982,-0.224911556,-0.0623459481
1201,0,54b24045-e039-40ee-9ba6-824dbdc42f9e,StartingBlock,120.108398,5550.97998,1,43,43,53,7,0,0,-249.294373,478.383148,-948.204224,-0.945142388,0.22856234,-0.224895492,-0.0623479523
1202,0,54b24045-e039-40ee-9ba6-824dbdc42f9e,StartingBlock,120.208496,5551.08008,1,43,43,53,7,0,0,-244.536377,483.30603,-944.908691,-0.94514811,0.228544131,-0.224889711,-0.0623487607
1203,0,54b24045-e039-40ee-9ba6-824dbdc42f9e,StartingBlock,120.308105,5551.17969,1,43,43,53,7,0,0,-239.77179,488.199463,-941.587463,-0.945145786,0.228553012,-0.224886447,-0.0623628534
1204,0,54b24045-e039-40ee-9ba6-824dbdc42f9e,StartingBlock,120.408203,5551.27979,1,43,43,53,7,0,0,-235.000641,493.063354,-938.240723,-0.945140898,0.228593305,-0.224868149,-0.0623547882
1205,0,54b24045-e039-40ee-9ba6-824dbdc42f9e,StartingBlock,120.508301,5551.37988,1,43,43,53,7,0,0,-230.223145,497.897583,-934.86853,-0.945141733,0.228593364,-0.224866346,-0.0623486489
1206,0,54b24045-e039-40ee-9ba6-824dbdc42f9e,StartingBlock,120.608398,5551.47998,1,43,43,53,7,0,0,-225.439407,502.702057,-931.471008,-0.945137978,0.228615046,-0.224855706,-0.0623646043
1207,0,54b24045-e039-40ee-9ba6-824dbdc42f9e,StartingBlock,120.708496,5551.58008,1,43,43,53,7,0,0,-220.649551,507.476685,-928.048279,-0.945147872,0.228592023,-0.224836215,-0.0623696893
1208,0,54b24045-e039-40ee-9ba6-824dbdc42f9e,StartingBlock,120.808105,5551.67969,1,43,43,53,7,0,0,-215.853745,512.221497,-924.600586,-0.945138574,0.22862795,-0.22483702,-0.0623748414
1209,0,54b24045-e039-40ee-9ba6-824dbdc42f9e,StartingBlock,120.908203,5551.77979,1,43,43,53,7,0,0,-211.052139,516.936279,-921.127991,-0.945143044,0.228596553,-0.2248483,-0.0623820871
1210,0,54b24045-e039-40ee-9ba6-824dbdc42f9e,StartingBlock,121.008301,5551.87988,1,43,43,53,7,0,0,-206.244812,521.620911,-917.630554,-0.945151269,0.228591368,-0.224819273,-0.0623818301
1211,0,54b24045-e039-40ee-9ba6-824dbdc42f9e,StartingBlock,121.108398,5551.97998,1,43,43,53,7,0,0,-201.431976,526.275452,-914.108521,-0.945139587,0.22861594,-0.224846169,-0.0623713583
1212,0,54b24045-e039-40ee-9ba6-824dbdc42f9e,StartingBlock,121.208496,5552.08008,1,43,43,53,7,0,0,-196.613708,530.899719,-910.56189,-0.945140541,0.228604063,-0.224857241,-0.0623599961
1213,0,54b24045-e039-40ee-9ba6-824dbdc42f9e,StartingBlock,121.308105,5552.17969,1,43,43,53,7,0,0,-191.790161,535.493591,-906.990845,-0.945141375,0.228625938,-0.224829674,-0.0623671077
1214,0,54b24045-e039-40ee-9ba6-824dbdc42f9e,StartingBlock,121.408203,5552.27979,1,43,43,53,7,0,0,-186.961472,540.057129,-903.395508,-0.945130408,0.228656664,-0.224844083,-0.0623682477
1215,0,54b24045-e039-40ee-9ba6-824dbdc42f9e,StartingBlock,121.508301,5552.37988,1,43,43,53,7,0,0,-182.127792,544.590088,-899.776001,-0.945132554,0.228646353,-0.224844098,-0.0623727702
1216,0,54b24045-e039-40ee-9ba6-824dbdc42f9e,StartingBlock,121.608398,5552.47998,1,43,43,53,7,0,0,-177.289261,549.092651,-896.132629,-0.945136309,0.228634655,-0.224842072,-0.0623673536
1217,0,54b24045-e039-40ee-9ba6-824dbdc42f9e,StartingBlock,121.708496,5552.58008,1,43,43,53,7,0,0,-172.445969,553.564453,-892.465332,-0.945132375,0.228654593,-0.224842325,-0.0623535253
1218,0,54b24045-e039-40ee-9ba6-824dbdc42f9e,StartingBlock,121.808105,5552.67969,1,43,43,53,7,0,0,-167.598099,558.005615,-888.774292,-0.945134997,0.228641793,-0.224839881,-0.0623681881
1219,0,54b24045-e039-40ee-9ba6-824dbdc42f9e,StartingBlock,121.908203,5552.77979,1,43,43,53,7,0,0,-162.745728,562.415894,-885.05957,-0.94513756,0.228634328,-0.224834546,-0.0623763911
1220,0,54b24045-e039-40ee-9ba6-824dbdc42f9e,StartingBlock,122.008301,5552.87988,1,43,43,53,7,0,0,-157.889069,566.795349,-881.321411,-0.945133805,0.228662908,-0.224825427,-0.0623605438
1221,0,54b24045-e039-40ee-9ba6-824dbdc42f9e,StartingBlock,122.108398,5552.97998,1,43,43,53,7,0,0,-153.028198,571.143921,-877.559875,-0.945128918,0.228663847,-0.224837795,-0.0623880588
1222,0,54b24045-e039-40ee-9ba6-824dbdc42f9e,StartingBlock,122.208496,5553.08008,1,43,43,53,7,0,0,-148.1633,575.461548,-873.775146,-0.945134401,0.228655666,-0.224826068,-0.0623768866
1223,0,54b24045-e039-40ee-9ba6-824dbdc42f9e,StartingBlock,122.308105,5553.17969,1,43,43,53,7,0,0,-143.294464,579.747986,-869.967346,-0.945127964,0.228689939,-0.224819526,-0.0623721518
1224,0,54b24045-e039-40ee-9ba6-824dbdc42f9e,StartingBlock,122.408203,5553.27979,1,43,43,53,7,0,0,-138.421844,584.003357,-866.136597,-0.945115507,0.228725016,-0.224839136,-0.0623626895
1225,0,54b24045-e039-40ee-9ba6-824dbdc42f9e,StartingBlock,122.508301,5553.37988,1,43,43,53,7,0,0,-133.545547,588.227356,-862.282959,-0.945121467,0.228705272,-0.224829465,-0.0623779669
1226,0,54b24045-e039-40ee-9ba6-824dbdc42f9e,StartingBlock,122.608398,5553.47998,1,43,43,53,7,0,0,-128.665741,592.420227,-858.406677,-0.94511652,0.22873123,-0.224825516,-0.0623734333
1227,0,54b24045-e039-40ee-9ba6-824dbdc42f9e,StartingBlock,122.708496,5553.58008,1,43,43,53,7,0,0,-123.782562,596.581665,-854.507874,-0.945117116,0.228734016,-0.22482194,-0.0623661205
1228,0,54b24045-e039-40ee-9ba6-824dbdc42f9e,StartingBlock,122.808105,5553.67969,1,43,43,53,7,0,0,-118.896095,600.711731,-850.586609,-0.945115268,0.22871919,-0.224839628,-0.062384896
1229,0,54b24045-e039-40ee-9ba6-824dbdc42f9e,StartingBlock,122.908203,5553.77979,1,43,43,53,7,0,0,-114.006546,604.810425,-846.643127,-0.945124388,0.228698209,-0.224822417,-0.0623855591
1230,0,54b24045-e039-40ee-9ba6-824dbdc42f9e,StartingBlock,123.008301,5553.87988,1,43,43,53,7,0,0,-109.113998,608.877441,-842.67749,-0.945123136,0.228704229,-0.224827349,-0.0623647124
1231,0,54b24045-e039-40ee-9ba6-824dbdc42f9e,StartingBlock,123.108398,5553.97998,1,43,43,53,7,0,0,-104.218559,612.912903,-838.689758,-0.945118904,0.22871986,-0.224826127,-0.0623763129
1232,0,54b24045-e039-40ee-9ba6-824dbdc42f9e,StartingBlock,123.208496,5554.08008,1,43,43,53,7,0,0,-99.3204041,616.916687,-834.680176,-0.945115268,0.228733763,-0.224823162,-0.0623908639
1233,0,54b24045-e039-40ee-9ba6-824dbdc42f9e,StartingBlock,123.308105,5554.17969,1,43,43,53,7,0,0,-94.4196472,620.888733,-830.648865,-0.945110798,0.22875765,-0.224820033,-0.0623820722
1234,0,54b24045-e039-40ee-9ba6-824dbdc42f9e,StartingBlock,123.408203,5554.27979,1,43,43,53,7,0,0,-89.5164413,624.828979,-826.595947,-0.945117056,0.228732601,-0.22481674,-0.0623905137
1235,0,54b24045-e039-40ee-9ba6-824dbdc42f9e,StartingBlock,123.508301,5554.37988,1,43,43,53,7,0,0,-84.6108932,628.737488,-822.521545,-0.945107579,0.228775963,-0.224813819,-0.0623862296
1236,0,54b24045-e039-40ee-9ba6-824dbdc42f9e,StartingBlock,123.608398,5554.47998,1,43,43,53,7,0,0,-79.703125,632.614014,-818.42572,-0.945106447,0.228782311,-0.224808887,-0.0623976104
1237,0,54b24045-e039-40ee-9ba6-824dbdc42f9e,StartingBlock,123.708496,5554.58008,1,43,43,53,7,0,0,-74.7933197,636.458618,-814.308777,-0.945111036,0.228754833,-0.224820212,-0.0623877905
1238,0,54b24045-e039-40ee-9ba6-824dbdc42f9e,StartingBlock,123.808105,5554.67969,1,43,43,53,7,0,0,-69.881546,640.27124,-810.170715,-0.945117474,0.228742972,-0.224805534,-0.0623870082
1239,0,54b24045-e039-40ee-9ba6-824dbdc42f9e,StartingBlock,123.908203,5554.77979,1,43,43,53,7,0,0,-64.9679413,644.051697,-806.01178,-0.945107758,0.22878994,-0.224796668,-0.0623944066
1240,0,54b24045-e039-40ee-9ba6-824dbdc42f9e,StartingBlock,124.008301,5554.87988,1,43,43,53,7,0,0,-60.0526772,647.80011,-801.832031,-0.945108891,0.228797212,-0.224787638,-0.062382523
1241,0,54b24045-e039-40ee-9ba6-824dbdc42f9e,StartingBlock,124.108398,5554.97998,1,43,43,53,7,0,0,-55.1358337,651.516296,-797.631531,-0.945112705,0.228780553,-0.224782079,-0.0624049194
1242,0,54b24045-e039-40ee-9ba6-824dbdc42f9e,StartingBlock,124.208496,5555.08008,1,43,43,53,7,0,0,-50.2175789,655.200317,-793.410583,-0.945116401,0.228779748,-0.224771097,-0.0623933226
1243,0,54b24045-e039-40ee-9ba6-824dbdc42f9e,StartingBlock,124.308105,5555.17969,1,43,43,53,7,0,0,-45.2980156,658.85199,-789.16925,-0.945112526,0.228789985,-0.224777773,-0.0623894297
1244,0,54b24045-e039-40ee-9ba6-824dbdc42f9e,StartingBlock,124.408203,5555.27979,1,43,43,53,7,0,0,-40.377285,662.471497,-784.907654,-0.945104599,0.228824556,-0.224777982,-0.0623812638
1245,0,54b24045-e039-40ee-9ba6-824dbdc42f9e,StartingBlock,124.508301,5555.37988,1,43,43,53,7,0,0,-35.4555206,666.058533,-780.625977,-0.945109367,0.228806272,-0.224774688,-0.0623886697
1246,0,54b24045-e039-40ee-9ba6-824dbdc42f9e,StartingBlock,124.608398,5555.47998,1,43,43,53,7,0,0,-30.5328178,669.613159,-776.32428,-0.945105493,0.228818223,-0.22477892,-0.0623876974
1247,0,54b24045-e039-40ee-9ba6-824dbdc42f9e,StartingBlock,124.708496,5555.58008,1,43,43,53,7,0,0,-25.6093254,673.135376,-772.002808,-0.945103288,0.228817537,-0.224792808,-0.0623748861
1248,0,54b24045-e039-40ee-9ba6-824dbdc42f9e,StartingBlock,124.808105,5555.67969,1,43,43,53,7,0,0,-20.6851578,676.625,-767.66156,-0.945102036,0.228818789,-0.224797115,-0.0623728894
1249,0,54b24045-e039-40ee-9ba6-824dbdc42f9e,StartingBlock,124.908203,5555.77979,1,43,43,53,7,0,0,-15.7604494,680.082092,-763.30072,-0.945092618,0.228864014,-0.224791735,-0.0623703562
1250,0,54b24045-e039-40ee-9ba6-824dbdc42f9e,StartingBlock,125.008301,5555.87988,1,43,43,53,7,0,0,-10.8353157,683.506531,-758.920471,-0.945091188,0.228867307,-0.224791527,-0.0623789653
1251,0,54b24045-e039-40ee-9ba6-824dbdc42f9e,StartingBlock,125.108398,5555.97998,1,43,43,53,7,0,0,-5.90990973,686.898315,-754.520996,-0.945093095,0.228859559,-0.224790931,-0.0623817556
1252,0,54b24045-e039-40ee-9ba6-824dbdc42f9e,StartingBlock,125.208496,5556.08008,1,43,43,53,7,0,0,-0.984376013,690.257507,-750.102295,-0.945100546,0.228850096,-0.224772021,-0.0623711236
1253,0,54b24045-e039-40ee-9ba6-824dbdc42f9e,StartingBlock,125.308105,5556.17969,1,43,43,53,7,0,0,3.9412179,693.583923,-745.664551,-0.945104361,0.228846058,-0.22475931,-0.0623747185
1254,0,54b24045-e039-40ee-9ba6-824dbdc42f9e,StartingBlock,125.408203,5556.27979,1,43,43,53,7,0,0,8.86672974,696.877502,-741.207886,-0.945109487,0.228834316,-0.224748492,-0.062379308
1255,0,54b24045-e039-40ee-9ba6-824dbdc42f9e,StartingBlock,125.508301,5556.37988,1,43,43,53,7,0,0,13.7920303,700.138306,-736.732544,-0.945103526,0.22886017,-0.224747688,-0.0623768903
1256,0,54b24045-e039-40ee-9ba6-824dbdc42f9e,StartingBlock,125.608398,5556.47998,1,43,43,53,7,0,0,18.7169685,703.366333,-732.238586,-0.945098579,0.228886247,-0.22474435,-0.0623682514
1257,0,54b24045-e039-40ee-9ba6-824dbdc42f9e,StartingBlock,125.708496,5556.58008,1,43,43,53,7,0,0,23.6414528,706.561401,-727.726196,-0.945106387,0.228884727,-0.224712729,-0.062369097
1258,0,54b24045-e039-40ee-9ba6-824dbdc42f9e,StartingBlock,125.808105,5556.67969,1,43,43,53,7,0,0,28.5653801,709.723572,-723.195374,-0.945107222,0.228867948,-0.224725991,-0.0623709634
1259,0,54b24045-e039-40ee-9ba6-824dbdc42f9e,StartingBlock,125.908203,5556.77979,1,43,43,53,7,0,0,33.4885902,712.852783,-718.646484,-0.945103824,0.228897378,-0.224713162,-0.0623603947
1260,0,54b24045-e039-40ee-9ba6-824dbdc42f9e,StartingBlock,126.008301,5556.87988,1,43,43,53,7,0,0,38.4109917,715.948975,-714.079407,-0.945107341,0.228873178,-0.224721402,-0.0623650812
1261,0,54b24045-e039-40ee-9ba6-824dbdc42f9e,StartingBlock,126.108398,5556.97998,1,43,43,53,7,0,0,43.3324242,719.012085,-709.494446,-0.94510895,0.228871316,-0.22471872,-0.0623588897
1262,0,54b24045-e039-40ee-9ba6-824dbdc42f9e,StartingBlock,126.208496,5557.08008,1,43,43,53,7,0,0,48.2528191,722.042175,-704.891724,-0.945093751,0.228936061,-0.22471647,-0.0623579696
1263,0,54b24045-e039-40ee-9ba6-824dbdc42f9e,StartingBlock,126.308105,5557.17969,1,43,43,53,7,0,0,53.1719971,725.039124,-700.271362,-0.94509846,0.228923738,-0.224710107,-0.0623565093
1264,0,54b24045-e039-40ee-9ba6-824dbdc42f9e,StartingBlock,126.408203,5557.27979,1,43,43,53,7,0,0,58.0898247,728.003052,-695.633484,-0.945107102,0.228872955,-0.224728182,-0.0623464137
1265,0,54b24045-e039-40ee-9ba6-824dbdc42f9e,StartingBlock,126.508301,5557.37988,1,43,43,53,7,0,0,63.0062447,730.933716,-690.978271,-0.945101023,0.228928417,-0.224700332,-0.0623356588
1266,0,54b24045-e039-40ee-9ba6-824dbdc42f9e,StartingBlock,126.608398,5557.47998,1,43,43,53,7,0,0,67.9211349,733.831238,-686.305725,-0.945103228,0.228923202,-0.224688858,-0.0623621196
1267,0,54b24045-e039-40ee-9ba6-824dbdc42f9e,StartingBlock,126.708496,5557.58008,1,43,43,53,7,0,0,72.8343201,736.695496,-681.61615,-0.945099652,0.228939205,-0.224689409,-0.0623548143
1268,0,54b24045-e039-40ee-9ba6-824dbdc42f9e,StartingBlock,126.808105,5557.67969,1,43,43,53,7,0,0,77.7456741,739.526611,-676.909668,-0.945105314,0.228934795,-0.224673063,-0.0623441674
1269,0,54b24045-e039-40ee-9ba6-824dbdc42f9e,StartingBlock,126.908203,5557.77979,1,43,43,53,7,0,0,82.6551285,742.324341,-672.18634,-0.94511044,0.228916571,-0.224671885,-0.0623377301
1270,0,54b24045-e039-40ee-9ba6-824dbdc42f9e,StartingBlock,127.008301,5557.87988,1,43,43,53,7,0,0,87.562561,745.088745,-667.44635,-0.945108354,0.228948593,-0.224646777,-0.0623424053
1271,0,54b24045-e039-40ee-9ba6-824dbdc42f9e,StartingBlock,127.108398,5557.97998,1,43,43,53,7,0,0,92.4678345,747.819824,-662.689819,-0.94510752,0.228934914,-0.22466369,-0.062344145
1272,0,54b24045-e039-40ee-9ba6-824dbdc42f9e,StartingBlock,127.208496,5558.08008,1,43,43,53,7,0,0,97.3708115,750.517578,-657.91687,-0.945110559,0.228927135,-0.224660993,-0.0623370558
1273,0,54b24045-e039-40ee-9ba6-824dbdc42f9e,StartingBlock,127.308105,5558.17969,1,43,43,53,7,0,0,102.2714,753.181946,-653.127625,-0.94510293,0.22895214,-0.2246705,-0.0623267069
1274,0,54b24045-e039-40ee-9ba6-824dbdc42f9e,StartingBlock,127.408203,5558.27979,1,43,43,53,7,0,0,107.169495,755.812866,-648.322266,-0.945113182,0.228925496,-0.224652812,-0.0623336248
1275,0,54b24045-e039-40ee-9ba6-824dbdc42f9e,StartingBlock,127.508301,5558.37988,1,43,43,53,7,0,0,112.064957,758.410339,-643.500977,-0.945121944,0.228887931,-0.224653661,-0.062335372
1276,0,54b24045-e039-40ee-9ba6-824dbdc42f9e,StartingBlock,127.608398,5558.47998,1,43,43,53,7,0,0,116.95768,760.974426,-638.663757,-0.945119143,0.228889048,-0.224665403,-0.0623316392
1277,0,54b24045-e039-40ee-9ba6-824dbdc42f9e,StartingBlock,127.708496,5558.58008,1,43,43,53,7,0,0,121.847549,763.505005,-633.810852,-0.945116818,0.228904501,-0.224659294,-0.0623314604
1278,0,54b24045-e039-40ee-9ba6-824dbdc42f9e,StartingBlock,127.808105,5558.67969,1,43,43,53,7,0,0,126.734444,766.002075,-628.942383,-0.945114136,0.228926584,-0.224649966,-0.0623249076
1279,0,54b24045-e039-40ee-9ba6-824dbdc42f9e,StartingBlock,127.908203,5558.77979,1,43,43,53,7,0,0,131.61821,768.465637,-624.058533,-0.945116997,0.22891584,-0.224651352,-0.0623159334
1280,0,54b24045-e039-40ee-9ba6-824dbdc42f9e,StartingBlock,128.008301,5558.87988,1,43,43,53,7,0,0,136.49881,770.89563,-619.159302,-0.945114851,0.22892952,-0.224641472,-0.0623334274
1281,0,54b24045-e039-40ee-9ba6-824dbdc42f9e,StartingBlock,128.108398,5558.97998,1,43,43,53,7,0,0,141.376053,773.292175,-614.244995,-0.945117056,0.228940949,-0.224623427,-0.0623239763
1282,0,54b24045-e039-40ee-9ba6-824dbdc42f9e,StartingBlock,128.208496,5559.08008,1,43,43,53,7,0,0,146.249863,775.65509,-609.315613,-0.945122898,0.228929549,-0.224612623,-0.062314488
1283,0,54b24045-e039-40ee-9ba6-824dbdc42f9e,StartingBlock,128.308105,5559.17969,1,43,43,53,7,0,0,151.120148,777.984436,-604.371338,-0.945125937,0.228930712,-0.224595442,-0.0623260252
1284,0,54b24045-e039-40ee-9ba6-824dbdc42f9e,StartingBlock,128.408203,5559.27979,1,43,43,53,7,0,0,155.986771,780.280151,-599.412292,-0.945123613,0.228928477,-0.224605858,-0.0623329319
1285,0,54b24045-e039-40ee-9ba6-824dbdc42f9e,StartingBlock,128.508301,5559.37988,1,43,43,53,7,0,0,160.849579,782.542236,-594.438721,-0.945123136,0.228943378,-0.22459808,-0.062312305
1286,0,54b24045-e039-40ee-9ba6-824dbdc42f9e,StartingBlock,128.608398,5559.47998,1,43,43,53,7,0,0,165.708511,784.77063,-589.450623,-0.945124924,0.228929579,-0.224598572,-0.0623344481
1287,0,54b24045-e039-40ee-9ba6-824dbdc42f9e,StartingBlock,128.708496,5559.58008,1,43,43,53,7,0,0,170.563416,786.965454,-584.448303,-0.945124626,0.228925824,-0.224605799,-0.0623278618
1288,0,54b24045-e039-40ee-9ba6-824dbdc42f9e,StartingBlock,128.808105,5559.67969,1,43,43,53,7,0,0,175.414215,789.126648,-579.431763,-0.945121884,0.228950977,-0.22459501,-0.0623158552
1289,0,54b24045-e039-40ee-9ba6-824dbdc42f9e,StartingBlock,128.908203,5559.77979,1,43,43,53,7,0,0,180.260773,791.254089,-574.401184,-0.945128024,0.228929833,-0.224590302,-0.0623172522
1290,0,54b24045-e039-40ee-9ba6-824dbdc42f9e,StartingBlock,129.008301,5559.87988,1,43,43,53,7,0,0,185.103012,793.3479,-569.356628,-0.945119441,0.228954941,-0.224597365,-0.0623291284
1291,0,54b24045-e039-40ee-9ba6-824dbdc42f9e,StartingBlock,129.108398,5559.97998,1,43,43,53,7,0,0,189.940765,795.40802,-564.29834,-0.945126176,0.228936985,-0.224588752,-0.0623242669
1292,0,54b24045-e039-40ee-9ba6-824dbdc42f9e,StartingBlock,129.208496,5560.08008,1,43,43,53,7,0,0,194.773941,797.434448,-559.226501,-0.945127726,0.22895354,-0.224567831,-0.0623147674
1293,0,54b24045-e039-40ee-9ba6-824dbdc42f9e,StartingBlock,129.308105,5560.17969,1,43,43,53,7,0,0,199.602463,799.427185,-554.141113,-0.945123076,0.228973597,-0.224570274,-0.0623036362
1294,0,54b24045-e039-40ee-9ba6-824dbdc42f9e,StartingBlock,129.408203,5560.27979,1,43,43,53,7,0,0,204.426163,801.38623,-549.042419,-0.945134103,0.228941277,-0.224554583,-0.0623112246
1295,0,54b24045-e039-40ee-9ba6-824dbdc42f9e,StartingBlock,129.508301,5560.37988,1,43,43,53,7,0,0,209.24498,803.311401,-543.930359,-0.945129573,0.228951871,-0.224559873,-0.0623213202
1296,0,54b24045-e039-40ee-9ba6-824dbdc42f9e,StartingBlock,129.608398,5560.47998,1,43,43,53,7,0,0,214.058762,805.202942,-538.805359,-0.945130765,0.228953436,-0.224557444,-0.0623074919
1297,0,54b24045-e039-40ee-9ba6-824dbdc42f9e,StartingBlock,129.708496,5560.58008,1,43,43,53,7,0,0,218.867447,807.060669,-533.667358,-0.945128918,0.228963181,-0.22455591,-0.0623048656
1298,0,54b24045-e039-40ee-9ba6-824dbdc42f9e,StartingBlock,129.808105,5560.67969,1,43,43,53,7,0,0,223.670883,808.884705,-528.516602,-0.945128918,0.22895667,-0.224561781,-0.0623077452
1299,0,54b24045-e039-40ee-9ba6-824dbdc42f9e,StartingBlock,129.908203,5560.77979,1,43,43,53,7,0,0,228.468994,810.674988,-523.353149,-0.945132315,0.22895658,-0.224550217,-0.0622985661
1300,0,54b24045-e039-40ee-9ba6-824dbdc42f9e,StartingBlock,130.008301,5560.87988,1,43,43,53,7,0,0,233.261612,812.431519,-518.177185,-0.9451285,0.228958786,-0.224564046,-0.0622968189
1301,0,54b24045-e039-40ee-9ba6-824dbdc42f9e,StartingBlock,130.108398,5560.97998,1,43,43,53,7,0,0,238.048706,814.154297,-512.988831,-0.94512862,0.228948087,-0.224576727,-0.0622898042
1302,0,54b24045-e039-40ee-9ba6-824dbdc42f9e,StartingBlock,130.208496,5561.08008,1,43,43,53,7,0,0,242.830139,815.843384,-507.788177,-0.945130229,0.228950366,-0.224570081,-0.0622800216
1303,0,54b24045-e039-40ee-9ba6-824dbdc42f9e,StartingBlock,130.308105,5561.17969,1,43,43,53,7,0,0,247.605804,817.498596,-502.575409,-0.945132256,0.228937164,-0.224570721,-0.0622970574
1304,0,54b24045-e039-40ee-9ba6-824dbdc42f9e,StartingBlock,130.408203,5561.27979,1,43,43,53,7,0,0,252.375595,819.120056,-497.350708,-0.945133567,0.228937894,-0.22456643,-0.0622886568
1305,0,54b24045-e039-40ee-9ba6-824dbdc42f9e,StartingBlock,130.508301,5561.37988,1,43,43,53,7,0,0,257.139404,820.707764,-492.114136,-0.945134997,0.228940398,-0.224560335,-0.0622807629
1306,0,54b24045-e039-40ee-9ba6-824dbdc42f9e,StartingBlock,130.608398,5561.47998,1,43,43,53,7,0,0,261.897095,822.26178,-486.865906,-0.945134759,0.228926599,-0.224575415,-0.0622801706
1307,0,54b24045-e039-40ee-9ba6-824dbdc42f9e,StartingBlock,130.708496,5561.58008,1,43,43,53,7,0,0,266.648651,823.781982,-481.60611,-0.945140719,0.22891289,-0.22457023,-0.0622593872
1308,0,54b24045-e039-40ee-9ba6-824dbdc42f9e,StartingBlock,130.808105,5561.67969,1,43,43,53,7,0,0,271.39386,825.268372,-476.334808,-0.945138752,0.228918597,-0.224567533,-0.0622765198
1309,0,54b24045-e039-40ee-9ba6-824dbdc42f9e,StartingBlock,130.908203,5561.77979,1,43,43,53,7,0,0,276.132629,826.721069,-471.052307,-0.945135653,0.228934586,-0.224570155,-0.0622569807
1310,0,54b24045-e039-40ee-9ba6-824dbdc42f9e,StartingBlock,131.008301,5561.87988,1,43,43,53,7,0,0,280.864929,828.140015,-465.758606,-0.9451316,0.228950262,-0.224578828,-0.0622285493
1311,0,54b24045-e039-40ee-9ba6-824dbdc42f9e,StartingBlock,131.108398,5561.97998,1,43,43,53,7,0,0,285.590637,829.525085,-460.453888,-0.945127845,0.228953481,-0.224586412,-0.0622469001
1312,0,54b24045-e039-40ee-9ba6-824dbdc42f9e,StartingBlock,131.208496,5562.08008,1,43,43,53,7,0,0,290.309601,830.876465,-455.138306,-0.945128858,0.228941679,-0.224599048,-0.0622285604
1313,0,54b24045-e039-40ee-9ba6-824dbdc42f9e,StartingBlock,131.308105,5562.17969,1,43,43,53,7,0,0,295.021729,832.194092,-449.811981,-0.945120394,0.228975058,-0.224597618,-0.0622392222
1314,0,54b24045-e039-40ee-9ba6-824dbdc42f9e,StartingBlock,131.408203,5562.27979,1,43,43,53,7,0,0,299.726929,833.477966,-444.475067,-0.945125639,0.228959814,-0.224596292,-0.0622213334
1315,0,54b24045-e039-40ee-9ba6-824dbdc42f9e,StartingBlock,131.508301,5562.37988,1,43,43,53,7,0,0,304.425049,834.728149,-439.127716,-0.945135117,0.228929237,-0.224587262,-0.0622232705
1316,0,54b24045-e039-40ee-9ba6-824dbdc42f9e,StartingBlock,131.608398,5562.47998,1,43,43,53,7,0,0,309.116058,835.944641,-433.77002,-0.945133567,0.228928268,-0.224599466,-0.0622061938
1317,0,54b24045-e039-40ee-9ba6-824dbdc42f9e,StartingBlock,131.708496,5562.58008,1,43,43,53,7,0,0,313.799866,837.12738,-428.4021,-0.945134342,0.228913501,-0.224615633,-0.0621906333
1318,0,54b24045-e039-40ee-9ba6-824dbdc42f9e,StartingBlock,131.808105,5562.67969,1,43,43,53,7,0,0,318.476318,838.276428,-423.02417,-0.945130169,0.228924885,-0.224618375,-0.0622015893
1319,0,54b24045-e039-40ee-9ba6-824dbdc42f9e,StartingBlock,131.908203,5562.77979,1,43,43,53,7,0,0,323.145355,839.391785,-417.636292,-0.945137143,0.228904605,-0.224610344,-0.0621988028
1320,0,54b24045-e039-40ee-9ba6-824dbdc42f9e,StartingBlock,132.008301,5562.87988,1,43,43,53,7,0,0,327.806793,840.473389,-412.238586,-0.945140421,0.22890085,-0.224603698,-0.0621869713
1321,0,54b24045-e039-40ee-9ba6-824dbdc42f9e,StartingBlock,132.108398,5562.97998,1,43,43,53,7,0,0,332.460602,841.521362,-406.831299,-0.945131123,0.228937507,-0.22460705,-0.0621822402
1322,0,54b24045-e039-40ee-9ba6-824dbdc42f9e,StartingBlock,132.208496,5563.08008,1,43,43,53,7,0,0,337.106659,842.535706,-401.414459,-0.945139945,0.228905842,-0.224600598,-0.0621867962
1323,0,54b24045-e039-40ee-9ba6-824dbdc42f9e,StartingBlock,132.308105,5563.17969,1,43,43,53,7,0,0,341.744873,843.516357,-395.988251,-0.94514221,0.228904873,-0.224591613,-0.0621888079
1324,0,54b24045-e039-40ee-9ba6-824dbdc42f9e,StartingBlock,132.408203,5563.27979,1,43,43,53,7,0,0,346.375183,844.463379,-390.552826,-0.945143342,0.228898302,-0.224597722,-0.0621731803
1325,0,54b24045-e039-40ee-9ba6-824dbdc42f9e,StartingBlock,132.508301,5563.37988,1,43,43,53,7,0,0,350.997437,845.376709,-385.108276,-0.945138931,0.228910625,-0.224603221,-0.06217492
1326,0,54b24045-e039-40ee-9ba6-824dbdc42f9e,StartingBlock,132.608398,5563.47998,1,43,43,53,7,0,0,355.611542,846.25647,-379.654755,-0.945143044,0.228900805,-0.224597976,-0.0621686876
1327,0,54b24045-e039-40ee-9ba6-824dbdc42f9e,StartingBlock,132.708496,5563.58008,1,43,43,53,7,0,0,360.217377,847.102539,-374.192413,-0.945133209,0.228919894,-0.224617973,-0.0621751696
1328,0,54b24045-e039-40ee-9ba6-824dbdc42f9e,StartingBlock,132.808105,5563.67969,1,43,43,53,7,0,0,364.814911,847.9151,-368.721375,-0.945134401,0.228915125,-0.224624231,-0.0621518828
1329,0,54b24045-e039-40ee-9ba6-824dbdc42f9e,StartingBlock,132.908203,5563.77979,1,43,43,53,7,0,0,369.403931,848.694092,-363.241791,-0.945145071,0.228902549,-0.224601462,-0.0621178001
1330,0,54b24045-e039-40ee-9ba6-824dbdc42f9e,StartingBlock,133.008301,5563.87988,1,43,43,53,7,0,0,373.984497,849.439514,-357.753754,-0.945141792,0.228910953,-0.224599585,-0.0621438064
1331,0,54b24045-e039-40ee-9ba6-824dbdc42f9e,StartingBlock,133.108398,5563.97998,1,43,43,53,7,0,0,378.556396,850.151367,-352.257416,-0.945144415,0.228895664,-0.224608317,-0.0621284731
1332,0,54b24045-e039-40ee-9ba6-824dbdc42f9e,StartingBlock,133.208496,5564.08008,1,43,43,53,7,0,0,383.119568,850.829773,-346.75296,-0.945149779,0.228892282,-0.224592939,-0.0621138662
1333,0,54b24045-e039-40ee-9ba6-824dbdc42f9e,StartingBlock,133.308105,5564.17969,1,43,43,53,7,0,0,387.67392,851.474609,-341.240509,-0.94514817,0.228904337,-0.224589556,-0.0621082895
1334,0,54b24045-e039-40ee-9ba6-824dbdc42f9e,StartingBlock,133.408203,5564.27979,1,43,43,53,7,0,0,392.219299,852.085999,-335.720123,-0.945151806,0.228894636,-0.224581048,-0.0621176176
1335,0,54b24045-e039-40ee-9ba6-824dbdc42f9e,StartingBlock,133.508301,5564.37988,1,43,43,53,7,0,0,396.755707,852.663879,-330.192047,-0.945155621,0.228880838,-0.224584296,-0.0620990843
1336,0,54b24045-e039-40ee-9ba6-824dbdc42f9e,StartingBlock,133.608398,5564.47998,1,43,43,53,7,0,0,401.28299,853.208313,-324.656311,-0.945157647,0.22887817,-0.224576756,-0.0621062182
1337,0,54b24045-e039-40ee-9ba6-824dbdc42f9e,StartingBlock,133.708496,5564.58008,1,43,43,53,7,0,0,405.801086,853.719299,-319.113098,-0.945160747,0.228876814,-0.224567264,-0.0620983802
1338,0,54b24045-e039-40ee-9ba6-824dbdc42f9e,StartingBlock,133.808105,5564.67969,1,43,43,53,7,0,0,410.309875,854.196838,-313.562561,-0.94515121,0.228906378,-0.224574029,-0.0621101223
1339,0,54b24045-e039-40ee-9ba6-824dbdc42f9e,StartingBlock,133.908203,5564.77979,1,43,43,53,7,0,0,414.809265,854.641174,-308.004822,-0.945153534,0.228886902,-0.224585846,-0.0621043108
1340,0,54b24045-e039-40ee-9ba6-824dbdc42f9e,StartingBlock,134.008301,5564.87988,1,43,43,53,7,0,0,419.299164,855.052002,-302.440033,-0.945154667,0.228856504,-0.224616185,-0.0620878786
1341,0,54b24045-e039-40ee-9ba6-824dbdc42f9e,StartingBlock,134.108398,5564.97998,1,43,43,53,7,0,0,423.77948,855.429382,-296.868225,-0.945146024,0.228895202,-0.224613369,-0.062087819
1342,0,54b24045-e039-40ee-9ba6-824dbdc42f9e,StartingBlock,134.208496,5565.08008,1,43,43,53,7,0,0,428.250122,855.77356,-291.289673,-0.9451527,0.228877336,-0.224606648,-0.0620761104
1343,0,54b24045-e039-40ee-9ba6-824dbdc42f9e,StartingBlock,134.308105,5565.17969,1,43,43,53,7,0,0,432.710968,856.084412,-285.704437,-0.945155203,0.228868499,-0.224604324,-0.0620789789
1344,0,54b24045-e039-40ee-9ba6-824dbdc42f9e,StartingBlock,134.408203,5565.27979,1,43,43,53,7,0,0,437.161957,856.362061,-280.112671,-0.945155621,0.228870839,-0.22461009,-0.06204376
1345,0,54b24045-e039-40ee-9ba6-824dbdc42f9e,StartingBlock,134.508301,5565.37988,1,43,43,53,7,0,0,441.602997,856.606445,-274.514496,-0.945160151,0.228839025,-0.224615127,-0.0620724
1346,0,54b24045-e039-40ee-9ba6-824dbdc42f9e,StartingBlock,134.608398,5565.47998,1,43,43,53,7,0,0,446.033997,856.817627,-268.910034,-0.945157111,0.228849009,-0.22462213,-0.0620570146
1347,0,54b24045-e039-40ee-9ba6-824dbdc42f9e,StartingBlock,134.708496,5565.58008,1,43,43,53,7,0,0,450.454865,856.995544,-263.299438,-0.945155919,0.228853211,-0.224625722,-0.0620474331
1348,0,54b24045-e039-40ee-9ba6-824dbdc42f9e,StartingBlock,134.808105,5565.67969,1,43,43,53,7,0,0,454.865479,857.140259,-257.682831,-0.945152104,0.228863403,-0.224629939,-0.0620528944
1349,0,54b24045-e039-40ee-9ba6-824dbdc42f9e,StartingBlock,134.908203,5565.77979,1,43,43,53,7,0,0,459.265778,857.251953,-252.060349,-0.945153952,0.22885184,-0.224638745,-0.0620345064
1350,0,54b24045-e039-40ee-9ba6-824dbdc42f9e,StartingBlock,135.008301,5565.87988,1,43,43,53,7,0,0,463.655701,857.330505,-246.432144,-0.945158601,0.228839621,-0.224632695,-0.0620317273
1351,0,54b24045-e039-40ee-9ba6-824dbdc42f9e,StartingBlock,135.108398,5565.97998,1,43,43,53,7,0,0,468.035065,857.375977,-240.798325,-0.945157528,0.228834912,-0.224640965,-0.0620343983
1352,0,54b24045-e039-40ee-9ba6-824dbdc42f9e,StartingBlock,135.208496,5566.08008,1,43,43,53,7,0,0,472.40387,857.388367,-235.159027,-0.945159197,0.228835836,-0.224634588,-0.0620292015
1353,0,54b24045-e039-40ee-9ba6-824dbdc42f9e,StartingBlock,135.308105,5566.17969,1,43,43,53,7,0,0,476.761993,857.367737,-229.514404,-0.945163786,0.228816479,-0.224636659,-0.0620233901
1354,0,54b24045-e039-40ee-9ba6-824dbdc42f9e,StartingBlock,135.408203,5566.27979,1,43,43,53,7,0,0,481.109314,857.314148,-223.864578,-0.945165515,0.228813216,-0.224632159,-0.0620241091
1355,0,54b24045-e039-40ee-9ba6-824dbdc42f9e,StartingBlock,135.508301,5566.37988,1,43,43,53,7,0,0,485.445831,857.227539,-218.209656,-0.94516325,0.228820875,-0.224635825,-0.0620176196
1356,0,54b24045-e039-40ee-9ba6-824dbdc42f9e,StartingBlock,135.608398,5566.47998,1,43,43,53,7,0,0,489.771362,857.107971,-212.549774,-0.945158362,0.228822589,-0.224652156,-0.0620272346
1357,0,54b24045-e039-40ee-9ba6-824dbdc42f9e,StartingBlock,135.708496,5566.58008,1,43,43,53,7,0,0,494.085907,856.955505,-206.885086,-0.945164979,0.228809118,-0.224645376,-0.0620008521
1358,0,54b24045-e039-40ee-9ba6-824dbdc42f9e,StartingBlock,135.808105,5566.67969,1,43,43,53,7,0,0,498.389252,856.770203,-201.215744,-0.945163131,0.22881788,-0.224641487,-0.0620110296
1359,0,54b24045-e039-40ee-9ba6-824dbdc42f9e,StartingBlock,135.908203,5566.77979,1,43,43,53,7,0,0,502.681458,856.552124,-195.54184,-0.945170879,0.228792951,-0.224640995,-0.0619868413
1360,0,54b24045-e039-40ee-9ba6-824dbdc42f9e,StartingBlock,136.008301,5566.87988,1,43,43,53,7,0,0,506.962341,856.301208,-189.863525,-0.945169628,0.228793889,-0.224641338,-0.0619997941
1361,0,54b24045-e039-40ee-9ba6-824dbdc42f9e,StartingBlock,136.108398,5566.97998,1,43,43,53,7,0,0,511.231812,856.017456,-184.180893,-0.945171952,0.228787854,-0.224645898,-0.0619715676
1362,0,54b24045-e039-40ee-9ba6-824dbdc42f9e,StartingBlock,136.208496,5567.08008,1,43,43,53,7,0,0,515.489868,855.70105,-178.494156,-0.945175946,0.228764966,-0.224645659,-0.0619943291
1363,0,54b24045-e039-40ee-9ba6-824dbdc42f9e,StartingBlock,136.308105,5567.17969,1,43,43,53,7,0,0,519.736389,855.351868,-172.803345,-0.94517374,0.228783235,-0.224633053,-0.0620076582
1364,0,54b24045-e039-40ee-9ba6-824dbdc42f9e,StartingBlock,136.408203,5567.27979,1,43,43,53,7,0,0,523.971191,854.969971,-167.108673,-0.945171416,0.228778034,-0.224647269,-0.0620105229
1365,0,54b24045-e039-40ee-9ba6-824dbdc42f9e,StartingBlock,136.508301,5567.37988,1,43,43,53,7,0,0,528.194336,854.555542,-161.410217,-0.945172608,0.228765517,-0.22465919,-0.061995253
1366,0,54b24045-e039-40ee-9ba6-824dbdc42f9e,StartingBlock,136.608398,5567.47998,1,43,43,53,7,0,0,532.405579,854.108521,-155.708145,-0.945177615,0.228757828,-0.224649593,-0.0619817935
1367,0,54b24045-e039-40ee-9ba6-824dbdc42f9e,StartingBlock,136.708496,5567.58008,1,43,43,53,7,0,0,536.605042,853.628967,-150.002579,-0.945183337,0.228744641,-0.224639833,-0.0619777404
1368,0,54b24045-e039-40ee-9ba6-824dbdc42f9e,StartingBlock,136.808105,5567.67969,1,43,43,53,7,0,0,540.792419,853.116882,-144.29364,-0.945185959,0.228722692,-0.22464782,-0.0619912818
1369,0,54b24045-e039-40ee-9ba6-824dbdc42f9e,StartingBlock,136.908203,5567.77979,1,43,43,53,7,0,0,544.967834,852.572266,-138.581436,-0.945188046,0.228739873,-0.224633247,-0.0619486906
1370,0,54b24045-e039-40ee-9ba6-824dbdc42f9e,StartingBlock,137.008301,5567.87988,1,43,43,53,7,0,0,549.131042,851.9953,-132.86615,-0.945187569,0.228728518,-0.224634409,-0.0619932711
1371,0,54b24045-e039-40ee-9ba6-824dbdc42f9e,StartingBlock,137.108398,5567.97998,1,43,43,53,7,0,0,553.281982,851.385864,-127.147873,-0.945195258,0.228706911,-0.224625826,-0.0619870238
1372,0,54b24045-e039-40ee-9ba6-824dbdc42f9e,StartingBlock,137.208496,5568.08008,1,43,43,53,7,0,0,557.420715,850.74408,-121.426743,-0.945198655,0.228700444,-0.224623352,-0.0619675443
1373,0,54b24045-e039-40ee-9ba6-824dbdc42f9e,StartingBlock,137.308105,5568.17969,1,43,43,53,7,0,0,561.547058,850.069946,-115.702888,-0.945186138,0.228710383,-0.224656925,-0.0619999394
1374,0,54b24045-e039-40ee-9ba6-824dbdc42f9e,StartingBlock,137.408203,5568.27979,1,43,43,53,7,0,0,565.660889,849.363525,-109.976456,-0.945190609,0.228691339,-0.22465764,-0.0619991869
1375,0,54b24045-e039-40ee-9ba6-824dbdc42f9e,StartingBlock,137.508301,5568.37988,1,43,43,53,7,0,0,569.762146,848.624939,-104.247536,-0.945199251,0.228666916,-0.224661037,-0.061945416
1376,0,54b24045-e039-40ee-9ba6-824dbdc42f9e,StartingBlock,137.608398,5568.47998,1,43,43,53,7,0,0,573.850708,847.854065,-98.5162811,-0.945196092,0.228665531,-0.224670067,-0.061965894
1377,0,54b24045-e039-40ee-9ba6-824dbdc42f9e,StartingBlock,137.708496,5568.58008,1,43,43,53,7,0,0,577.926636,847.051086,-92.7828293,-0.945194125,0.228666842,-0.224676237,-0.061970178
1378,0,54b24045-e039-40ee-9ba6-824dbdc42f9e,StartingBlock,137.808105,5568.67969,1,43,43,53,7,0,0,581.989807,846.215881,-87.0472794,-0.945191085,0.228691012,-0.224669114,-0.0619527735
1379,0,54b24045-e039-40ee-9ba6-824dbdc42f9e,StartingBlock,137.908203,5568.77979,1,43,43,53,7,0,0,586.040039,845.348755,-81.3098373,-0.945193708,0.228667527,-0.224673495,-0.0619832277
1380,0,54b24045-e039-40ee-9ba6-824dbdc42f9e,StartingBlock,138.008301,5568.87988,1,43,43,53,7,0,0,590.077271,844.449463,-75.570549,-0.945202589,0.22865501,-0.224657893,-0.0619511008
1381,0,54b24045-e039-40ee-9ba6-824dbdc42f9e,StartingBlock,138.108398,5568.97998,1,43,43,53,7,0,0,594.101501,843.518311,-69.8295975,-0.945213199,0.228615165,-0.224663183,-0.0619156547
1382,0,54b24045-e039-40ee-9ba6-824dbdc42f9e,StartingBlock,138.208496,5569.08008,1,43,43,53,7,0,0,598.11261,842.555176,-64.087059,-0.945215106,0.228621542,-0.22464931,-0.0619137622
1383,0,54b24045-e039-40ee-9ba6-824dbdc42f9e,StartingBlock,138.308105,5569.17969,1,43,43,53,7,0,0,602.110535,841.560059,-58.3430672,-0.945213854,0.228621289,-0.224649921,-0.0619317293
1384,0,54b24045-e039-40ee-9ba6-824dbdc42f9e,StartingBlock,138.408203,5569.27979,1,43,43,53,7,0,0,606.095154,840.533203,-52.5977859,-0.945216537,0.228617519,-0.224641919,-0.0619326234
1385,0,54b24045-e039-40ee-9ba6-824dbdc42f9e,StartingBlock,138.508301,5569.37988,1,43,43,53,7,0,0,610.066467,839.474487,-46.8513336,-0.945218503,0.228603527,-0.224647716,-0.0619338602
1386,0,54b24045-e039-40ee-9ba6-824dbdc42f9e,StartingBlock,138.608398,5569.47998,1,43,43,53,7,0,0,614.024292,838.384094,-41.1038361,-0.945224404,0.228587762,-0.224643156,-0.0619192459
1387,0,54b24045-e039-40ee-9ba6-824dbdc42f9e,StartingBlock,138.708496,5569.58008,1,43,43,53,7,0,0,617.968628,837.261963,-35.3554039,-0.945224822,0.228582546,-0.224641591,-0.0619373657
1388,0,54b24045-e039-40ee-9ba6-824dbdc42f9e,StartingBlock,138.808105,5569.67969,1,43,43,53,7,0,0,621.899353,836.108032,-29.6061687,-0.945224345,0.228582799,-0.224646986,-0.0619234294
1389,0,54b24045-e039-40ee-9ba6-824dbdc42f9e,StartingBlock,138.908203,5569.77979,1,43,43,53,7,0,0,625.816467,834.922668,-23.8562851,-0.945227385,0.228561968,-0.224658579,-0.0619133934
1390,0,54b24045-e039-40ee-9ba6-824dbdc42f9e,StartingBlock,139.008301,5569.87988,1,43,43,53,7,0,0,629.719849,833.70575,-18.1058445,-0.945234358,0.228550762,-0.224649295,-0.0618817322
1391,0,54b24045-e039-40ee-9ba6-824dbdc42f9e,StartingBlock,139.108398,5569.97998,1,43,43,53,7,0,0,633.609375,832.457214,-12.3549891,-0.945232511,0.22854425,-0.224660859,-0.0618925281
1392,0,54b24045-e039-40ee-9ba6-824dbdc42f9e,StartingBlock,139.208496,5570.08008,1,43,43,53,7,0,0,637.485107,831.177124,-6.60381651,-0.945226669,0.228565916,-0.224654555,-0.0619229935
1393,0,54b24045-e039-40ee-9ba6-824dbdc42f9e,StartingBlock,139.308105,5570.17969,1,43,43,53,7,0,0,641.346802,829.865784,-0.852527201,-0.945235729,0.228538722,-0.224652886,-0.0618917905
1394,0,54b24045-e039-40ee-9ba6-824dbdc42f9e,StartingBlock,139.408203,5570.27979,1,43,43,53,7,0,0,645.194458,828.52301,4.89879465,-0.945233285,0.228531063,-0.224660695,-0.0619286038
1395,0,54b24045-e039-40ee-9ba6-824dbdc42f9e,StartingBlock,139.508301,5570.37988,1,43,43,53,7,0,0,649.028015,827.148926,10.6500673,-0.945238769,0.228524879,-0.224653825,-0.0618929937
1396,0,54b24045-e039-40ee-9ba6-824dbdc42f9e,StartingBlock,139.608398,5570.47998,1,43,43,53,7,0,0,652.847351,825.743652,16.4010906,-0.945247352,0.22850053,-0.224643663,-0.0618881918
1397,0,54b24045-e039-40ee-9ba6-824dbdc42f9e,StartingBlock,139.708496,5570.58008,1,43,43,53,7,0,0,656.652405,824.307129,22.1517906,-0.945255041,0.228485435,-0.224633813,-0.061863035
1398,0,54b24045-e039-40ee-9ba6-824dbdc42f9e,StartingBlock,139.808105,5570.67969,1,43,43,53,7,0,0,660.443176,822.839355,27.9020462,-0.945254028,0.228494227,-0.224624485,-0.0618792213
1399,0,54b24045-e039-40ee-9ba6-824dbdc42f9e,StartingBlock,139.908203,5570.77979,1,43,43,53,7,0,0,664.219543,821.340515,33.65168,-0.945251405,0.228495315,-0.224630639,-0.0618934557
1400,0,54b24045-e039-40ee-9ba6-824dbdc42f9e,StartingBlock,140.008301,5570.87988,1,43,43,53,7,0,0,667.981445,819.810669,39.4006233,-0.945253968,0.228491962,-0.224627182,-0.061879538
1401,0,54b24045-e039-40ee-9ba6-824dbdc42f9e,StartingBlock,140.108398,5570.97998,1,43,43,53,7,0,0,671.728699,818.249817,45.1487007,-0.945256114,0.228476062,-0.224631742,-0.0618884712
1402,0,54b24045-e039-40ee-9ba6-824dbdc42f9e,StartingBlock,140.208496,5571.08008,1,43,43,53,7,0,0,675.461426,816.657959,50.8958054,-0.945257902,0.228473693,-0.224622801,-0.0619015694
1403,0,54b24045-e039-40ee-9ba6-824dbdc42f9e,StartingBlock,140.308105,5571.17969,1,43,43,53,7,0,0,679.179443,815.035156,56.641861,-0.945268035,0.228454545,-0.224612668,-0.0618550703
1404,0,54b24045-e039-40ee-9ba6-824dbdc42f9e,StartingBlock,140.408203,5571.27979,1,43,43,53,7,0,0,682.882629,813.381592,62.386673,-0.945264399,0.228458509,-0.224619627,-0.0618714467
1405,0,54b24045-e039-40ee-9ba6-824dbdc42f9e,StartingBlock,140.508301,5571.37988,1,43,43,53,7,0,0,686.570984,811.697266,68.1301346,-0.945271373,0.228430495,-0.224615738,-0.061882697
1406,0,54b24045-e039-40ee-9ba6-824dbdc42f9e,StartingBlock,140.608398,5571.47998,1,43,43,53,7,0,0,690.244385,809.982178,73.8721619,-0.945270717,0.228434488,-0.224615902,-0.0618770719
1407,0,54b24045-e039-40ee-9ba6-824dbdc42f9e,StartingBlock,140.708496,5571.58008,1,43,43,53,7,0,0,693.902832,808.23645,79.6125793,-0.945277154,0.22841537,-0.224610656,-0.0618677735
1408,0,54b24045-e039-40ee-9ba6-824dbdc42f9e,StartingBlock,140.808105,5571.67969,1,43,43,53,7,0,0,697.546265,806.459961,85.3513184,-0.945280015,0.228423208,-0.224593893,-0.0618560314
1409,0,54b24045-e039-40ee-9ba6-824dbdc42f9e,StartingBlock,140.908203,5571.77979,1,43,43,53,7,0,0,701.1745,804.653076,91.0882034,-0.945287883,0.228403717,-0.224586204,-0.0618361756
1410,0,54b24045-e039-40ee-9ba6-824dbdc42f9e,StartingBlock,141.008301,5571.87988,1,43,43,53,7,0,0,704.787537,802.815552,96.823143,-0.945284963,0.228421077,-0.224575907,-0.0618535243
1411,0,54b24045-e039-40ee-9ba6-824dbdc42f9e,StartingBlock,141.108398,5571.97998,1,43,43,53,7,0,0,708.385315,800.947693,102.556,-0.945291758,0.228393108,-0.224577561,-0.0618478619
1412,0,54b24045-e039-40ee-9ba6-824dbdc42f9e,StartingBlock,141.208496,5572.08008,1,43,43,53,7,0,0,711.967773,799.049438,108.286644,-0.945295751,0.228378505,-0.224582434,-0.0618229732
1413,0,54b24045-e039-40ee-9ba6-824dbdc42f9e,StartingBlock,141.308105,5572.17969,1,43,43,53,7,0,0,715.534851,797.120911,114.014977,-0.945291758,0.228389189,-0.224584132,-0.0618384928
1414,0,54b24045-e039-40ee-9ba6-824dbdc42f9e,StartingBlock,141.408203,5572.27979,1,43,43,53,7,0,0,719.086426,795.162048,119.740837,-0.94529295,0.228375763,-0.224595457,-0.0618274249
1415,0,54b24045-e039-40ee-9ba6-824dbdc42f9e,StartingBlock,141.508301,5572.37988,1,43,43,53,7,0,0,722.622559,793.172913,125.464157,-0.945290864,0.228386477,-0.22459355,-0.0618270151
1416,0,54b24045-e039-40ee-9ba6-824dbdc42f9e,StartingBlock,141.608398,5572.47998,1,43,43,53,7,0,0,726.142944,791.153687,131.184769,-0.945293367,0.228367761,-0.224591523,-0.0618652515
1417,0,54b24045-e039-40ee-9ba6-824dbdc42f9e,StartingBlock,141.708496,5572.58008,1,43,43,53,7,0,0,729.647766,789.10437,136.902542,-0.945291162,0.22837463,-0.224602222,-0.0618345961
1418,0,54b24045-e039-40ee-9ba6-824dbdc42f9e,StartingBlock,141.808105,5572.67969,1,43,43,53,7,0,0,733.136841,787.025085,142.617416,-0.945302427,0.228345245,-0.224595234,-0.0617967099
1419,0,54b24045-e039-40ee-9ba6-824dbdc42f9e,StartingBlock,141.908203,5572.77979,1,43,43,53,7,0,0,736.610046,784.915833,148.329208,-0.945300043,0.22834003,-0.224601299,-0.0618309826
1420,0,54b24045-e039-40ee-9ba6-824dbdc42f9e,StartingBlock,142.008301,5572.87988,1,43,43,53,7,0,0,740.067444,782.776672,154.037842,-0.945302188,0.228337601,-0.224598393,-0.0618156008
1421,0,54b24045-e039-40ee-9ba6-824dbdc42f9e,StartingBlock,142.108398,5572.97998,1,43,43,53,7,0,0,743.508911,780.607605,159.743164,-0.94530338,0.228327945,-0.224600792,-0.0618257262
1422,0,54b24045-e039-40ee-9ba6-824dbdc42f9e,StartingBlock,142.208496,5573.08008,1,43,43,53,7,0,0,746.934326,778.408813,165.445053,-0.945304811,0.228335246,-0.224591359,-0.0618110374
1423,0,54b24045-e039-40ee-9ba6-824dbdc42f9e,StartingBlock,142.308105,5573.17969,1,43,43,53,7,0,0,750.343628,776.180298,171.143387,-0.945302784,0.228325903,-0.224604726,-0.0618284009
1424,0,54b24045-e039-40ee-9ba6-824dbdc42f9e,StartingBlock,142.408203,5573.27979,1,43,43,53,7,0,0,753.736938,773.922119,176.838104,-0.945311248,0.228305563,-0.224598408,-0.0617968924
1425,0,54b24045-e039-40ee-9ba6-824dbdc42f9e,StartingBlock,142.508301,5573.37988,1,43,43,53,7,0,0,757.113892,771.634399,182.528992,-0.94530648,0.228304803,-0.224604622,-0.0618500859
1426,0,54b24045-e039-40ee-9ba6-824dbdc42f9e,StartingBlock,142.608398,5573.47998,1,43,43,53,7,0,0,760.474609,769.317139,188.216019,-0.945315242,0.228303239,-0.224588469,-0.0617798641
1427,0,54b24045-e039-40ee-9ba6-824dbdc42f9e,StartingBlock,142.708496,5573.58008,1,43,43,53,7,0,0,763.819031,766.970276,193.899002,-0.945308745,0.22832188,-0.224592909,-0.0617944822
1428,0,54b24045-e039-40ee-9ba6-824dbdc42f9e,StartingBlock,142.808105,5573.67969,1,43,43,53,7,0,0,767.147095,764.594116,199.577835,-0.945313513,0.228310987,-0.224579453,-0.061811164
1429,0,54b24045-e039-40ee-9ba6-824dbdc42f9e,StartingBlock,142.908203,5573.77979,1,43,43,53,7,0,0,770.458679,762.18866,205.252396,-0.945315957,0.228303909,-0.224578276,-0.0618042015
1430,0,54b24045-e039-40ee-9ba6-824dbdc42f9e,StartingBlock,143.008301,5573.87988,1,43,43,53,7,0,0,773.753723,759.753967,210.922562,-0.945328236,0.228264749,-0.224576458,-0.0617675744
1431,0,54b24045-e039-40ee-9ba6-824dbdc42f9e,StartingBlock,143.108398,5573.97998,1,43,43,53,7,0,0,777.032166,757.290039,216.588196,-0.945329368,0.228273749,-0.224555865,-0.0617920421
1432,0,54b24045-e039-40ee-9ba6-824dbdc42f9e,StartingBlock,143.208496,5574.08008,1,43,43,53,7,0,0,780.294006,754.796997,222.249252,-0.945334375,0.22824204,-0.224566296,-0.061792966
1433,0,54b24045-e039-40ee-9ba6-824dbdc42f9e,StartingBlock,143.308105,5574.17969,1,43,43,53,7,0,0,783.539185,752.27478,227.905579,-0.945331693,0.228256881,-0.224555597,-0.0618189573
1434,0,54b24045-e039-40ee-9ba6-824dbdc42f9e,StartingBlock,143.408203,5574.27979,1,43,43,53,7,0,0,786.767517,749.723694,233.557022,-0.945339084,0.228252321,-0.224545524,-0.0617606789
1435,0,54b24045-e039-40ee-9ba6-824dbdc42f9e,StartingBlock,143.508301,5574.37988,1,43,43,53,7,0,0,789.979004,747.143616,239.203476,-0.945335865,0.228252992,-0.224541187,-0.0618222915
1436,0,54b24045-e039-40ee-9ba6-824dbdc42f9e,StartingBlock,143.608398,5574.47998,1,43,43,53,7,0,0,793.173706,744.534729,244.844849,-0.945343733,0.228228405,-0.224536553,-0.0618088394
1437,0,54b24045-e039-40ee-9ba6-824dbdc42f9e,StartingBlock,143.708496,5574.58008,1,43,43,53,7,0,0,796.351379,741.896973,250.480988,-0.945352554,0.228217661,-0.224521503,-0.0617687106
1438,0,54b24045-e039-40ee-9ba6-824dbdc42f9e,StartingBlock,143.808105,5574.67969,1,43,43,53,7,0,0,799.512024,739.230469,256.111816,-0.945348561,0.228222057,-0.22453025,-0.0617819391
1439,0,54b24045-e039-40ee-9ba6-824dbdc42f9e,StartingBlock,143.908203,5574.77979,1,43,43,53,7,0,0,802.65564,736.535339,261.737152,-0.945354164,0.228208601,-0.224524438,-0.0617664494
1440,0,54b24045-e039-40ee-9ba6-824dbdc42f9e,StartingBlock,144.008301,5574.87988,1,43,43,53,7,0,0,805.782043,733.811768,267.356934,-0.945357323,0.228200793,-0.224517822,-0.0617709868
1441,0,54b24045-e039-40ee-9ba6-824dbdc42f9e,StartingBlock,144.108398,5574.97998,1,43,43,53,7,0,0,808.891296,731.05957,272.971039,-0.945362687,0.228189617,-0.224509537,-0.0617602244
1442,0,54b24045-e039-40ee-9ba6-824dbdc42f9e,StartingBlock,144.208496,5575.08008,1,43,43,53,7,0,0,811.983398,728.278931,278.579285,-0.945371628,0.228166059,-0.224498838,-0.0617494881
1443,0,54b24045-e039-40ee-9ba6-824dbdc42f9e,StartingBlock,144.308105,5575.17969,1,43,43,53,7,0,0,815.058105,725.470032,284.181641,-0.945371568,0.228159413,-0.224504396,-0.0617544949
1444,0,54b24045-e039-40ee-9ba6-824dbdc42f9e,StartingBlock,144.408203,5575.27979,1,43,43,53,7,0,0,818.115417,722.63269,289.778015,-0.945372999,0.22815679,-0.224498972,-0.0617630482
1445,0,54b24045-e039-40ee-9ba6-824dbdc42f9e,StartingBlock,144.508301,5575.37988,1,43,43,53,7,0,0,821.155396,719.76709,295.368164,-0.945376098,0.228161752,-0.224484533,-0.0617499463
1446,0,54b24045-e039-40ee-9ba6-824dbdc42f9e,StartingBlock,144.608398,5575.47998,1,43,43,53,7,0,0,824.177856,716.873474,300.952026,-0.945381522,0.228143439,-0.224466667,-0.0617986992
1447,0,54b24045-e039-40ee-9ba6-824dbdc42f9e,StartingBlock,144.708496,5575.58008,1,43,43,53,7,0,0,827.182678,713.951721,306.52951,-0.945381284,0.228140607,-0.22446841,-0.0618067198
1448,0,54b24045-e039-40ee-9ba6-824dbdc42f9e,StartingBlock,144.808105,5575.67969,1,43,43,53,7,0,0,830.170044,711.001892,312.100555,-0.945387423,0.228128016,-0.22446695,-0.0617652424
1449,0,54b24045-e039-40ee-9ba6-824dbdc42f9e,StartingBlock,144.908203,5575.77979,1,43,43,53,7,0,0,833.139709,708.024231,317.664917,-0.945393085,0.228120476,-0.224455476,-0.0617478974
1450,0,54b24045-e039-40ee-9ba6-824dbdc42f9e,StartingBlock,145.008301,5575.87988,1,43,43,53,7,0,0,836.091553,705.018677,323.222565,-0.945394874,0.228111997,-0.224450827,-0.0617684312
1451,0,54b24045-e039-40ee-9ba6-824dbdc42f9e,StartingBlock,145.108398,5575.97998,1,43,43,53,7,0,0,839.025696,701.985352,328.773346,-0.945398271,0.228098303,-0.224453658,-0.0617571995
1452,0,54b24045-e039-40ee-9ba6-824dbdc42f9e,StartingBlock,145.208496,5576.08008,1,43,43,53,7,0,0,841.942017,698.924255,334.317169,-0.945399642,0.22810097,-0.224442646,-0.0617657453
1453,0,54b24045-e039-40ee-9ba6-824dbdc42f9e,StartingBlock,145.308105,5576.17969,1,43,43,53,7,0,0,844.840515,695.835571,339.853912,-0.945404887,0.228088289,-0.2244398,-0.0617427193
1454,0,54b24045-e039-40ee-9ba6-824dbdc42f9e,StartingBlock,145.408203,5576.27979,1,43,43,53,7,0,0,847.721069,692.719177,345.383453,-0.945406258,0.228086546,-0.224444658,-0.0617099479
1455,0,54b24045-e039-40ee-9ba6-824dbdc42f9e,StartingBlock,145.508301,5576.37988,1,43,43,53,7,0,0,850.583557,689.575439,350.905701,-0.945407927,0.22808072,-0.224434599,-0.061742641
1456,0,54b24045-e039-40ee-9ba6-824dbdc42f9e,StartingBlock,145.608398,5576.47998,1,43,43,53,7,0,0,853.428101,686.404236,356.420502,-0.945409298,0.228091002,-0.224423721,-0.0617231987
1457,0,54b24045-e039-40ee-9ba6-824dbdc42f9e,StartingBlock,145.708496,5576.58008,1,43,43,53,7,0,0,856.254395,683.205688,361.927704,-0.945412517,0.22808139,-0.22441785,-0.0617304221
1458,0,54b24045-e039-40ee-9ba6-824dbdc42f9e,StartingBlock,145.808105,5576.67969,1,43,43,53,7,0,0,859.062622,679.979919,367.427246,-0.945413828,0.228071168,-0.224423349,-0.06172809
1459,0,54b24045-e039-40ee-9ba6-824dbdc42f9e,StartingBlock,145.908203,5576.77979,1,43,43,53,7,0,0,861.852722,676.726929,372.919067,-0.945419312,0.228049636,-0.2244232,-0.0617250465
1460,0,54b24045-e039-40ee-9ba6-824dbdc42f9e,StartingBlock,146.008301,5576.87988,1,43,43,53,7,0,0,864.624451,673.44696,378.402954,-0.945421517,0.228059858,-0.224411279,-0.061697077
1461,0,54b24045-e039-40ee-9ba6-824dbdc42f9e,StartingBlock,146.108398,5576.97998,1,43,43,53,7,0,0,867.377869,670.139709,383.878876,-0.945418894,0.22804226,-0.224424899,-0.0617514625
1462,0,54b24045-e039-40ee-9ba6-824dbdc42f9e,StartingBlock,146.208496,5577.08008,1,43,43,53,7,0,0,870.112976,666.805664,389.346649,-0.945425451,0.228033885,-0.224416256,-0.0617138296
1463,0,54b24045-e039-40ee-9ba6-824dbdc42f9e,StartingBlock,146.308105,5577.17969,1,43,43,53,7,0,0,872.829651,663.444763,394.806183,-0.945430279,0.228016123,-0.22441943,-0.0616943911
1464,0,54b24045-e039-40ee-9ba6-824dbdc42f9e,StartingBlock,146.408203,5577.27979,1,43,43,53,7,0,0,875.527832,660.057007,400.257416,-0.945427716,0.228016198,-0.224424019,-0.0617155284
1465,0,54b24045-e039-40ee-9ba6-824dbdc42f9e,StartingBlock,146.508301,5577.37988,1,43,43,53,7,0,0,878.20752,656.642639,405.700165,-0.945432484,0.228005975,-0.224421725,-0.0616899431
1466,0,54b24045-e039-40ee-9ba6-824dbdc42f9e,StartingBlock,146.608398,5577.47998,1,43,43,53,7,0,0,880.868591,653.201477,411.134369,-0.945435822,0.22799018,-0.22442472,-0.0616851561
1467,0,54b24045-e039-40ee-9ba6-824dbdc42f9e,StartingBlock,146.708496,5577.58008,1,43,43,53,7,0,0,883.511108,649.733887,416.559875,-0.945437551,0.227996811,-0.224414274,-0.0616729073
1468,0,54b24045-e039-40ee-9ba6-824dbdc42f9e,StartingBlock,146.808105,5577.67969,1,43,43,53,7,0,0,886.134888,646.239807,421.976624,-0.945444286,0.227982089,-0.224397734,-0.0616841987
1469,0,54b24045-e039-40ee-9ba6-824dbdc42f9e,StartingBlock,146.908203,5577.77979,1,43,43,53,7,0,0,888.739929,642.71936,427.38443,-0.945444882,0.227986708,-0.224389955,-0.0616872273
1470,0,54b24045-e039-40ee-9ba6-824dbdc42f9e,StartingBlock,147.008301,5577.87988,1,43,43,53,7,0,0,891.326233,639.172546,432.783234,-0.945441902,0.227988273,-0.224393383,-0.061714109
1471,0,54b24045-e039-40ee-9ba6-824dbdc42f9e,StartingBlock,147.108398,5577.97998,1,43,43,53,7,0,0,893.893677,635.599487,438.172943,-0.945449591,0.227967754,-0.224392012,-0.0616776235
1472,0,54b24045-e039-40ee-9ba6-824dbdc42f9e,StartingBlock,147.208496,5578.08008,1,43,43,53,7,0,0,896.442261,632.000305,443.553406,-0.945451021,0.227969304,-0.224379539,-0.0616945215
1473,0,54b24045-e039-40ee-9ba6-824dbdc42f9e,StartingBlock,147.308105,5578.17969,1,43,43,53,7,0,0,898.971985,628.375061,448.9245,-0.945443928,0.227989212,-0.224392503,-0.061683204
1474,0,54b24045-e039-40ee-9ba6-824dbdc42f9e,StartingBlock,147.408203,5578.27979,1,43,43,53,7,0,0,901.482605,624.723877,454.286133,-0.945453048,0.227959096,-0.22438556,-0.0616793297
1475,0,54b24045-e039-40ee-9ba6-824dbdc42f9e,StartingBlock,147.508301,5578.37988,1,43,43,53,7,0,0,903.974304,621.046753,459.638214,-0.945453525,0.227945656,-0.224385023,-0.0617236644
1476,0,54b24045-e039-40ee-9ba6-824dbdc42f9e,StartingBlock,147.608398,5578.47998,1,43,43,53,7,0,0,906.446899,617.343872,464.98056,-0.945465505,0.227929398,-0.22436364,-0.0616784617
1477,0,54b24045-e039-40ee-9ba6-824dbdc42f9e,StartingBlock,147.708496,5578.58008,1,43,43,53,7,0,0,908.90033,613.615173,470.313171,-0.945468783,0.22791259,-0.224360362,-0.0617021956
1478,0,54b24045-e039-40ee-9ba6-824dbdc42f9e,StartingBlock,147.808105,5578.67969,1,43,43,53,7,0,0,911.334656,609.860779,475.635864,-0.945468128,0.227942854,-0.224337354,-0.0616835617
1479,0,54b24045-e039-40ee-9ba6-824dbdc42f9e,StartingBlock,147.908203,5578.77979,1,43,43,53,7,0,0,913.749756,606.080994,480.948547,-0.945474029,0.227929935,-0.224323422,-0.0616917238
1480,0,54b24045-e039-40ee-9ba6-824dbdc42f9e,StartingBlock,148.008301,5578.87988,1,43,43,53,7,0,0,916.14563,602.275635,486.251068,-0.945482016,0.227910638,-0.224318579,-0.0616574921
1481,0,54b24045-e039-40ee-9ba6-824dbdc42f9e,StartingBlock,148.108398,5578.97998,1,43,43,53,7,0,0,918.522095,598.444824,491.543396,-0.945476294,0.227915928,-0.224326402,-0.061697498
1482,0,54b24045-e039-40ee-9ba6-824dbdc42f9e,StartingBlock,148.208496,5579.08008,1,43,43,53,7,0,0,920.879272,594.588806,496.825317,-0.945476592,0.227914184,-0.224328086,-0.0616946891
1483,0,54b24045-e039-40ee-9ba6-824dbdc42f9e,StartingBlock,148.308105,5579.17969,1,43,43,53,7,0,0,923.217041,590.70752,502.096832,-0.945479751,0.227896005,-0.224330649,-0.061702989
1484,0,54b24045-e039-40ee-9ba6-824dbdc42f9e,StartingBlock,148.408203,5579.27979,1,43,43,53,7,0,0,925.535339,586.801147,507.357758,-0.945487201,0.22788021,-0.224318594,-0.061691314
1485,0,54b24045-e039-40ee-9ba6-824dbdc42f9e,StartingBlock,148.508301,5579.37988,1,43,43,53,7,0,0,927.834167,582.869629,512.608032,-0.945496976,0.227862865,-0.224305257,-0.0616541393
1486,0,54b24045-e039-40ee-9ba6-824dbdc42f9e,StartingBlock,148.608398,5579.47998,1,43,43,53,7,0,0,930.113403,578.913269,517.847473,-0.94549042,0.227862164,-0.224319786,-0.0617046058
1487,0,54b24045-e039-40ee-9ba6-824dbdc42f9e,StartingBlock,148.708496,5579.58008,1,43,43,53,7,0,0,932.373108,574.932007,523.076111,-0.945498765,0.227840096,-0.224312812,-0.061683543
1488,0,54b24045-e039-40ee-9ba6-824dbdc42f9e,StartingBlock,148.808105,5579.67969,1,43,43,53,7,0,0,934.613159,570.925903,528.293762,-0.945496976,0.227837697,-0.224315226,-0.0617107712
1489,0,54b24045-e039-40ee-9ba6-824dbdc42f9e,StartingBlock,148.908203,5579.77979,1,43,43,53,7,0,0,936.833618,566.895142,533.500244,-0.945494592,0.227862924,-0.224307328,-0.0616825186
1490,0,54b24045-e039-40ee-9ba6-824dbdc42f9e,StartingBlock,149.008301,5579.87988,1,43,43,53,7,0,0,939.034302,562.839722,538.695496,-0.945499003,0.227836221,-0.2243094,-0.0617065392
1491,0,54b24045-e039-40ee-9ba6-824dbdc42f9e,StartingBlock,149.108398,5579.97998,1,43,43,53,7,0,0,941.21521,558.759766,543.879395,-0.945488691,0.227882221,-0.224310935,-0.0616886206
1492,0,54b24045-e039-40ee-9ba6-824dbdc42f9e,StartingBlock,149.208496,5580.08008,1,43,43,53,7,0,0,943.376282,554.655396,549.051941,-0.945502639,0.227830172,-0.224303037,-0.06169587
1493,0,54b24045-e039-40ee-9ba6-824dbdc42f9e,StartingBlock,149.308105,5580.17969,1,43,43,53,7,0,0,945.517578,550.526672,554.212952,-0.945505738,0.227813527,-0.224303976,-0.0617069975
1494,0,54b24045-e039-40ee-9ba6-824dbdc42f9e,StartingBlock,149.408203,5580.27979,1,43,43,53,7,0,0,947.638916,546.373779,559.362244,-0.945506394,0.227829605,-0.224287152,-0.0616986789
1495,0,54b24045-e039-40ee-9ba6-824dbdc42f9e,StartingBlock,149.508301,5580.37988,1,43,43,53,7,0,0,949.740356,542.196533,564.499817,-0.945520759,0.2277987,-0.224265516,-0.0616713762
1496,0,54b24045-e039-40ee-9ba6-824dbdc42f9e,StartingBlock,149.608398,5580.47998,1,43,43,53,7,0,0,951.821838,537.995361,569.625549,-0.94551754,0.227813303,-0.224259526,-0.0616885573
1497,0,54b24045-e039-40ee-9ba6-824dbdc42f9e,StartingBlock,149.708496,5580.58008,1,43,43,53,7,0,0,953.883301,533.770203,574.739258,-0.945524752,0.227778241,-0.224260911,-0.061702244
1498,0,54b24045-e039-40ee-9ba6-824dbdc42f9e,StartingBlock,149.808105,5580.67969,1,43,43,53,7,0,0,955.924683,529.521057,579.840881,-0.945528984,0.227791235,-0.224237934,-0.0616724826
1499,0,54b24045-e039-40ee-9ba6-824dbdc42f9e,StartingBlock,149.908203,5580.77979,1,43,43,53,7,0,0,957.946045,525.248169,584.930359,-0.945531368,0.22777392,-0.22424674,-0.0616684519
1500,0,54b24045-e039-40ee-9ba6-824dbdc42f9e,StartingBlock,150.008301,5580.87988,1,43,43,53,7,0,0,959.947144,520.951599,590.007629,-0.945535481,0.227767602,-0.224232763,-0.0616788305
1501,0,54b24045-e039-40ee-9ba6-824dbdc42f9e,StartingBlock,150.108398,5580.97998,1,43,43,53,7,0,0,961.928101,516.631409,595.072388,-0.945534647,0.227768004,-0.224235371,-0.0616812222
1502,0,54b24045-e039-40ee-9ba6-824dbdc42f9e,StartingBlock,150.208496,5581.08008,1,43,43,53,7,0,0,963.888794,512.287598,600.124695,-0.945535958,0.22777392,-0.224230424,-0.0616568401
1503,0,54b24045-e039-40ee-9ba6-824dbdc42f9e,StartingBlock,150.308105,5581.17969,1,43,43,53,7,0,0,965.829285,507.920441,605.164368,-0.945538282,0.227762476,-0.224230587,-0.0616625324
1504,0,54b24045-e039-40ee-9ba6-824dbdc42f9e,StartingBlock,150.408203,5581.27979,1,43,43,53,7,0,0,967.749451,503.529907,610.191406,-0.945547819,0.227720723,-0.224240497,-0.0616347194
1505,0,54b24045-e039-40ee-9ba6-824dbdc42f9e,StartingBlock,150.508301,5581.37988,1,43,43,53,7,0,0,969.649292,499.11615,615.205566,-0.945547104,0.227726787,-0.224237099,-0.0616366006
1506,0,54b24045-e039-40ee-9ba6-824dbdc42f9e,StartingBlock,150.608398,5581.47998,1,43,43,53,7,0,0,971.528748,494.679199,620.206848,-0.945545375,0.227733806,-0.22423403,-0.0616472401
1507,0,54b24045-e039-40ee-9ba6-824dbdc42f9e,StartingBlock,150.708496,5581.58008,1,43,43,53,7,0,0,973.387817,490.219269,625.195068,-0.945541084,0.227734774,-0.224250048,-0.0616521277
1508,0,54b24045-e039-40ee-9ba6-824dbdc42f9e,StartingBlock,150.808105,5581.67969,1,43,43,53,7,0,0,975.226379,485.736298,630.170227,-0.945539713,0.227738798,-0.224251956,-0.0616504289
1509,0,54b24045-e039-40ee-9ba6-824dbdc42f9e,StartingBlock,150.908203,5581.77979,1,43,43,53,7,0,0,977.044495,481.23053,635.132141,-0.945544004,0.227730036,-0.224235684,-0.0616753772
1510,0,54b24045-e039-40ee-9ba6-824dbdc42f9e,StartingBlock,151.008301,5581.87988,1,43,43,53,7,0,0,978.842041,476.701965,640.080627,-0.945546091,0.227743983,-0.224222973,-0.0616397038
1511,0,54b24045-e039-40ee-9ba6-824dbdc42f9e,StartingBlock,151.108398,5581.97998,1,43,43,53,7,0,0,980.61908,472.150726,645.015747,-0.945550442,0.227711275,-0.224230304,-0.0616655052
1512,0,54b24045-e039-40ee-9ba6-824dbdc42f9e,StartingBlock,151.208496,5582.08008,1,43,43,53,7,0,0,982.375427,467.576843,649.937378,-0.945552588,0.227720723,-0.224217609,-0.0616451427
1513,0,54b24045-e039-40ee-9ba6-824dbdc42f9e,StartingBlock,151.308105,5582.17969,1,43,43,53,7,0,0,984.111145,462.98053,654.845215,-0.945552826,0.227724478,-0.224212036,-0.0616480149
1514,0,54b24045-e039-40ee-9ba6-824dbdc42f9e,StartingBlock,151.408203,5582.27979,1,43,43,53,7,0,0,985.826233,458.361786,659.739441,-0.945548296,0.227741778,-0.224203199,-0.0616856329
1515,0,54b24045-e039-40ee-9ba6-824dbdc42f9e,StartingBlock,151.508301,5582.37988,1,43,43,53,7,0,0,987.520569,453.720734,664.619812,-0.945559382,0.227697685,-0.224206582,-0.0616665222
1516,0,54b24045-e039-40ee-9ba6-824dbdc42f9e,StartingBlock,151.608398,5582.47998,1,43,43,53,7,0,0,989.194153,449.057556,669.486206,-0.945557415,0.22769317,-0.224223509,-0.0616515391
1517,0,54b24045-e039-40ee-9ba6-824dbdc42f9e,StartingBlock,151.708496,5582.58008,1,43,43,53,7,0,0,990.846985,444.372253,674.338501,-0.945559382,0.22770454,-0.22419402,-0.0616854951
1518,0,54b24045-e039-40ee-9ba6-824dbdc42f9e,StartingBlock,151.808105,5582.67969,1,43,43,53,7,0,0,992.479004,439.664948,679.176636,-0.945572436,0.227690011,-0.224168971,-0.0616310164
1519,0,54b24045-e039-40ee-9ba6-824dbdc42f9e,StartingBlock,151.908203,5582.77979,1,43,43,53,7,0,0,994.090088,434.93573,684.000549,-0.945572019,0.227690011,-0.224164128,-0.0616547763
1520,0,54b24045-e039-40ee-9ba6-824dbdc42f9e,StartingBlock,152.008301,5582.87988,1,43,43,53,7,0,0,995.680359,430.184692,688.810059,-0.945578396,0.227665052,-0.224159583,-0.0616667159
1521,0,54b24045-e039-40ee-9ba6-824dbdc42f9e,StartingBlock,152.108398,5582.97998,1,43,43,53,7,0,0,997.249695,425.411957,693.605103,-0.945580781,0.227651775,-0.224164978,-0.0616593435
1522,0,54b24045-e039-40ee-9ba6-824dbdc42f9e,StartingBlock,152.208496,5583.08008,1,43,43,53,7,0,0,998.798035,420.617676,698.385559,-0.945579052,0.227673709,-0.224156395,-0.0616357177
1523,0,54b24045-e039-40ee-9ba6-824dbdc42f9e,StartingBlock,152.308105,5583.17969,1,43,43,53,7,0,0,1000.32544,415.801849,703.151428,-0.945571423,0.227676243,-0.224169359,-0.0616960526
1524,0,54b24045-e039-40ee-9ba6-824dbdc42f9e,StartingBlock,152.408203,5583.27979,1,43,43,53,7,0,0,1001.83173,410.9646,707.902527,-0.945587695,0.227630794,-0.224157602,-0.0616572946
1525,0,54b24045-e039-40ee-9ba6-824dbdc42f9e,StartingBlock,152.508301,5583.37988,1,43,43,53,7,0,0,1003.31702,406.106049,712.638672,-0.945574284,0.22766766,-0.224165291,-0.0616987981
1526,0,54b24045-e039-40ee-9ba6-824dbdc42f9e,StartingBlock,152.608398,5583.47998,1,43,43,53,7,0,0,1004.78119,401.226288,717.359863,-0.94558388,0.227635249,-0.224160522,-0.0616879128
1527,0,54b24045-e039-40ee-9ba6-824dbdc42f9e,StartingBlock,152.708496,5583.58008,1,43,43,53,7,0,0,1006.22424,396.325439,722.065979,-0.945590734,0.227614343,-0.224151075,-0.0616944991
1528,0,54b24045-e039-40ee-9ba6-824dbdc42f9e,StartingBlock,152.808105,5583.67969,1,43,43,53,7,0,0,1007.64618,391.403595,726.756958,-0.945586383,0.22763826,-0.22414422,-0.061698094
1529,0,54b24045-e039-40ee-9ba6-824dbdc42f9e,StartingBlock,152.908203,5583.77979,1,43,43,53,7,0,0,1009.04694,386.460846,731.432678,-0.945591509,0.227622703,-0.224140495,-0.0616908036
1530,0,54b24045-e039-40ee-9ba6-824dbdc42f9e,StartingBlock,153.008301,5583.87988,1,43,43,53,7,0,0,1010.42639,381.497253,736.093018,-0.945591748,0.227635548,-0.224127457,-0.0616861917
1531,0,54b24045-e039-40ee-9ba6-824dbdc42f9e,StartingBlock,153.108398,5583.97998,1,43,43,53,7,0,0,1011.78461,376.513031,740.737915,-0.945596933,0.22762689,-0.224123463,-0.0616534315
1532,0,54b24045-e039-40ee-9ba6-824dbdc42f9e,StartingBlock,153.208496,5584.08008,1,43,43,53,7,0,0,1013.12152,371.50824,745.367188,-0.945598364,0.227634355,-0.224102646,-0.0616793558
1533,0,54b24045-e039-40ee-9ba6-824dbdc42f9e,StartingBlock,153.308105,5584.17969,1,43,43,53,7,0,0,1014.43713,366.48288,749.980835,-0.945610762,0.227599695,-0.224093914,-0.0616503246
1534,0,54b24045-e039-40ee-9ba6-824dbdc42f9e,StartingBlock,153.408203,5584.27979,1,43,43,53,7,0,0,1015.73145,361.437134,754.578674,-0.945610523,0.227602988,-0.224089652,-0.0616562292
1535,0,54b24045-e039-40ee-9ba6-824dbdc42f9e,StartingBlock,153.508301,5584.37988,1,43,43,53,7,0,0,1017.00433,356.371216,759.160645,-0.94561398,0.227585658,-0.224086776,-0.0616785213
1536,0,54b24045-e039-40ee-9ba6-824dbdc42f9e,StartingBlock,153.608398,5584.47998,1,43,43,53,7,0,0,1018.25586,351.285034,763.726685,-0.94561708,0.227620408,-0.224052653,-0.0616259612
1537,0,54b24045-e039-40ee-9ba6-824dbdc42f9e,StartingBlock,153.708496,5584.58008,1,43,43,53,7,0,0,1019.48596,346.178802,768.276672,-0.945614576,0.227616519,-0.224063486,-0.0616384782
1538,0,54b24045-e039-40ee-9ba6-824dbdc42f9e,StartingBlock,153.808105,5584.67969,1,43,43,53,7,0,0,1020.69458,341.052521,772.810425,-0.945627689,0.227564231,-0.224061757,-0.0616379268
1539,0,54b24045-e039-40ee-9ba6-824dbdc42f9e,StartingBlock,153.908203,5584.77979,1,43,43,53,7,0,0,1021.88171,335.906464,777.328003,-0.945623934,0.227586135,-0.224048987,-0.0616610721
1540,0,54b24045-e039-40ee-9ba6-824dbdc42f9e,StartingBlock,154.008301,5584.87988,1,43,43,53,7,0,0,1023.04736,330.740601,781.829163,-0.945619762,0.227569818,-0.224076763,-0.0616837926
1541,0,54b24045-e039-40ee-9ba6-824dbdc42f9e,StartingBlock,154.108398,5584.97998,1,43,43,53,7,0,0,1024.19141,325.555084,786.313904,-0.945613205,0.227589384,-0.224079728,-0.0617016032
1542,0,54b24045-e039-40ee-9ba6-824dbdc42f9e,StartingBlock,154.208496,5585.08008,1,43,43,53,7,0,0,1025.31384,320.350006,790.782104,-0.945613027,0.227586895,-0.224078208,-0.0617186353
1543,0,54b24045-e039-40ee-9ba6-824dbdc42f9e,StartingBlock,154.308105,5585.17969,1,43,43,53,7,0,0,1026.41479,315.125519,795.233643,-0.945610225,0.227585852,-0.224085212,-0.0617400482
1544,0,54b24045-e039-40ee-9ba6-824dbdc42f9e,StartingBlock,154.408203,5585.27979,1,43,43,53,7,0,0,1027.4939,309.881683,799.668396,-0.94561851,0.227570623,-0.224076837,-0.0616993271
1545,0,54b24045-e039-40ee-9ba6-824dbdc42f9e,StartingBlock,154.508301,5585.37988,1,43,43,53,7,0,0,1028.55164,304.618622,804.086243,-0.945633173,0.227550611,-0.224057391,-0.0616204776
1546,0,54b24045-e039-40ee-9ba6-824dbdc42f9e,StartingBlock,154.608398,5585.47998,1,43,43,53,7,0,0,1029.58752,299.336395,808.487244,-0.94563657,0.227544278,-0.224057198,-0.0615909286
1547,0,54b24045-e039-40ee-9ba6-824dbdc42f9e,StartingBlock,154.708496,5585.58008,1,43,43,53,7,0,0,1030.60168,294.035278,812.871155,-0.945626676,0.227538392,-0.224080324,-0.0616809987
1548,0,54b24045-e039-40ee-9ba6-824dbdc42f9e,StartingBlock,154.808105,5585.67969,1,43,43,53,7,0,0,1031.59424,288.71521,817.237976,-0.945610285,0.227580041,-0.224098191,-0.061713703
1549,0,54b24045-e039-40ee-9ba6-824dbdc42f9e,StartingBlock,154.908203,5585.77979,1,43,43,53,7,0,0,1032.56506,283.376282,821.587585,-0.945615053,0.227551997,-0.224115238,-0.0616811737
1550,0,54b24045-e039-40ee-9ba6-824dbdc42f9e,StartingBlock,155.008301,5585.87988,1,43,43,53,7,0,0,1033.51404,278.018707,825.9198,-0.945617378,0.227579609,-0.224083483,-0.0616594888
1551,0,54b24045-e039-40ee-9ba6-824dbdc42f9e,StartingBlock,155.108398,5585.97998,1,43,43,53,7,0,0,1034.44104,272.642517,830.23468,-0.945630848,0.227527499,-0.224096254,-0.0615995973
1552,0,54b24045-e039-40ee-9ba6-824dbdc42f9e,StartingBlock,155.208496,5586.08008,1,43,43,53,7,0,0,1035.34619,267.247894,834.531982,-0.945623577,0.227546275,-0.224085376,-0.0616810098
1553,0,54b24045-e039-40ee-9ba6-824dbdc42f9e,StartingBlock,155.308105,5586.17969,1,43,43,53,7,0,0,1036.22961,261.8349,838.811768,-0.945636213,0.227525875,-0.224070519,-0.061616458
1554,0,54b24045-e039-40ee-9ba6-824dbdc42f9e,StartingBlock,155.408203,5586.27979,1,43,43,53,7,0,0,1037.09106,256.403656,843.073792,-0.945627928,0.227525577,-0.224097669,-0.0616464652
1555,0,54b24045-e039-40ee-9ba6-824dbdc42f9e,StartingBlock,155.508301,5586.37988,1,43,43,53,7,0,0,1037.93079,250.954285,847.317993,-0.945632458,0.227526709,-0.224064574,-0.0616926961
1556,0,54b24045-e039-40ee-9ba6-824dbdc42f9e,StartingBlock,155.608398,5586.47998,1,43,43,53,7,0,0,1038.74841,245.486877,851.544312,-0.945624948,0.227533519,-0.224088684,-0.0616957061
1557,0,54b24045-e039-40ee-9ba6-824dbdc42f9e,StartingBlock,155.708496,5586.58008,1,43,43,53,7,0,0,1039.54407,240.001541,855.752747,-0.94563961,0.22753118,-0.224053249,-0.0616077967
1558,0,54b24045-e039-40ee-9ba6-824dbdc42f9e,StartingBlock,155.808105,5586.67969,1,43,43,53,7,0,0,1040.31799,234.498413,859.943054,-0.945645154,0.227515131,-0.224040002,-0.061630033
1559,0,54b24045-e039-40ee-9ba6-824dbdc42f9e,StartingBlock,155.908203,5586.77979,1,43,43,53,7,0,0,1041.0697,228.977585,864.115173,-0.945649087,0.227548584,-0.224006459,-0.0615680218
1560,0,54b24045-e039-40ee-9ba6-824dbdc42f9e,StartingBlock,156.008301,5586.87988,1,43,43,53,7,0,0,1041.79956,223.439178,868.268982,-0.945654452,0.22749275,-0.224024475,-0.0616255999
1561,0,54b24045-e039-40ee-9ba6-824dbdc42f9e,StartingBlock,156.108398,5586.97998,1,43,43,53,7,0,0,1042.50732,217.883286,872.404419,-0.94565475,0.227537408,-0.224000141,-0.0615455247
1562,0,54b24045-e039-40ee-9ba6-824dbdc42f9e,StartingBlock,156.208496,5587.08008,1,43,43,53,7,0,0,1043.19287,212.310074,876.521484,-0.945654571,0.227527484,-0.223987177,-0.0616310611
1563,0,54b24045-e039-40ee-9ba6-824dbdc42f9e,StartingBlock,156.308105,5587.17969,1,43,43,53,7,0,0,1043.85657,206.719589,880.619995,-0.945659637,0.227521911,-0.223971784,-0.0616303459
1564,0,54b24045-e039-40ee-9ba6-824dbdc42f9e,StartingBlock,156.408203,5587.27979,1,43,43,53,7,0,0,1044.49792,201.112,884.699768,-0.945652783,0.22755219,-0.223960355,-0.061666321
1565,0,54b24045-e039-40ee-9ba6-824dbdc42f9e,StartingBlock,156.508301,5587.37988,1,43,43,53,7,0,0,1045.11731,195.487366,888.760925,-0.945657849,0.227537706,-0.223963827,-0.0616275147
1566,0,54b24045-e039-40ee-9ba6-824dbdc42f9e,StartingBlock,156.608398,5587.47998,1,43,43,53,7,0,0,1045.7146,189.84584,892.803284,-0.945665121,0.2275116,-0.223961234,-0.0616232306
1567,0,54b24045-e039-40ee-9ba6-824dbdc42f9e,StartingBlock,156.708496,5587.58008,1,43,43,53,7,0,0,1046.28967,184.187576,896.82666,-0.945657611,0.22753112,-0.223968387,-0.0616399311
1568,0,54b24045-e039-40ee-9ba6-824dbdc42f9e,StartingBlock,156.808105,5587.67969,1,43,43,53,7,0,0,1046.84241,178.512604,900.831055,-0.94566083,0.227526948,-0.223955825,-0.0616520457
1569,0,54b24045-e039-40ee-9ba6-824dbdc42f9e,StartingBlock,156.908203,5587.77979,1,43,43,53,7,0,0,1047.37305,172.821045,904.816406,-0.945672989,0.227488816,-0.22393927,-0.0616659224
1570,0,54b24045-e039-40ee-9ba6-824dbdc42f9e,StartingBlock,157.008301,5587.87988,1,43,43,53,7,0,0,1047.88147,167.113083,908.782471,-0.94567126,0.227494046,-0.223943576,-0.0616573766
1571,0,54b24045-e039-40ee-9ba6-824dbdc42f9e,StartingBlock,157.108398,5587.97998,1,43,43,53,7,0,0,1048.36768,161.388763,912.72937,-0.945677698,0.227484584,-0.223926798,-0.0616555326
1572,0,54b24045-e039-40ee-9ba6-824dbdc42f9e,StartingBlock,157.208496,5588.08008,1,43,43,53,7,0,0,1048.83154,155.648254,916.65686,-0.945671618,0.227489039,-0.223944262,-0.0616690256
1573,0,54b24045-e039-40ee-9ba6-824dbdc42f9e,StartingBlock,157.308105,5588.17969,1,43,43,53,7,0,0,1049.27319,149.891647,920.56488,-0.945666969,0.227507815,-0.223943815,-0.0616713613
1574,0,54b24045-e039-40ee-9ba6-824dbdc42f9e,StartingBlock,157.408203,5588.27979,1,43,43,53,7,0,0,1049.69263,144.119049,924.453369,-0.945676982,0.227485359,-0.223925248,-0.061667785
1575,0,54b24045-e039-40ee-9ba6-824dbdc42f9e,StartingBlock,157.508301,5588.37988,1,43,43,53,7,0,0,1050.08972,138.330551,928.322144,-0.945681512,0.227467015,-0.223932743,-0.0616387613
1576,0,54b24045-e039-40ee-9ba6-824dbdc42f9e,StartingBlock,157.608398,5588.47998,1,43,43,53,7,0,0,1050.46436,132.526337,932.171326,-0.945680916,0.227451578,-0.223929822,-0.0617165416
1577,0,54b24045-e039-40ee-9ba6-824dbdc42f9e,StartingBlock,157.708496,5588.58008,1,43,43,53,7,0,0,1050.81665,126.706512,936.00061,-0.9456774,0.227467,-0.223935738,-0.0616918392
1578,0,54b24045-e039-40ee-9ba6-824dbdc42f9e,StartingBlock,157.808105,5588.67969,1,43,43,53,7,0,0,1051.14673,120.871185,939.809937,-0.945676804,0.227473795,-0.223919868,-0.0617329143
1579,0,54b24045-e039-40ee-9ba6-824dbdc42f9e,StartingBlock,157.908203,5588.77979,1,43,43,53,7,0,0,1051.45447,115.020439,943.599365,-0.945688844,0.22744064,-0.223904729,-0.0617252067
1580,0,54b24045-e039-40ee-9ba6-824dbdc42f9e,StartingBlock,158.008301,5588.87988,1,43,43,53,7,0,0,1051.73962,109.154434,947.368713,-0.945688784,0.227445692,-0.223900631,-0.0617237724
1581,0,54b24045-e039-40ee-9ba6-824dbdc42f9e,StartingBlock,158.108398,5588.97998,1,43,43,53,7,0,0,1052.00256,103.273277,951.117859,-0.945692956,0.227464199,-0.223884925,-0.0616482645
1582,0,54b24045-e039-40ee-9ba6-824dbdc42f9e,StartingBlock,158.208496,5589.08008,1,43,43,53,7,0,0,1052.24304,97.3770828,954.846741,-0.945695162,0.227430388,-0.22389546,-0.0617011972
1583,0,54b24045-e039-40ee-9ba6-824dbdc42f9e,StartingBlock,158.308105,5589.17969,1,43,43,53,7,0,0,1052.46106,91.466011,958.555298,-0.945688188,0.227453157,-0.223895788,-0.0617226474
1584,0,54b24045-e039-40ee-9ba6-824dbdc42f9e,StartingBlock,158.408203,5589.27979,1,43,43,53,7,0,0,1052.65674,85.5401154,962.243408,-0.94569391,0.227436036,-0.223897934,-0.0616901778
1585,0,54b24045-e039-40ee-9ba6-824dbdc42f9e,StartingBlock,158.508301,5589.37988,1,43,43,53,7,0,0,1052.82983,79.5995636,965.911072,-0.945698559,0.227445155,-0.223870501,-0.06168494
1586,0,54b24045-e039-40ee-9ba6-824dbdc42f9e,StartingBlock,158.608398,5589.47998,1,43,43,53,7,0,0,1052.98059,73.6444626,969.557983,-0.945688963,0.227477238,-0.223871738,-0.0617093481
1587,0,54b24045-e039-40ee-9ba6-824dbdc42f9e,StartingBlock,158.708496,5589.58008,1,43,43,53,7,0,0,1053.10876,67.6748962,973.184265,-0.94568342,0.227470532,-0.223899007,-0.0617196038
1588,0,54b24045-e039-40ee-9ba6-824dbdc42f9e,StartingBlock,158.808105,5589.67969,1,43,43,53,7,0,0,1053.21448,61.6910095,976.789795,-0.945691466,0.227461934,-0.223895758,-0.0616404116
1589,0,54b24045-e039-40ee-9ba6-824dbdc42f9e,StartingBlock,158.908203,5589.77979,1,43,43,53,7,0,0,1053.29773,55.6929588,980.374451,-0.945691645,0.227444038,-0.22389254,-0.061714571
1590,0,54b24045-e039-40ee-9ba6-824dbdc42f9e,StartingBlock,159.008301,5589.87988,1,43,43,53,7,0,0,1053.3584,49.6808319,983.93811,-0.945695162,0.227433875,-0.223896891,-0.0616827011
1591,0,54b24045-e039-40ee-9ba6-824dbdc42f9e,StartingBlock,159.108398,5589.97998,1,43,43,53,7,0,0,1053.39648,43.654789,987.480774,-0.945678294,0.227474496,-0.22392565,-0.0616876222
1592,0,54b24045-e039-40ee-9ba6-824dbdc42f9e,StartingBlock,159.208496,5590.08008,1,43,43,53,7,0,0,1053.41211,37.6148911,991.002319,-0.945684433,0.227476418,-0.223905265,-0.0616591126
1593,0,54b24045-e039-40ee-9ba6-824dbdc42f9e,StartingBlock,159.308105,5590.17969,1,43,43,53,7,0,0,1053.40515,31.5613041,994.502625,-0.945695877,0.227461383,-0.223881274,-0.0616261289
1594,0,54b24045-e039-40ee-9ba6-824dbdc42f9e,StartingBlock,159.408203,5590.27979,1,43,43,53,7,0,0,1053.37561,25.4941807,997.981628,-0.94568944,0.22748813,-0.223855302,-0.0617205724
1595,0,54b24045-e039-40ee-9ba6-824dbdc42f9e,StartingBlock,159.508301,5590.37988,1,43,43,53,7,0,0,1053.32349,19.4135609,1001.43927,-0.945695817,0.227473333,-0.223833442,-0.061756894
1596,0,54b24045-e039-40ee-9ba6-824dbdc42f9e,StartingBlock,159.608398,5590.47998,1,43,43,53,7,0,0,1053.24878,13.3196249,1004.87549,-0.945694923,0.227483809,-0.223837078,-0.0617186576
1597,0,54b24045-e039-40ee-9ba6-824dbdc42f9e,StartingBlock,159.708496,5590.58008,1,43,43,53,7,0,0,1053.15161,7.21246719,1008.2901,-0.945700347,0.227465883,-0.223836377,-0.0617049187
1598,0,54b24045-e039-40ee-9ba6-824dbdc42f9e,StartingBlock,159.808105,5590.67969,1,43,43,53,7,0,0,1053.03174,1.09221935,1011.68311,-0.945710778,0.22743848,-0.223808512,-0.0617477521
1599,0,54b24045-e039-40ee-9ba6-824dbdc42f9e,StartingBlock,159.908203,5590.77979,1,43,43,53,7,0,0,1052.8894,-5.0409441,1015.05438,-0.945715964,0.227448165,-0.223776966,-0.0617458746
1600,0,54b24045-e039-40ee-9ba6-824dbdc42f9e,StartingBlock,160.008301,5590.87988,1,43,43,53,7,0,0,1052.72437,-11.1869488,1018.40393,-0.945717275,0.227448076,-0.223771989,-0.0617443845
1601,0,54b24045-e039-40ee-9ba6-824dbdc42f9e,StartingBlock,160.108398,5590.97998,1,43,43,53,7,0,0,1052.53662,-17.3456402,1021.73151,-0.945714533,0.227454528,-0.223772436,-0.0617611557
1602,0,54b24045-e039-40ee-9ba6-824dbdc42f9e,StartingBlock,160.208496,5591.08008,1,43,43,53,7,0,0,1052.32629,-23.5169296,1025.03711,-0.945715189,0.227465332,-0.223766014,-0.061733447
1603,0,54b24045-e039-40ee-9ba6-824dbdc42f9e,StartingBlock,160.308105,5591.17969,1,43,43,53,7,0,0,1052.09338,-29.7006454,1028.3208,-0.945707142,0.227496266,-0.223769188,-0.0617319308
1604,0,54b24045-e039-40ee-9ba6-824dbdc42f9e,StartingBlock,160.408203,5591.27979,1,43,43,53,7,0,0,1051.83765,-35.89674,1031.58228,-0.945716739,0.227452055,-0.22377114,-0.0617411397
1605,0,54b24045-e039-40ee-9ba6-824dbdc42f9e,StartingBlock,160.508301,5591.37988,1,43,43,53,7,0,0,1051.55933,-42.1049995,1034.82166,-0.945710361,0.227467582,-0.223784313,-0.0617336929
1606,0,54b24045-e039-40ee-9ba6-824dbdc42f9e,StartingBlock,160.608398,5591.47998,1,43,43,53,7,0,0,1051.25854,-48.3253365,1038.03857,-0.945719779,0.227447301,-0.223757029,-0.0617630854
1607,0,54b24045-e039-40ee-9ba6-824dbdc42f9e,StartingBlock,160.708496,5591.58008,1,43,43,53,7,0,0,1050.93494,-54.5575943,1041.23315,-0.945722938,0.227446675,-0.223746806,-0.0617540404
1608,0,54b24045-e039-40ee-9ba6-824dbdc42f9e,StartingBlock,160.808105,5591.67969,1,43,43,53,7,0,0,1050.58862,-60.801651,1044.40527,-0.945705354,0.227490455,-0.223771751,-0.0617710166
1609,0,54b24045-e039-40ee-9ba6-824dbdc42f9e,StartingBlock,160.908203,5591.77979,1,43,43,53,7,0,0,1050.21973,-67.0574036,1047.55493,-0.945697904,0.227517843,-0.223785028,-0.061736282
1610,0,54b24045-e039-40ee-9ba6-824dbdc42f9e,StartingBlock,161.008301,5591.87988,1,43,43,53,7,0,0,1049.828,-73.3247223,1050.68201,-0.945698738,0.227504835,-0.223783582,-0.0617768653
1611,0,54b24045-e039-40ee-9ba6-824dbdc42f9e,StartingBlock,161.108398,5591.97998,1,43,43,53,7,0,0,1049.4137,-79.6034546,1053.78625,-0.945704222,0.227508605,-0.2237629,-0.0617538765
1612,0,54b24045-e039-40ee-9ba6-824dbdc42f9e,StartingBlock,161.208496,5592.08008,1,43,43,53,7,0,0,1048.97668,-85.8935394,1056.8678,-0.945714772,0.227471054,-0.223759443,-0.0617438219
1613,0,54b24045-e039-40ee-9ba6-824dbdc42f9e,StartingBlock,161.308105,5592.17969,1,43,43,53,7,0,0,1048.51709,-92.1947174,1059.92651,-0.94570601,0.227510929,-0.223757923,-0.0617363825
1614,0,54b24045-e039-40ee-9ba6-824dbdc42f9e,StartingBlock,161.408203,5592.27979,1,43,43,53,7,0,0,1048.03467,-98.5070038,1062.9624,-0.945718527,0.227446184,-0.223764092,-0.0617604367
1615,0,54b24045-e039-40ee-9ba6-824dbdc42f9e,StartingBlock,161.508301,5592.37988,1,43,43,53,7,0,0,1047.52942,-104.830185,1065.9751,-0.945712686,0.227484837,-0.223761246,-0.0617185272
1616,0,54b24045-e039-40ee-9ba6-824dbdc42f9e,StartingBlock,161.608398,5592.47998,1,43,43,53,7,0,0,1047.00171,-111.164146,1068.96472,-0.945717096,0.22745806,-0.223767236,-0.061727941
1617,0,54b24045-e039-40ee-9ba6-824dbdc42f9e,StartingBlock,161.708496,5592.58008,1,43,43,53,7,0,0,1046.45129,-117.508705,1071.93127,-0.945726037,0.227471083,-0.223722905,-0.0617037117
1618,0,54b24045-e039-40ee-9ba6-824dbdc42f9e,StartingBlock,161.808105,5592.67969,1,43,43,53,7,0,0,1045.87793,-123.863754,1074.87451,-0.945698857,0.22753571,-0.22375451,-0.0617674179
1619,0,54b24045-e039-40ee-9ba6-824dbdc42f9e,StartingBlock,161.908203,5592.77979,1,43,43,53,7,0,0,1045.2821,-130.229233,1077.79431,-0.94570148,0.227534771,-0.223743647,-0.0617694296
1620,0,54b24045-e039-40ee-9ba6-824dbdc42f9e,StartingBlock,162.008301,5592.87988,1,43,43,53,7,0,0,1044.66357,-136.605026,1080.69092,-0.945713818,0.227463394,-0.223773167,-0.0617368147
1621,0,54b24045-e039-40ee-9ba6-824dbdc42f9e,StartingBlock,162.108398,5592.97998,1,43,43,53,7,0,0,1044.02222,-142.990845,1083.56384,-0.945705593,0.227514744,-0.22376509,-0.0617024861
1622,0,54b24045-e039-40ee-9ba6-824dbdc42f9e,StartingBlock,162.208496,5593.08008,1,43,43,53,7,0,0,1043.35828,-149.386688,1086.41333,-0.945700049,0.2275123,-0.223783761,-0.0617280491
1623,0,54b24045-e039-40ee-9ba6-824dbdc42f9e,StartingBlock,162.308105,5593.17969,1,43,43,53,7,0,0,1042.67139,-155.792328,1089.23914,-0.945667088,0.22756356,-0.223852947,-0.0617945716
1624,0,54b24045-e039-40ee-9ba6-824dbdc42f9e,StartingBlock,162.408203,5593.27979,1,43,43,53,7,0,0,1041.96191,-162.207809,1092.04126,-0.945685387,0.227509603,-0.223844707,-0.0617425926
1625,0,54b24045-e039-40ee-9ba6-824dbdc42f9e,StartingBlock,162.508301,5593.37988,1,43,43,53,7,0,0,1041.22974,-168.632828,1094.81946,-0.945691586,0.227473781,-0.223850846,-0.0617567897
1626,0,54b24045-e039-40ee-9ba6-824dbdc42f9e,StartingBlock,162.608398,5593.47998,1,43,43,53,7,0,0,1040.47485,-175.067307,1097.57397,-0.945697129,0.227507904,-0.223786443,-0.0617793687
1627,0,54b24045-e039-40ee-9ba6-824dbdc42f9e,StartingBlock,162.708496,5593.58008,1,43,43,53,7,0,0,1039.69739,-181.511063,1100.30444,-0.945697486,0.227524295,-0.223791838,-0.0616953149
1628,0,54b24045-e039-40ee-9ba6-824dbdc42f9e,StartingBlock,162.808105,5593.67969,1,43,43,53,7,0,0,1038.89697,-187.964035,1103.01086,-0.945695341,0.227548108,-0.223764226,-0.0617395714
1629,0,54b24045-e039-40ee-9ba6-824dbdc42f9e,StartingBlock,162.908203,5593.77979,1,43,43,53,7,0,0,1038.0741,-194.426056,1105.69324,-0.945695937,0.227542624,-0.223770544,-0.0617276393
1630,0,54b24045-e039-40ee-9ba6-824dbdc42f9e,StartingBlock,163.008301,5593.87988,1,43,43,53,7,0,0,1037.22839,-200.896988,1108.35156,-0.945684969,0.227564096,-0.223785788,-0.0617622994
1631,0,54b24045-e039-40ee-9ba6-824dbdc42f9e,StartingBlock,163.108398,5593.97998,1,43,43,53,7,0,0,1036.36011,-207.376755,1110.9856,-0.945702255,0.227501497,-0.223786205,-0.0617261119
1632,0,54b24045-e039-40ee-9ba6-824dbdc42f9e,StartingBlock,163.208496,5594.08008,1,43,43,53,7,0,0,1035.46912,-213.865067,1113.59521,-0.945700407,0.227536708,-0.223773643,-0.0616696626
1633,0,54b24045-e039-40ee-9ba6-824dbdc42f9e,StartingBlock,163.308105,5594.17969,1,43,43,53,7,0,0,1034.55542,-220.361938,1116.18042,-0.945682466,0.227557987,-0.223811254,-0.0617297031
1634,0,54b24045-e039-40ee-9ba6-824dbdc42f9e,StartingBlock,163.408203,5594.27979,1,43,43,53,7,0,0,1033.61902,-226.867203,1118.74133,-0.945692599,0.227520466,-0.223804474,-0.0617374517
1635,0,54b24045-e039-40ee-9ba6-824dbdc42f9e,StartingBlock,163.508301,5594.37988,1,43,43,53,7,0,0,1032.65979,-233.380707,1121.27759,-0.945698678,0.227505833,-0.223799154,-0.0617185608
1636,0,54b24045-e039-40ee-9ba6-824dbdc42f9e,StartingBlock,163.608398,5594.47998,1,43,43,53,7,0,0,1031.6781,-239.902252,1123.78931,-0.945698202,0.227520794,-0.223790392,-0.0617019422
1637,0,54b24045-e039-40ee-9ba6-824dbdc42f9e,StartingBlock,163.708496,5594.58008,1,43,43,53,7,0,0,1030.67358,-246.431793,1126.27625,-0.945707262,0.227494672,-0.223774463,-0.0617163144
1638,0,54b24045-e039-40ee-9ba6-824dbdc42f9e,StartingBlock,163.808105,5594.67969,1,43,43,53,7,0,0,1029.64648,-252.969116,1128.73853,-0.945711017,0.227515906,-0.223738968,-0.0617104806
1639,0,54b24045-e039-40ee-9ba6-824dbdc42f9e,StartingBlock,163.908203,5594.77979,1,43,43,53,7,0,0,1028.5968,-259.514099,1131.1759,-0.945704699,0.227546975,-0.223728985,-0.0617282875
1640,0,54b24045-e039-40ee-9ba6-824dbdc42f9e,StartingBlock,164.008301,5594.87988,1,43,43,53,7,0,0,1027.52441,-266.06665,1133.5885,-0.945711434,0.227520585,-0.223723039,-0.0617442876
1641,0,54b24045-e039-40ee-9ba6-824dbdc42f9e,StartingBlock,164.108398,5594.97998,1,43,43,53,7,0,0,1026.42944,-272.626648,1135.97595,-0.945714116,0.227518305,-0.223727793,-0.061694406
1642,0,54b24045-e039-40ee-9ba6-824dbdc42f9e,StartingBlock,164.208496,5595.08008,1,43,43,53,7,0,0,1025.31177,-279.193878,1138.33862,-0.945731044,0.22744754,-0.223709866,-0.061760135
1643,0,54b24045-e039-40ee-9ba6-824dbdc42f9e,StartingBlock,164.308105,5595.17969,1,43,43,53,7,0,0,1024.17139,-285.76825,1140.67603,-0.945728958,0.22746709,-0.223703638,-0.0617427789
1644,0,54b24045-e039-40ee-9ba6-824dbdc42f9e,StartingBlock,164.408203,5595.27979,1,43,43,53,7,0,0,1023.00848,-292.349487,1142.98816,-0.94571346,0.227580279,-0.223658264,-0.0617276058
1645,0,54b24045-e039-40ee-9ba6-824dbdc42f9e,StartingBlock,164.508301,5595.37988,1,43,43,53,7,0,0,1021.823,-298.937683,1145.27515,-0.945725679,0.227500603,-0.223684996,-0.0617373586
1646,0,54b24045-e039-40ee-9ba6-824dbdc42f9e,StartingBlock,164.608398,5595.47998,1,43,43,53,7,0,0,1020.61493,-305.532562,1147.53687,-0.945735157,0.227478713,-0.223678559,-0.0616962053
1647,0,54b24045-e039-40ee-9ba6-824dbdc42f9e,StartingBlock,164.708496,5595.58008,1,43,43,53,7,0,0,1019.38428,-312.134003,1149.77307,-0.94572866,0.227511048,-0.22365801,-0.0617515743
1648,0,54b24045-e039-40ee-9ba6-824dbdc42f9e,StartingBlock,164.808105,5595.67969,1,43,43,53,7,0,0,1018.13092,-318.741791,1151.98376,-0.945734501,0.227492601,-0.223646462,-0.0617712997
1649,0,54b24045-e039-40ee-9ba6-824dbdc42f9e,StartingBlock,164.908203,5595.77979,1,43,43,53,7,0,0,1016.8551,-325.355896,1154.16907,-0.945730209,0.22751461,-0.223646641,-0.0617549829
1650,0,54b24045-e039-40ee-9ba6-824dbdc42f9e,StartingBlock,165.008301,5595.87988,1,43,43,53,7,0,0,1015.5567,-331.976166,1156.32886,-0.945721149,0.227538288,-0.223655418,-0.0617753714
1651,0,54b24045-e039-40ee-9ba6-824dbdc42f9e,StartingBlock,165.108398,5595.97998,1,43,43,53,7,0,0,1014.23578,-338.602448,1158.46289,-0.94573313,0.22754018,-0.22362107,-0.0617093034
1652,0,54b24045-e039-40ee-9ba6-824dbdc42f9e,StartingBlock,165.208496,5596.08008,1,43,43,53,7,0,0,1012.89227,-345.234528,1160.57117,-0.945720494,0.227573708,-0.223624676,-0.0617656894
1653,0,54b24045-e039-40ee-9ba6-824dbdc42f9e,StartingBlock,165.308105,5596.17969,1,43,43,53,7,0,0,1011.52631,-351.872345,1162.65356,-0.945721805,0.227582753,-0.223620713,-0.061727304
1654,0,54b24045-e039-40ee-9ba6-824dbdc42f9e,StartingBlock,165.408203,5596.27979,1,43,43,53,7,0,0,1010.13776,-358.515717,1164.71021,-0.945712984,0.227620959,-0.22362183,-0.0617164783
1655,0,54b24045-e039-40ee-9ba6-824dbdc42f9e,StartingBlock,165.508301,5596.37988,1,43,43,53,7,0,0,1008.72668,-365.16452,1166.74072,-0.945723653,0.227587625,-0.22361362,-0.0617064908
1656,0,54b24045-e039-40ee-9ba6-824dbdc42f9e,StartingBlock,165.608398,5596.47998,1,43,43,53,7,0,0,1007.29315,-371.818604,1168.74536,-0.945715666,0.227597594,-0.223631918,-0.0617261045
1657,0,54b24045-e039-40ee-9ba6-824dbdc42f9e,StartingBlock,165.708496,5596.58008,1,43,43,53,7,0,0,1005.83728,-378.477814,1170.724,-0.94572705,0.227590144,-0.223599479,-0.0616963692
1658,0,54b24045-e039-40ee-9ba6-824dbdc42f9e,StartingBlock,165.808105,5596.67969,1,43,43,53,7,0,0,1004.35883,-385.142029,1172.67639,-0.945723236,0.227587655,-0.223602504,-0.0617533363
1659,0,54b24045-e039-40ee-9ba6-824dbdc42f9e,StartingBlock,165.908203,5596.77979,1,43,43,53,7,0,0,1002.85803,-391.811127,1174.60291,-0.945742488,0.227534056,-0.223562077,-0.0618016273
1660,0,54b24045-e039-40ee-9ba6-824dbdc42f9e,StartingBlock,166.008301,5596.87988,1,43,43,53,7,0,0,1001.33472,-398.484833,1176.50293,-0.945738316,0.227583483,-0.223538905,-0.0617672019
1661,0,54b24045-e039-40ee-9ba6-824dbdc42f9e,StartingBlock,166.108398,5596.97998,1,43,43,53,7,0,0,999.789001,-405.163147,1178.37659,-0.945732951,0.227624223,-0.223522648,-0.0617580451
1662,0,54b24045-e039-40ee-9ba6-824dbdc42f9e,StartingBlock,166.208496,5597.08008,1,43,43,53,7,0,0,998.220947,-411.845886,1180.224,-0.945738971,0.227598578,-0.223522335,-0.0617618933
1663,0,54b24045-e039-40ee-9ba6-824dbdc42f9e,StartingBlock,166.308105,5597.17969,1,43,43,53,7,0,0,996.630493,-418.532806,1182.0448,-0.945729375,0.227643266,-0.223520711,-0.0617497712
1664,0,54b24045-e039-40ee-9ba6-824dbdc42f9e,StartingBlock,166.408203,5597.27979,1,43,43,53,7,0,0,995.017639,-425.223907,1183.83923,-0.945741653,0.2275704,-0.223532185,-0.0617887788
1665,0,54b24045-e039-40ee-9ba6-824dbdc42f9e,StartingBlock,166.508301,5597.37988,1,43,43,53,7,0,0,993.382507,-431.918976,1185.60718,-0.94573921,0.227588013,-0.223529354,-0.061770454
1666,0,54b24045-e039-40ee-9ba6-824dbdc42f9e,StartingBlock,166.608398,5597.47998,1,43,43,53,7,0,0,991.725037,-438.617798,1187.34827,-0.945726395,0.227637455,-0.223536924,-0.0617582463
1667,0,54b24045-e039-40ee-9ba6-824dbdc42f9e,StartingBlock,166.708496,5597.58008,1,43,43,53,7,0,0,990.045166,-445.320374,1189.06274,-0.945737839,0.227603599,-0.22352995,-0.0617331117
1668,0,54b24045-e039-40ee-9ba6-824dbdc42f9e,StartingBlock,166.808105,5597.67969,1,43,43,53,7,0,0,988.343018,-452.026398,1190.75037,-0.945713341,0.227695748,-0.223519251,-0.0618072264
1669,0,54b24045-e039-40ee-9ba6-824dbdc42f9e,StartingBlock,166.908203,5597.77979,1,43,43,53,7,0,0,986.618652,-458.735901,1192.41125,-0.945732892,0.227644578,-0.223497212,-0.0617762618
1670,0,54b24045-e039-40ee-9ba6-824dbdc42f9e,StartingBlock,167.008301,5597.87988,1,43,43,53,7,0,0,984.872009,-465.448608,1194.04517,-0.945729256,0.227634817,-0.223518163,-0.0617927574
1671,0,54b24045-e039-40ee-9ba6-824dbdc42f9e,StartingBlock,167.108398,5597.97998,1,43,43,53,7,0,0,983.10321,-472.164368,1195.65222,-0.945739925,0.227646261,-0.223470002,-0.0617608428
1672,0,54b24045-e039-40ee-9ba6-824dbdc42f9e,StartingBlock,167.208496,5598.08008,1,43,43,53,7,0,0,981.312134,-478.883118,1197.2323,-0.945738792,0.227622434,-0.223492965,-0.0617823228
1673,0,54b24045-e039-40ee-9ba6-824dbdc42f9e,StartingBlock,167.308105,5598.17969,1,43,43,53,7,0,0,979.498901,-485.604584,1198.78516,-0.945740223,0.227620035,-0.223479018,-0.0618193895
1674,0,54b24045-e039-40ee-9ba6-824dbdc42f9e,StartingBlock,167.408203,5598.27979,1,43,43,53,7,0,0,977.663513,-492.328705,1200.31091,-0.945726335,0.227683663,-0.22348325,-0.0617833845
1675,0,54b24045-e039-40ee-9ba6-824dbdc42f9e,StartingBlock,167.508301,5598.37988,1,43,43,53,7,0,0,975.805908,-499.055359,1201.80969,-0.945744097,0.227568299,-0.223510623,-0.061837431
1676,0,54b24045-e039-40ee-9ba6-824dbdc42f9e,StartingBlock,167.608398,5598.47998,1,43,43,53,7,0,0,973.926208,-505.784302,1203.28101,-0.945724607,0.227662489,-0.223504961,-0.0618084222
1677,0,54b24045-e039-40ee-9ba6-824dbdc42f9e,StartingBlock,167.708496,5598.58008,1,43,43,53,7,0,0,972.024414,-512.515503,1204.7251,-0.945747733,0.227597922,-0.22347787,-0.0617904142
1678,0,54b24045-e039-40ee-9ba6-824dbdc42f9e,StartingBlock,167.808105,5598.67969,1,43,43,53,7,0,0,970.100525,-519.248596,1206.14172,-0.945746839,0.227619886,-0.223456576,-0.0618001297
1679,0,54b24045-e039-40ee-9ba6-824dbdc42f9e,StartingBlock,167.908203,5598.77979,1,43,43,53,7,0,0,968.154602,-525.983704,1207.53101,-0.945751488,0.227613285,-0.223443285,-0.0618013963
1680,0,54b24045-e039-40ee-9ba6-824dbdc42f9e,StartingBlock,168.008301,5598.87988,1,43,43,53,7,0,0,966.186584,-532.720459,1208.89282,-0.9457407,0.22763361,-0.223462239,-0.0618233196
1681,0,54b24045-e039-40ee-9ba6-824dbdc42f9e,StartingBlock,168.108398,5598.97998,1,43,43,53,7,0,0,964.196594,-539.458862,1210.22729,-0.945735931,0.227626085,-0.223482177,-0.0618512519
1682,0,54b24045-e039-40ee-9ba6-824dbdc42f9e,StartingBlock,168.208496,5599.08008,1,43,43,53,7,0,0,962.184631,-546.198608,1211.53406,-0.945735931,0.227638647,-0.223484099,-0.0617994033
1683,0,54b24045-e039-40ee-9ba6-824dbdc42f9e,StartingBlock,168.308105,5599.17969,1,43,43,53,7,0,0,960.150696,-552.939819,1212.81311,-0.945748329,0.227597713,-0.223464131,-0.0618327335
1684,0,54b24045-e039-40ee-9ba6-824dbdc42f9e,StartingBlock,168.408203,5599.27979,1,43,43,53,7,0,0,958.094788,-559.682007,1214.06445,-0.945740819,0.227613002,-0.223483533,-0.0618206188
1685,0,54b24045-e039-40ee-9ba6-824dbdc42f9e,StartingBlock,168.508301,5599.37988,1,43,43,53,7,0,0,956.017029,-566.425171,1215.28809,-0.945730686,0.227683857,-0.223464668,-0.0617832243
1686,0,54b24045-e039-40ee-9ba6-824dbdc42f9e,StartingBlock,168.608398,5599.47998,1,43,43,53,7,0,0,953.917358,-573.169128,1216.48389,-0.945729613,0.227709547,-0.223438323,-0.061799217
1687,0,54b24045-e039-40ee-9ba6-824dbdc42f9e,StartingBlock,168.708496,5599.58008,1,43,43,53,7,0,0,951.795837,-579.913757,1217.65186,-0.945726037,0.227715746,-0.223441139,-0.0618214235
1688,0,54b24045-e039-40ee-9ba6-824dbdc42f9e,StartingBlock,168.808105,5599.67969,1,43,43,53,7,0,0,949.652527,-586.658936,1218.79199,-0.945723712,0.227706119,-0.223461524,-0.0618187711
1689,0,54b24045-e039-40ee-9ba6-824dbdc42f9e,StartingBlock,168.908203,5599.77979,1,43,43,53,7,0,0,947.487305,-593.404419,1219.90405,-0.945730686,0.227690786,-0.223457411,-0.0617841743
1690,0,54b24045-e039-40ee-9ba6-824dbdc42f9e,StartingBlock,169.008301,5599.87988,1,43,43,53,7,0,0,945.30011,-600.148193,1220.9884,-0.94568646,0.227745906,-0.22366713,-0.0614983998
1691,0,54b24045-e039-40ee-9ba6-824dbdc42f9e,StartingBlock,169.108398,5599.97998,1,43,43,53,7,0,0,943.091553,-606.887207,1222.0448,-0.945596993,0.228011742,-0.223954037,-0.0608403049
1692,0,54b24045-e039-40ee-9ba6-824dbdc42f9e,StartingBlock,169.208496,5600.08008,1,43,43,53,7,0,0,940.861328,-613.626221,1223.073,-0.945511639,0.228281304,-0.22419329,-0.0602737255
1693,0,54b24045-e039-40ee-9ba6-824dbdc42f9e,StartingBlock,169.308105,5600.17969,1,43,43,53,7,0,0,938.609375,-620.364868,1224.07288,-0.945433855,0.228557497,-0.224391177,-0.0597079471
1694,0,54b24045-e039-40ee-9ba6-824dbdc42f9e,StartingBlock,169.408203,5600.27979,1,43,43,53,7,0,0,936.335876,-627.103149,1225.04468,-0.945368469,0.228733167,-0.224615082,-0.0592257902
1695,0,54b24045-e039-40ee-9ba6-824dbdc42f9e,StartingBlock,169.508301,5600.37988,1,43,43,53,7,0,0,934.04071,-633.840881,1225.98828,-0.9453004,0.228935897,-0.224820971,-0.0587466061
1696,0,54b24045-e039-40ee-9ba6-824dbdc42f9e,StartingBlock,169.608398,5600.47998,1,43,43,53,7,0,0,931.723877,-640.57782,1226.90344,-0.945231378,0.22913602,-0.225027055,-0.0582862087
1697,0,54b24045-e039-40ee-9ba6-824dbdc42f9e,StartingBlock,169.708496,5600.58008,1,43,43,53,7,0,0,929.385498,-647.313904,1227.79016,-0.945170105,0.229315966,-0.225216642,-0.0578379259
1698,0,54b24045-e039-40ee-9ba6-824dbdc42f9e,StartingBlock,169.808105,5600.67969,1,43,43,53,7,0,0,927.025635,-654.048828,1228.64856,-0.945106387,0.22947298,-0.225423515,-0.0574482158
1699,0,54b24045-e039-40ee-9ba6-824dbdc42f9e,StartingBlock,169.908203,5600.77979,1,43,43,53,7,0,0,924.644226,-660.782593,1229.47827,-0.945034981,0.229714587,-0.225590646,-0.0570004843
1700,0,54b24045-e039-40ee-9ba6-824dbdc42f9e,StartingBlock,170.008301,5600.87988,1,43,43,53,7,0,0,922.241394,-667.515015,1230.27966,-0.944967151,0.22986576,-0.225801393,-0.0566805266
1701,0,54b24045-e039-40ee-9ba6-824dbdc42f9e,StartingBlock,170.108398,5600.97998,1,43,43,53,7,0,0,919.817139,-674.245911,1231.05237,-0.944913447,0.230009973,-0.225973874,-0.0563022234
1702,0,54b24045-e039-40ee-9ba6-824dbdc42f9e,StartingBlock,170.208496,5601.08008,1,43,43,53,7,0,0,917.37146,-680.975098,1231.79663,-0.944847643,0.230174795,-0.226155743,-0.0560017824
1703,0,54b24045-e039-40ee-9ba6-824dbdc42f9e,StartingBlock,170.308105,5601.17969,1,43,43,53,7,0,0,914.90448,-687.702515,1232.51208,-0.944795072,0.230307922,-0.226327285,-0.0556471683
1704,0,54b24045-e039-40ee-9ba6-824dbdc42f9e,StartingBlock,170.408203,5601.27979,1,43,43,53,7,0,0,912.416077,-694.427856,1233.19873,-0.944733024,0.2304717,-0.226493239,-0.0553458668
1705,0,54b24045-e039-40ee-9ba6-824dbdc42f9e,StartingBlock,170.508301,5601.37988,1,43,43,53,7,0,0,909.906433,-701.151062,1233.85669,-0.944683909,0.230568632,-0.226676643,-0.0550293699
1706,0,54b24045-e039-40ee-9ba6-824dbdc42f9e,StartingBlock,170.608398,5601.47998,1,43,43,53,7,0,0,907.375549,-707.872009,1234.48584,-0.944619298,0.230747804,-0.226824299,-0.0547792204
1707,0,54b24045-e039-40ee-9ba6-824dbdc42f9e,StartingBlock,170.708496,5601.58008,1,43,43,53,7,0,0,904.823486,-714.590332,1235.08618,-0.944571018,0.230831027,-0.226997212,-0.054542087
1708,0,54b24045-e039-40ee-9ba6-824dbdc42f9e,StartingBlock,170.808105,5601.67969,1,43,43,53,7,0,0,902.250183,-721.306152,1235.65759,-0.944508493,0.230964348,-0.227174386,-0.0543240048
1709,0,54b24045-e039-40ee-9ba6-824dbdc42f9e,StartingBlock,170.908203,5601.77979,1,43,43,53,7,0,0,899.655762,-728.019043,1236.20007,-0.944462717,0.231047809,-0.227340728,-0.0540688187
1710,0,54b24045-e039-40ee-9ba6-824dbdc42f9e,StartingBlock,171.008301,5601.87988,1,43,43,53,7,0,0,897.040283,-734.729004,1236.71362,-0.94440937,0.231172353,-0.227502912,-0.0537851416
1711,0,54b24045-e039-40ee-9ba6-824dbdc42f9e,StartingBlock,171.108398,5601.97998,1,43,43,53,7,0,0,894.403687,-741.435913,1237.19812,-0.944347441,0.231299028,-0.227671832,-0.0536115579
1712,0,54b24045-e039-40ee-9ba6-824dbdc42f9e,StartingBlock,171.208496,5602.08008,1,43,43,53,7,0,0,891.746094,-748.139465,1237.65344,-0.944285929,0.231425822,-0.227843598,-0.0534186251
1713,0,54b24045-e039-40ee-9ba6-824dbdc42f9e,StartingBlock,171.308105,5602.17969,1,43,43,53,7,0,0,889.067505,-754.839539,1238.07959,-0.944227934,0.231563285,-0.227995992,-0.0531956404
1714,0,54b24045-e039-40ee-9ba6-824dbdc42f9e,StartingBlock,171.408203,5602.27979,1,43,43,53,7,0,0,886.36792,-761.536133,1238.47681,-0.944177747,0.231655195,-0.228158981,-0.0529893339
1715,0,54b24045-e039-40ee-9ba6-824dbdc42f9e,StartingBlock,171.508301,5602.37988,1,43,43,53,7,0,0,883.647522,-768.228882,1238.84473,-0.94412154,0.2317601,-0.228323251,-0.0528247505
1716,0,54b24045-e039-40ee-9ba6-824dbdc42f9e,StartingBlock,171.608398,5602.47998,1,43,43,53,7,0,0,880.906189,-774.917725,1239.18335,-0.944063127,0.231863812,-0.228496447,-0.0526626408
1717,0,54b24045-e039-40ee-9ba6-824dbdc42f9e,StartingBlock,171.708496,5602.58008,1,43,43,53,7,0,0,878.144043,-781.602478,1239.4928,-0.944021344,0.231928453,-0.228646114,-0.0524772294
1718,0,54b24045-e039-40ee-9ba6-824dbdc42f9e,StartingBlock,171.808105,5602.67969,1,43,43,53,7,0,0,875.361206,-788.282959,1239.77283,-0.943986118,0.231958091,-0.228804022,-0.0522917025
1719,0,54b24045-e039-40ee-9ba6-824dbdc42f9e,StartingBlock,171.908203,5602.77979,1,43,43,53,7,0,0,872.557617,-794.959106,1240.02356,-0.943933904,0.232068673,-0.228945509,-0.0521247536
1720,0,54b24045-e039-40ee-9ba6-824dbdc42f9e,StartingBlock,172.008301,5602.87988,1,43,43,53,7,0,0,869.733276,-801.630493,1240.24487,-0.943887353,0.232130378,-0.229106113,-0.0519866794
1721,0,54b24045-e039-40ee-9ba6-824dbdc42f9e,StartingBlock,172.108398,5602.97998,1,43,43,53,7,0,0,866.888306,-808.297302,1240.43665,-0.94382298,0.232287988,-0.229243279,-0.0518460982
1722,0,54b24045-e039-40ee-9ba6-824dbdc42f9e,StartingBlock,172.208496,5603.08008,1,43,43,53,7,0,0,864.022766,-814.959167,1240.59912,-0.943802238,0.232236087,-0.229404569,-0.0517420769
1723,0,54b24045-e039-40ee-9ba6-824dbdc42f9e,StartingBlock,172.308105,5603.17969,1,43,43,53,7,0,0,861.136658,-821.615967,1240.73193,-0.943744361,0.232368305,-0.229538903,-0.0516089685
1724,0,54b24045-e039-40ee-9ba6-824dbdc42f9e,StartingBlock,172.408203,5603.27979,1,43,43,53,7,0,0,858.22998,-828.267395,1240.83521,-0.943693459,0.232478201,-0.22966601,-0.0514797941
1725,0,54b24045-e039-40ee-9ba6-824dbdc42f9e,StartingBlock,172.508301,5603.37988,1,43,43,53,7,0,0,855.302917,-834.913574,1240.90894,-0.943646193,0.232551962,-0.229814917,-0.0513477139
1726,0,54b24045-e039-40ee-9ba6-824dbdc42f9e,StartingBlock,172.608398,5603.47998,1,43,43,53,7,0,0,852.355408,-841.554077,1240.95313,-0.94360733,0.232619986,-0.229939744,-0.0511944257
1727,0,54b24045-e039-40ee-9ba6-824dbdc42f9e,StartingBlock,172.708496,5603.58008,1,43,43,53,7,0,0,849.387512,-848.188904,1240.96765,-0.943566144,0.232674271,-0.23008056,-0.0510750078
1728,0,54b24045-e039-40ee-9ba6-824dbdc42f9e,StartingBlock,172.808105,5603.67969,1,43,43,53,7,0,0,846.399292,-854.81781,1240.95239,-0.943508327,0.232727811,-0.230283514,-0.0509843566
1729,0,54b24045-e039-40ee-9ba6-824dbdc42f9e,StartingBlock,172.908203,5603.77979,1,43,43,53,7,0,0,843.390808,-861.440674,1240.90759,-0.943456531,0.232828632,-0.230404913,-0.0509334877
1730,0,54b24045-e039-40ee-9ba6-824dbdc42f9e,StartingBlock,173.008301,5603.87988,1,43,43,53,7,0,0,840.362122,-868.057251,1240.83289,-0.943426967,0.232846424,-0.230531022,-0.0508285016
1731,0,54b24045-e039-40ee-9ba6-824dbdc42f9e,StartingBlock,173.108398,5603.97998,1,43,43,53,7,0,0,837.313171,-874.667542,1240.72827,-0.943389654,0.232913449,-0.230644152,-0.050701905
1732,0,54b24045-e039-40ee-9ba6-824dbdc42f9e,StartingBlock,173.208496,5604.08008,1,43,43,53,7,0,0,834.24408,-881.271179,1240.59387,-0.943353057,0.232979298,-0.230746731,-0.0506128557
1733,0,54b24045-e039-40ee-9ba6-824dbdc42f9e,StartingBlock,173.308105,5604.17969,1,43,43,53,7,0,0,831.154968,-887.868103,1240.42981,-0.943327546,0.233012542,-0.230843276,-0.0504951552
1734,0,54b24045-e039-40ee-9ba6-824dbdc42f9e,StartingBlock,173.408203,5604.27979,1,43,43,53,7,0,0,828.045715,-894.45813,1240.23572,-0.943284035,0.233091965,-0.230954036,-0.0504337624
1735,0,54b24045-e039-40ee-9ba6-824dbdc42f9e,StartingBlock,173.508301,5604.37988,1,43,43,53,7,0,0,824.916565,-901.041077,1240.01172,-0.943238139,0.2332059,-0.231049016,-0.0503314696
1736,0,54b24045-e039-40ee-9ba6-824dbdc42f9e,StartingBlock,173.608398,5604.47998,1,43,43,53,7,0,0,821.767517,-907.616821,1239.75793,-0.943219185,0.233179048,-0.23116602,-0.05027318
1737,0,54b24045-e039-40ee-9ba6-824dbdc42f9e,StartingBlock,173.708496,5604.58008,1,43,43,53,7,0,0,818.598511,-914.185059,1239.47388,-0.943168104,0.233313903,-0.231265873,-0.0501480661
1738,0,54b24045-e039-40ee-9ba6-824dbdc42f9e,StartingBlock,173.808105,5604.67969,1,43,43,53,7,0,0,815.409729,-920.74585,1239.16003,-0.943141699,0.233309776,-0.231391683,-0.0500815995
1739,0,54b24045-e039-40ee-9ba6-824dbdc42f9e,StartingBlock,173.908203,5604.77979,1,43,43,53,7,0,0,812.201172,-927.29895,1238.81604,-0.943112731,0.23332487,-0.231506571,-0.0500271991
1740,0,54b24045-e039-40ee-9ba6-824dbdc42f9e,StartingBlock,174.008301,5604.87988,1,43,43,53,7,0,0,808.9729,-933.843994,1238.44202,-0.943074942,0.233374044,-0.231622025,-0.0499759689
1741,0,54b24045-e039-40ee-9ba6-824dbdc42f9e,StartingBlock,174.108398,5604.97998,1,43,43,53,7,0,0,805.724976,-940.381042,1238.03796,-0.943030417,0.233455151,-0.231738478,-0.0498977341
1742,0,54b24045-e039-40ee-9ba6-824dbdc42f9e,StartingBlock,174.208496,5605.08008,1,43,43,53,7,0,0,802.457397,-946.90979,1237.60376,-0.942991734,0.233533248,-0.231835827,-0.0498095788
1743,0,54b24045-e039-40ee-9ba6-824dbdc42f9e,StartingBlock,174.308105,5605.17969,1,43,43,53,7,0,0,799.170288,-953.430237,1237.1394,-0.942973971,0.233508527,-0.231940448,-0.0497735702
1744,0,54b24045-e039-40ee-9ba6-824dbdc42f9e,StartingBlock,174.408203,5605.27979,1,43,43,53,7,0,0,795.863708,-959.942078,1236.6449,-0.942944527,0.233567223,-0.232015446,-0.0497088507
1745,0,54b24045-e039-40ee-9ba6-824dbdc42f9e,StartingBlock,174.508301,5605.37988,1,43,43,53,7,0,0,792.537598,-966.445068,1236.12012,-0.942907453,0.233644858,-0.232110143,-0.0496050008
1746,0,54b24045-e039-40ee-9ba6-824dbdc42f9e,StartingBlock,174.608398,5605.47998,1,43,43,53,7,0,0,789.1922,-972.939209,1235.56519,-0.942889392,0.233662635,-0.232168823,-0.0495897382
1747,0,54b24045-e039-40ee-9ba6-824dbdc42f9e,StartingBlock,174.708496,5605.58008,1,43,43,53,7,0,0,785.827454,-979.424255,1234.97998,-0.942862988,0.233723328,-0.232235715,-0.0494913347
1748,0,54b24045-e039-40ee-9ba6-824dbdc42f9e,StartingBlock,174.808105,5605.67969,1,43,43,53,7,0,0,782.443359,-985.900085,1234.36462,-0.942831576,0.233769074,-0.232323661,-0.049460683
1749,0,54b24045-e039-40ee-9ba6-824dbdc42f9e,StartingBlock,174.908203,5605.77979,1,43,43,53,7,0,0,779.0401,-992.366516,1233.71899,-0.942804396,0.233801767,-0.232413352,-0.0494023524
1750,0,54b24045-e039-40ee-9ba6-824dbdc42f9e,StartingBlock,175.008301,5605.87988,1,43,43,53,7,0,0,775.617676,-998.823181,1233.04297,-0.942792118,0.233777508,-0.232506692,-0.0493145287
1751,0,54b24045-e039-40ee-9ba6-824dbdc42f9e,StartingBlock,175.108398,5605.97998,1,43,43,53,7,0,0,772.176086,-1005.2702,1232.33655,-0.942759156,0.233864605,-0.232569814,-0.0492331274
1752,0,54b24045-e039-40ee-9ba6-824dbdc42f9e,StartingBlock,175.208496,5606.08008,1,43,43,53,7,0,0,768.715515,-1011.70728,1231.59985,-0.942743301,0.233849734,-0.232667133,-0.0491473526
1753,0,54b24045-e039-40ee-9ba6-824dbdc42f9e,StartingBlock,175.308105,5606.17969,1,43,43,53,7,0,0,765.235962,-1018.13428,1230.83289,-0.942709267,0.233926445,-0.232742116,-0.0490798466
1754,0,54b24045-e039-40ee-9ba6-824dbdc42f9e,StartingBlock,175.408203,5606.27979,1,43,43,53,7,0,0,761.737549,-1024.55103,1230.03528,-0.94268471,0.233957946,-0.232821554,-0.0490253568
1755,0,54b24045-e039-40ee-9ba6-824dbdc42f9e,StartingBlock,175.508301,5606.37988,1,43,43,53,7,0,0,758.220276,-1030.95715,1229.2074,-0.942659259,0.233971119,-0.232916698,-0.0489991494
1756,0,54b24045-e039-40ee-9ba6-824dbdc42f9e,StartingBlock,175.608398,5606.47998,1,43,43,53,7,0,0,754.684204,-1037.35278,1228.34924,-0.942623973,0.234059006,-0.232989132,-0.0489122458
1757,0,54b24045-e039-40ee-9ba6-824dbdc42f9e,StartingBlock,175.708496,5606.58008,1,43,43,53,7,0,0,751.129395,-1043.73755,1227.46045,-0.942596793,0.23413527,-0.233040452,-0.0488273315
1758,0,54b24045-e039-40ee-9ba6-824dbdc42f9e,StartingBlock,175.808105,5606.67969,1,43,43,53,7,0,0,747.555908,-1050.11145,1226.54126,-0.942588508,0.234122291,-0.233099028,-0.0487703234
1759,0,54b24045-e039-40ee-9ba6-824dbdc42f9e,StartingBlock,175.908203,5606.77979,1,43,43,53,7,0,0,743.963928,-1056.474,1225.59155,-0.942557514,0.234216228,-0.233149633,-0.0486765951
1760,0,54b24045-e039-40ee-9ba6-824dbdc42f9e,StartingBlock,176.008301,5606.87988,1,43,43,53,7,0,0,740.353333,-1062.82544,1224.61133,-0.942533672,0.234232455,-0.233243793,-0.0486095697
1761,0,54b24045-e039-40ee-9ba6-824dbdc42f9e,StartingBlock,176.108398,5606.97998,1,43,43,53,7,0,0,736.724243,-1069.16541,1223.60071,-0.942522526,0.234232903,-0.233295321,-0.0485749543
1762,0,54b24045-e039-40ee-9ba6-824dbdc42f9e,StartingBlock,176.208496,5607.08008,1,43,43,53,7,0,0,733.076904,-1075.49365,1222.55945,-0.942512035,0.234264672,-0.233320296,-0.0485066175
1763,0,54b24045-e039-40ee-9ba6-824dbdc42f9e,StartingBlock,176.308105,5607.17969,1,43,43,53,7,0,0,729.411194,-1081.80994,1221.48755,-0.942507625,0.234248385,-0.233376712,-0.0483982079
1764,0,54b24045-e039-40ee-9ba6-824dbdc42f9e,StartingBlock,176.408203,5607.27979,1,43,43,53,7,0,0,725.727234,-1088.11438,1220.38538,-0.942490697,0.234268323,-0.233431548,-0.0483668745
1765,0,54b24045-e039-40ee-9ba6-824dbdc42f9e,StartingBlock,176.508301,5607.37988,1,43,43,53,7,0,0,722.025085,-1094.40637,1219.25244,-0.942452669,0.234394893,-0.23346743,-0.0483228713
1766,0,54b24045-e039-40ee-9ba6-824dbdc42f9e,StartingBlock,176.608398,5607.47998,1,43,43,53,7,0,0,718.30481,-1100.68616,1218.08899,-0.942441344,0.234379992,-0.233537912,-0.0482734926
1767,0,54b24045-e039-40ee-9ba6-824dbdc42f9e,StartingBlock,176.708496,5607.58008,1,43,43,53,7,0,0,714.566406,-1106.95337,1216.8949,-0.942432404,0.234388605,-0.233577043,-0.0482174829
1768,0,54b24045-e039-40ee-9ba6-824dbdc42f9e,StartingBlock,176.808105,5607.67969,1,43,43,53,7,0,0,710.810059,-1113.20801,1215.67029,-0.942406058,0.234468758,-0.233615562,-0.0481566414
1769,0,54b24045-e039-40ee-9ba6-824dbdc42f9e,StartingBlock,176.908203,5607.77979,1,43,43,53,7,0,0,707.035889,-1119.44971,1214.41516,-0.942397952,0.234453499,-0.233679786,-0.0480780602
1770,0,54b24045-e039-40ee-9ba6-824dbdc42f9e,StartingBlock,177.008301,5607.87988,1,43,43,53,7,0,0,703.243774,-1125.67834,1213.12927,-0.942380846,0.234497547,-0.233712211,-0.0480398089
1771,0,54b24045-e039-40ee-9ba6-824dbdc42f9e,StartingBlock,177.108398,5607.97998,1,43,43,53,7,0,0,699.433899,-1131.89392,1211.81287,-0.942377448,0.234504327,-0.233736679,-0.0479549393
1772,0,54b24045-e039-40ee-9ba6-824dbdc42f9e,StartingBlock,177.208496,5608.08008,1,43,43,53,7,0,0,695.606384,-1138.0957,1210.46582,-0.942355752,0.234557971,-0.23378475,-0.0478834696
1773,0,54b24045-e039-40ee-9ba6-824dbdc42f9e,StartingBlock,177.308105,5608.17969,1,43,43,53,7,0,0,691.761292,-1144.28406,1209.08801,-0.942335486,0.234613642,-0.233815923,-0.0478586517
1774,0,54b24045-e039-40ee-9ba6-824dbdc42f9e,StartingBlock,177.408203,5608.27979,1,43,43,53,7,0,0,687.898621,-1150.45874,1207.67969,-0.942321956,0.234629124,-0.233875141,-0.0477588437
1775,0,54b24045-e039-40ee-9ba6-824dbdc42f9e,StartingBlock,177.508301,5608.37988,1,43,43,53,7,0,0,684.018494,-1156.61951,1206.24072,-0.942320824,0.234642848,-0.233873084,-0.0477255173
1776,0,54b24045-e039-40ee-9ba6-824dbdc42f9e,StartingBlock,177.608398,5608.47998,1,43,43,53,7,0,0,680.120972,-1162.76599,1204.77112,-0.942308307,0.234669581,-0.233909473,-0.0476623215
1777,0,54b24045-e039-40ee-9ba6-824dbdc42f9e,StartingBlock,177.708496,5608.58008,1,43,43,53,7,0,0,676.206055,-1168.89832,1203.27075,-0.942275405,0.234736517,-0.23399426,-0.0475669578
1778,0,54b24045-e039-40ee-9ba6-824dbdc42f9e,StartingBlock,177.808105,5608.67969,1,43,43,53,7,0,0,672.274048,-1175.01624,1201.73987,-0.942250907,0.234747678,-0.234084457,-0.0475538224
1779,0,54b24045-e039-40ee-9ba6-824dbdc42f9e,StartingBlock,177.908203,5608.77979,1,43,43,53,7,0,0,668.324829,-1181.11951,1200.17822,-0.942231178,0.234792396,-0.234129265,-0.0475021005
1780,0,54b24045-e039-40ee-9ba6-824dbdc42f9e,StartingBlock,178.008301,5608.87988,1,43,43,53,7,0,0,664.358398,-1187.20776,1198.58594,-0.94222945,0.234812111,-0.234130368,-0.0474338196
1781,0,54b24045-e039-40ee-9ba6-824dbdc42f9e,StartingBlock,178.108398,5608.97998,1,43,43,53,7,0,0,660.375122,-1193.28125,1196.96301,-0.942201912,0.23491703,-0.234151185,-0.0473592877
1782,0,54b24045-e039-40ee-9ba6-824dbdc42f9e,StartingBlock,178.208496,5609.08008,1,43,43,53,7,0,0,656.374817,-1199.3396,1195.30933,-0.942190707,0.234934077,-0.234196052,-0.0472748913
1783,0,54b24045-e039-40ee-9ba6-824dbdc42f9e,StartingBlock,178.308105,5609.17969,1,43,43,53,7,0,0,652.357727,-1205.38257,1193.62512,-0.942170501,0.234975308,-0.234229401,-0.0473084301
1784,0,54b24045-e039-40ee-9ba6-824dbdc42f9e,StartingBlock,178.408203,5609.27979,1,43,43,53,7,0,0,648.323914,-1211.40991,1191.91016,-0.942189217,0.234885678,-0.234256655,-0.047245115
1785,0,54b24045-e039-40ee-9ba6-824dbdc42f9e,StartingBlock,178.508301,5609.37988,1,43,43,53,7,0,0,644.273254,-1217.42163,1190.16467,-0.942187726,0.234881565,-0.234275952,-0.0471997485
1786,0,54b24045-e039-40ee-9ba6-824dbdc42f9e,StartingBlock,178.608398,5609.47998,1,43,43,53,7,0,0,640.206116,-1223.41736,1188.38831,-0.942146659,0.234988496,-0.234354943,-0.0470939055
1787,0,54b24045-e039-40ee-9ba6-824dbdc42f9e,StartingBlock,178.708496,5609.58008,1,43,43,53,7,0,0,636.122375,-1229.39722,1186.5813,-0.942142367,0.234959155,-0.234400168,-0.0471015051
1788,0,54b24045-e039-40ee-9ba6-824dbdc42f9e,StartingBlock,178.808105,5609.67969,1,43,43,53,7,0,0,632.022278,-1235.36072,1184.74365,-0.942134738,0.234953672,-0.234453812,-0.0470152535
1789,0,54b24045-e039-40ee-9ba6-824dbdc42f9e,StartingBlock,178.908203,5609.77979,1,43,43,53,7,0,0,627.905823,-1241.30798,1182.87561,-0.94210124,0.235065743,-0.234476745,-0.0470110402
1790,0,54b24045-e039-40ee-9ba6-824dbdc42f9e,StartingBlock,179.008301,5609.87988,1,43,43,53,7,0,0,623.773071,-1247.23877,1180.97681,-0.942102551,0.235068649,-0.23448129,-0.0469479524
1791,0,54b24045-e039-40ee-9ba6-824dbdc42f9e,StartingBlock,179.108398,5609.97998,1,43,43,53,7,0,0,619.624146,-1253.15247,1179.04724,-0.942093909,0.235102296,-0.23448953,-0.0469115414
1792,0,54b24045-e039-40ee-9ba6-824dbdc42f9e,StartingBlock,179.208496,5610.08008,1,43,43,53,7,0,0,615.459106,-1259.04932,1177.08716,-0.94209224,0.235085726,-0.234522745,-0.0468619056
1793,0,54b24045-e039-40ee-9ba6-824dbdc42f9e,StartingBlock,179.308105,5610.17969,1,43,43,53,7,0,0,611.278015,-1264.92908,1175.09631,-0.942074835,0.235117614,-0.234566346,-0.0468349643
1794,0,54b24045-e039-40ee-9ba6-824dbdc42f9e,StartingBlock,179.408203,5610.27979,1,43,43,53,7,0,0,607.081116,-1270.79175,1173.07507,-0.942065358,0.235116616,-0.234602094,-0.0468502454
1795,0,54b24045-e039-40ee-9ba6-824dbdc42f9e,StartingBlock,179.508301,5610.37988,1,43,43,53,7,0,0,602.868286,-1276.63696,1171.02319,-0.942041993,0.235213771,-0.234613538,-0.0467747599
1796,0,54b24045-e039-40ee-9ba6-824dbdc42f9e,StartingBlock,179.608398,5610.47998,1,43,43,53,7,0,0,598.639771,-1282.46436,1168.94067,-0.942037344,0.235214129,-0.234641299,-0.0467275009
1797,0,54b24045-e039-40ee-9ba6-824dbdc42f9e,StartingBlock,179.708496,5610.58008,1,43,43,53,7,0,0,594.395508,-1288.27405,1166.82751,-0.942029774,0.235229626,-0.234661415,-0.0467018634
1798,0,54b24045-e039-40ee-9ba6-824dbdc42f9e,StartingBlock,179.808105,5610.67969,1,43,43,53,7,0,0,590.135803,-1294.06555,1164.68384,-0.942011952,0.235249788,-0.234725207,-0.0466393344
1799,0,54b24045-e039-40ee-9ba6-824dbdc42f9e,StartingBlock,179.908203,5610.77979,1,43,43,53,7,0,0,585.860596,-1299.83911,1162.50977,-0.941995919,0.235288769,-0.234749377,-0.0466454774
1800,0,54b24045-e039-40ee-9ba6-824dbdc42f9e,StartingBlock,180.008301,5610.87988,1,43,43,53,7,0,0,581.569885,-1305.59436,1160.30493,-0.941982627,0.235324323,-0.234765664,-0.0466507003
1801,0,54b24045-e039-40ee-9ba6-824dbdc42f9e,StartingBlock,180.108398,5610.97998,1,43,43,53,7,0,0,577.263855,-1311.33093,1158.0697,-0.941963315,0.235380828,-0.234803498,-0.0465655401
1802,0,54b24045-e039-40ee-9ba6-824dbdc42f9e,StartingBlock,180.208496,5611.08008,1,43,43,53,7,0,0,572.942688,-1317.04871,1155.80396,-0.941968441,0.235313252,-0.234853908,-0.0465484597
1803,0,54b24045-e039-40ee-9ba6-824dbdc42f9e,StartingBlock,180.308105,5611.17969,1,43,43,53,7,0,0,568.606384,-1322.7478,1153.50769,-0.941946745,0.235392272,-0.234871581,-0.0464995541
1804,0,54b24045-e039-40ee-9ba6-824dbdc42f9e,StartingBlock,180.408203,5611.27979,1,43,43,53,7,0,0,564.255066,-1328.42773,1151.18103,-0.941941619,0.235390976,-0.234903008,-0.0464522354
1805,0,54b24045-e039-40ee-9ba6-824dbdc42f9e,StartingBlock,180.508301,5611.37988,1,43,43,53,7,0,0,559.888794,-1334.0885,1148.82385,-0.941925585,0.235423565,-0.234936565,-0.0464406647
1806,0,54b24045-e039-40ee-9ba6-824dbdc42f9e,StartingBlock,180.608398,5611.47998,1,43,43,53,7,0,0,555.50769,-1339.72986,1146.43628,-0.941917777,0.235455543,-0.234946996,-0.0463853069
1807,0,54b24045-e039-40ee-9ba6-824dbdc42f9e,StartingBlock,180.708496,5611.58008,1,43,43,53,7,0,0,551.111938,-1345.35156,1144.01819,-0.941922605,0.235402465,-0.234983236,-0.0463729762
1808,0,54b24045-e039-40ee-9ba6-824dbdc42f9e,StartingBlock,180.808105,5611.67969,1,43,43,53,7,0,0,546.701416,-1350.95337,1141.56982,-0.941919446,0.23539871,-0.234996393,-0.0463900454
1809,0,54b24045-e039-40ee-9ba6-824dbdc42f9e,StartingBlock,180.908203,5611.77979,1,43,43,53,7,0,0,542.276428,-1356.5354,1139.09106,-0.941917062,0.235438213,-0.234972209,-0.0463597216
1810,0,54b24045-e039-40ee-9ba6-824dbdc42f9e,StartingBlock,181.008301,5611.87988,1,43,43,53,7,0,0,537.836914,-1362.09729,1136.58191,-0.941887677,0.235538289,-0.234993428,-0.0463405959
1811,0,54b24045-e039-40ee-9ba6-824dbdc42f9e,StartingBlock,181.108398,5611.97998,1,43,43,53,7,0,0,533.383179,-1367.63892,1134.04248,-0.941883266,0.23555012,-0.235003322,-0.0463203788
1812,0,54b24045-e039-40ee-9ba6-824dbdc42f9e,StartingBlock,181.208496,5612.08008,1,43,43,53,7,0,0,528.915039,-1373.16003,1131.47278,-0.941883147,0.235509977,-0.235049948,-0.0462899432
1813,0,54b24045-e039-40ee-9ba6-824dbdc42f9e,StartingBlock,181.308105,5612.17969,1,43,43,53,7,0,0,524.432861,-1378.66028,1128.87268,-0.94188571,0.23550579,-0.235041305,-0.0463027544
1814,0,54b24045-e039-40ee-9ba6-824dbdc42f9e,StartingBlock,181.408203,5612.27979,1,43,43,53,7,0,0,519.936584,-1384.13989,1126.24243,-0.941850841,0.235638022,-0.235051483,-0.0462863743
1815,0,54b24045-e039-40ee-9ba6-824dbdc42f9e,StartingBlock,181.508301,5612.37988,1,43,43,53,7,0,0,515.42627,-1389.59851,1123.58191,-0.941863418,0.235592186,-0.23504886,-0.046278134
1816,0,54b24045-e039-40ee-9ba6-824dbdc42f9e,StartingBlock,181.608398,5612.47998,1,43,43,53,7,0,0,510.902222,-1395.03589,1120.89124,-0.941865265,0.235608771,-0.235030159,-0.046251867
1817,0,54b24045-e039-40ee-9ba6-824dbdc42f9e,StartingBlock,181.708496,5612.58008,1,43,43,53,7,0,0,506.36441,-1400.4519,1118.17029,-0.941848576,0.235675827,-0.235036939,-0.0462158285
1818,0,54b24045-e039-40ee-9ba6-824dbdc42f9e,StartingBlock,181.808105,5612.67969,1,43,43,53,7,0,0,501.812927,-1405.84631,1115.41931,-0.94183594,0.23570089,-0.235061064,-0.0462221131
1819,0,54b24045-e039-40ee-9ba6-824dbdc42f9e,StartingBlock,181.908203,5612.77979,1,43,43,53,7,0,0,497.247894,-1411.21887,1112.63806,-0.941841245,0.235656813,-0.235082284,-0.0462314971
1820,0,54b24045-e039-40ee-9ba6-824dbdc42f9e,StartingBlock,182.008301,5612.87988,1,43,43,53,7,0,0,492.669434,-1416.56982,1109.82703,-0.941830873,0.23567912,-0.23510164,-0.0462294333
1821,0,54b24045-e039-40ee-9ba6-824dbdc42f9e,StartingBlock,182.108398,5612.97998,1,43,43,53,7,0,0,488.077606,-1421.89868,1106.98572,-0.941806734,0.235791028,-0.235096484,-0.0461769179
1822,0,54b24045-e039-40ee-9ba6-824dbdc42f9e,StartingBlock,182.208496,5613.08008,1,43,43,53,7,0,0,483.472565,-1427.20532,1104.1145,-0.941827893,0.23570247,-0.235099152,-0.0461844802
1823,0,54b24045-e039-40ee-9ba6-824dbdc42f9e,StartingBlock,182.308105,5613.17969,1,43,43,53,7,0,0,478.85434,-1432.48938,1101.21326,-0.941806734,0.235782668,-0.235108912,-0.0461580269
1824,0,54b24045-e039-40ee-9ba6-824dbdc42f9e,StartingBlock,182.408203,5613.27979,1,43,43,53,7,0,0,474.223114,-1437.75085,1098.28198,-0.941805065,0.235797286,-0.235104546,-0.0461392663
1825,0,54b24045-e039-40ee-9ba6-824dbdc42f9e,StartingBlock,182.508301,5613.37988,1,43,43,53,7,0,0,469.579041,-1442.98962,1095.32092,-0.941781998,0.23584336,-0.235150322,-0.0461402275
1826,0,54b24045-e039-40ee-9ba6-824dbdc42f9e,StartingBlock,182.608398,5613.47998,1,43,43,53,7,0,0,464.922089,-1448.20532,1092.32996,-0.941789389,0.235808879,-0.235158294,-0.0461255088
1827,0,54b24045-e039-40ee-9ba6-824dbdc42f9e,StartingBlock,182.708496,5613.58008,1,43,43,53,7,0,0,460.252441,-1453.39807,1089.30908,-0.941775382,0.235866457,-0.235165432,-0.0460813306
1828,0,54b24045-e039-40ee-9ba6-824dbdc42f9e,StartingBlock,182.808105,5613.67969,1,43,43,53,7,0,0,455.570221,-1458.56738,1086.25842,-0.941774189,0.235863581,-0.235174134,-0.0460736975
1829,0,54b24045-e039-40ee-9ba6-824dbdc42f9e,StartingBlock,182.908203,5613.77979,1,43,43,53,7,0,0,450.875488,-1463.71326,1083.1781,-0.941770315,0.235882536,-0.23517175,-0.0460707732
1830,0,54b24045-e039-40ee-9ba6-824dbdc42f9e,StartingBlock,183.008301,5613.87988,1,43,43,53,7,0,0,446.168427,-1468.83533,1080.06787,-0.941763878,0.235905081,-0.235178679,-0.0460491516
1831,0,54b24045-e039-40ee-9ba6-824dbdc42f9e,StartingBlock,183.108398,5613.97998,1,43,43,53,7,0,0,441.449066,-1473.93372,1076.92822,-0.941770673,0.235858217,-0.235204965,-0.046016749
1832,0,54b24045-e039-40ee-9ba6-824dbdc42f9e,StartingBlock,183.208496,5614.08008,1,43,43,53,7,0,0,436.71759,-1479.00806,1073.75879,-0.941753507,0.235926688,-0.235207006,-0.0460073762
1833,0,54b24045-e039-40ee-9ba6-824dbdc42f9e,StartingBlock,183.308105,5614.17969,1,43,43,53,7,0,0,431.974091,-1484.05811,1070.55969,-0.941734374,0.235951886,-0.235260591,-0.0459965095
1834,0,54b24045-e039-40ee-9ba6-824dbdc42f9e,StartingBlock,183.408203,5614.27979,1,43,43,53,7,0,0,427.218719,-1489.08398,1067.3313,-0.941726744,0.235956907,-0.235279471,-0.0460285768
1835,0,54b24045-e039-40ee-9ba6-824dbdc42f9e,StartingBlock,183.508301,5614.37988,1,43,43,53,7,0,0,422.451508,-1494.08508,1064.07336,-0.941709757,0.235993385,-0.235314474,-0.0460114032
1836,0,54b24045-e039-40ee-9ba6-824dbdc42f9e,StartingBlock,183.608398,5614.47998,1,43,43,53,7,0,0,417.672577,-1499.06152,1060.78589,-0.941705763,0.23601751,-0.235307127,-0.046006158
1837,0,54b24045-e039-40ee-9ba6-824dbdc42f9e,StartingBlock,183.708496,5614.58008,1,43,43,53,7,0,0,412.88205,-1504.01306,1057.46899,-0.941704571,0.236013085,-0.235319942,-0.0459875353
1838,0,54b24045-e039-40ee-9ba6-824dbdc42f9e,StartingBlock,183.808105,5614.67969,1,43,43,53,7,0,0,408.080078,-1508.9397,1054.1228,-0.94171232,0.235961467,-0.235342115,-0.0459810458
1839,0,54b24045-e039-40ee-9ba6-824dbdc42f9e,StartingBlock,183.908203,5614.77979,1,43,43,53,7,0,0,403.266754,-1513.84094,1050.74731,-0.941698492,0.236011192,-0.235350624,-0.0459659882
1840,0,54b24045-e039-40ee-9ba6-824dbdc42f9e,StartingBlock,184.008301,5614.87988,1,43,43,53,7,0,0,398.44223,-1518.7168,1047.34253,-0.941679835,0.236059204,-0.235381722,-0.0459415317
1841,0,54b24045-e039-40ee-9ba6-824dbdc42f9e,StartingBlock,184.108398,5614.97998,1,43,43,53,7,0,0,393.606598,-1523.56702,1043.90857,-0.941669345,0.236098751,-0.235382229,-0.0459508821
1842,0,54b24045-e039-40ee-9ba6-824dbdc42f9e,StartingBlock,184.208496,5615.08008,1,43,43,53,7,0,0,388.759949,-1528.39172,1040.44531,-0.941672325,0.236047015,-0.235428572,-0.0459174104
1843,0,54b24045-e039-40ee-9ba6-824dbdc42f9e,StartingBlock,184.308105,5615.17969,1,43,43,53,7,0,0,383.902405,-1533.19019,1036.953,-0.941655874,0.236097753,-0.235444114,-0.0459152572
1844,0,54b24045-e039-40ee-9ba6-824dbdc42f9e,StartingBlock,184.408203,5615.27979,1,43,43,53,7,0,0,379.034088,-1537.96277,1033.43164,-0.941671491,0.236030713,-0.235449046,-0.0459137969
1845,0,54b24045-e039-40ee-9ba6-824dbdc42f9e,StartingBlock,184.508301,5615.37988,1,43,43,53,7,0,0,374.155212,-1542.70898,1029.88135,-0.941655517,0.236101553,-0.235447168,-0.0458878279
1846,0,54b24045-e039-40ee-9ba6-824dbdc42f9e,StartingBlock,184.608398,5615.47998,1,43,43,53,7,0,0,369.265839,-1547.42871,1026.30212,-0.941636026,0.236152902,-0.235476196,-0.0458738096
1847,0,54b24045-e039-40ee-9ba6-824dbdc42f9e,StartingBlock,184.708496,5615.58008,1,43,43,53,7,0,0,364.366058,-1552.12195,1022.69403,-0.941624224,0.236145765,-0.235526234,-0.0458962284
1848,0,54b24045-e039-40ee-9ba6-824dbdc42f9e,StartingBlock,184.808105,5615.67969,1,43,43,53,7,0,0,359.455994,-1556.78833,1019.05707,-0.94161576,0.236180484,-0.235526696,-0.0458891541
1849,0,54b24045-e039-40ee-9ba6-824dbdc42f9e,StartingBlock,184.908203,5615.77979,1,43,43,53,7,0,0,354.535828,-1561.42773,1015.39142,-0.941618562,0.236162215,-0.235536501,-0.0458761863
1850,0,54b24045-e039-40ee-9ba6-824dbdc42f9e,StartingBlock,185.008301,5615.87988,1,43,43,53,7,0,0,349.60553,-1566.03979,1011.69702,-0.94162637,0.236148164,-0.23552154,-0.0458645187
1851,0,54b24045-e039-40ee-9ba6-824dbdc42f9e,StartingBlock,185.108398,5615.97998,1,43,43,53,7,0,0,344.665436,-1570.62463,1007.974,-0.941614211,0.236181021,-0.235538349,-0.0458577536
1852,0,54b24045-e039-40ee-9ba6-824dbdc42f9e,StartingBlock,185.208496,5616.08008,1,43,43,53,7,0,0,339.715546,-1575.18213,1004.22241,-0.941612005,0.236185864,-0.235541061,-0.0458645597
1853,0,54b24045-e039-40ee-9ba6-824dbdc42f9e,StartingBlock,185.308105,5616.17969,1,43,43,53,7,0,0,334.756012,-1579.71191,1000.44226,-0.941600025,0.236216396,-0.235561922,-0.0458451584
1854,0,54b24045-e039-40ee-9ba6-824dbdc42f9e,StartingBlock,185.408203,5616.27979,1,43,43,53,7,0,0,329.786987,-1584.21387,996.633728,-0.941596985,0.236220971,-0.235571474,-0.0458354689
1855,0,54b24045-e039-40ee-9ba6-824dbdc42f9e,StartingBlock,185.508301,5616.37988,1,43,43,53,7,0,0,324.808624,-1588.68787,992.796814,-0.941590726,0.236252099,-0.235563815,-0.0458432026
1856,0,54b24045-e039-40ee-9ba6-824dbdc42f9e,StartingBlock,185.608398,5616.47998,1,43,43,53,7,0,0,319.820923,-1593.13354,988.931458,-0.941587627,0.23627916,-0.235548377,-0.0458471626
1857,0,54b24045-e039-40ee-9ba6-824dbdc42f9e,StartingBlock,185.708496,5616.58008,1,43,43,53,7,0,0,314.824127,-1597.55115,985.037903,-0.94158864,0.236263573,-0.235563666,-0.0458282791
1858,0,54b24045-e039-40ee-9ba6-824dbdc42f9e,StartingBlock,185.808105,5616.67969,1,43,43,53,7,0,0,309.818298,-1601.94006,981.116211,-0.941580594,0.236285716,-0.235572562,-0.0458338
1859,0,54b24045-e039-40ee-9ba6-824dbdc42f9e,StartingBlock,185.908203,5616.77979,1,43,43,53,7,0,0,304.80365,-1606.30029,977.166504,-0.941580236,0.236277729,-0.235582113,-0.0458336771
1860,0,54b24045-e039-40ee-9ba6-824dbdc42f9e,StartingBlock,186.008301,5616.87988,1,43,43,53,7,0,0,299.780212,-1610.63147,973.188599,-0.941583216,0.236280277,-0.23557049,-0.0458184369
1861,0,54b24045-e039-40ee-9ba6-824dbdc42f9e,StartingBlock,186.108398,5616.97998,1,43,43,53,7,0,0,294.748169,-1614.93396,969.1828,-0.941583335,0.236274317,-0.235573977,-0.0458287522
1862,0,54b24045-e039-40ee-9ba6-824dbdc42f9e,StartingBlock,186.208496,5617.08008,1,43,43,53,7,0,0,289.707672,-1619.20715,965.149109,-0.941576183,0.23629494,-0.235583961,-0.0458187126
1863,0,54b24045-e039-40ee-9ba6-824dbdc42f9e,StartingBlock,186.308105,5617.17969,1,43,43,53,7,0,0,284.658813,-1623.45105,961.087646,-0.941560924,0.236343712,-0.235599205,-0.0458007902
1864,0,54b24045-e039-40ee-9ba6-824dbdc42f9e,StartingBlock,186.408203,5617.27979,1,43,43,53,7,0,0,279.601746,-1627.66528,956.998413,-0.941560745,0.236339912,-0.235606983,-0.0457845479
1865,0,54b24045-e039-40ee-9ba6-824dbdc42f9e,StartingBlock,186.508301,5617.37988,1,43,43,53,7,0,0,274.536621,-1631.84998,952.881531,-0.941552937,0.23635444,-0.235623479,-0.0457842387
1866,0,54b24045-e039-40ee-9ba6-824dbdc42f9e,StartingBlock,186.608398,5617.47998,1,43,43,53,7,0,0,269.463501,-1636.00476,948.737122,-0.941544175,0.236371547,-0.235648692,-0.0457462631
1867,0,54b24045-e039-40ee-9ba6-824dbdc42f9e,StartingBlock,186.708496,5617.58008,1,43,43,53,7,0,0,264.382629,-1640.12952,944.565063,-0.941537797,0.236345127,-0.2356987,-0.045757398
1868,0,54b24045-e039-40ee-9ba6-824dbdc42f9e,StartingBlock,186.808105,5617.67969,1,43,43,53,7,0,0,259.294037,-1644.22412,940.365662,-0.941536546,0.236354977,-0.235696524,-0.0457435735
1869,0,54b24045-e039-40ee-9ba6-824dbdc42f9e,StartingBlock,186.908203,5617.77979,1,43,43,53,7,0,0,254.197922,-1648.28833,936.138855,-0.94152087,0.236385182,-0.235730737,-0.0457343124
1870,0,54b24045-e039-40ee-9ba6-824dbdc42f9e,StartingBlock,187.008301,5617.87988,1,43,43,53,7,0,0,249.094421,-1652.32214,931.884888,-0.941521049,0.236405328,-0.235710308,-0.0457308702
1871,0,54b24045-e039-40ee-9ba6-824dbdc42f9e,StartingBlock,187.108398,5617.97998,1,43,43,53,7,0,0,243.983643,-1656.32532,927.603699,-0.941517055,0.236428738,-0.235702842,-0.0457306057
1872,0,54b24045-e039-40ee-9ba6-824dbdc42f9e,StartingBlock,187.208496,5618.08008,1,43,43,53,7,0,0,238.865768,-1660.29761,923.29541,-0.941512942,0.236433253,-0.235715851,-0.0457257181
1873,0,54b24045-e039-40ee-9ba6-824dbdc42f9e,StartingBlock,187.308105,5618.17969,1,43,43,53,7,0,0,233.740891,-1664.23889,918.960083,-0.941507816,0.236438572,-0.235731825,-0.0457222275
1874,0,54b24045-e039-40ee-9ba6-824dbdc42f9e,StartingBlock,187.408203,5618.27979,1,43,43,53,7,0,0,228.609192,-1668.14905,914.597839,-0.9415043,0.236437708,-0.23574765,-0.0457174294
1875,0,54b24045-e039-40ee-9ba6-824dbdc42f9e,StartingBlock,187.508301,5618.37988,1,43,43,53,7,0,0,223.470749,-1672.02771,910.20874,-0.941502512,0.236467913,-0.235725209,-0.0457118191
1876,0,54b24045-e039-40ee-9ba6-824dbdc42f9e,StartingBlock,187.608398,5618.47998,1,43,43,53,7,0,0,218.32576,-1675.875,905.792969,-0.941505492,0.236440048,-0.235740244,-0.0457185954
1877,0,54b24045-e039-40ee-9ba6-824dbdc42f9e,StartingBlock,187.708496,5618.58008,1,43,43,53,7,0,0,213.174393,-1679.69067,901.350464,-0.941481471,0.23650451,-0.235774264,-0.0457039997
1878,0,54b24045-e039-40ee-9ba6-824dbdc42f9e,StartingBlock,187.808105,5618.67969,1,43,43,53,7,0,0,208.016693,-1683.47449,896.881409,-0.941484094,0.236495689,-0.23577255,-0.0457035005
1879,0,54b24045-e039-40ee-9ba6-824dbdc42f9e,StartingBlock,187.908203,5618.77979,1,43,43,53,7,0,0,202.85289,-1687.22632,892.385925,-0.941477478,0.236516669,-0.235778436,-0.0457007736
1880,0,54b24045-e039-40ee-9ba6-824dbdc42f9e,StartingBlock,188.008301,5618.87988,1,43,43,53,7,0,0,197.68309,-1690.94604,887.863953,-0.941472054,0.236530468,-0.235790357,-0.0456808843
1881,0,54b24045-e039-40ee-9ba6-824dbdc42f9e,StartingBlock,188.108398,5618.97998,1,43,43,53,7,0,0,192.507431,-1694.63354,883.315735,-0.941473365,0.236514598,-0.235798821,-0.0456909612
1882,0,54b24045-e039-40ee-9ba6-824dbdc42f9e,StartingBlock,188.208496,5619.08008,1,43,43,53,7,0,0,187.32608,-1698.28857,878.741272,-0.941457808,0.236566916,-0.23581171,-0.0456748419
1883,0,54b24045-e039-40ee-9ba6-824dbdc42f9e,StartingBlock,188.308105,5619.17969,1,43,43,53,7,0,0,182.13913,-1701.91089,874.140808,-0.941464305,0.236554176,-0.23580198,-0.0456572212
1884,0,54b24045-e039-40ee-9ba6-824dbdc42f9e,StartingBlock,188.408203,5619.27979,1,43,43,53,7,0,0,176.946823,-1705.50049,869.514343,-0.941459477,0.236553833,-0.235818386,-0.045675002
1885,0,54b24045-e039-40ee-9ba6-824dbdc42f9e,StartingBlock,188.508301,5619.37988,1,43,43,53,7,0,0,171.749237,-1709.05725,864.861938,-0.941449344,0.236582264,-0.235830739,-0.0456715971
1886,0,54b24045-e039-40ee-9ba6-824dbdc42f9e,StartingBlock,188.608398,5619.47998,1,43,43,53,7,0,0,166.546539,-1712.58093,860.183716,-0.941442847,0.236585662,-0.235856578,-0.0456552692
1887,0,54b24045-e039-40ee-9ba6-824dbdc42f9e,StartingBlock,188.708496,5619.58008,1,43,43,53,7,0,0,161.338867,-1716.07141,855.479797,-0.941435158,0.236611351,-0.235861853,-0.0456538983
1888,0,54b24045-e039-40ee-9ba6-824dbdc42f9e,StartingBlock,188.808105,5619.67969,1,43,43,53,7,0,0,156.126373,-1719.52844,850.750244,-0.941424668,0.23664552,-0.235870093,-0.0456475206
1889,0,54b24045-e039-40ee-9ba6-824dbdc42f9e,StartingBlock,188.908203,5619.77979,1,43,43,53,7,0,0,150.909164,-1722.95203,845.9953,-0.941414356,0.236664608,-0.235894427,-0.0456363447
1890,0,54b24045-e039-40ee-9ba6-824dbdc42f9e,StartingBlock,189.008301,5619.87988,1,43,43,53,7,0,0,145.687454,-1726.34192,841.214905,-0.941419184,0.2366658,-0.235873267,-0.04563969
1891,0,54b24045-e039-40ee-9ba6-824dbdc42f9e,StartingBlock,189.108398,5619.97998,1,43,43,53,7,0,0,140.461349,-1729.69788,836.40918,-0.94142431,0.236639321,-0.235878304,-0.0456469059
1892,0,54b24045-e039-40ee-9ba6-824dbdc42f9e,StartingBlock,189.208496,5620.08008,1,43,43,53,7,0,0,135.231079,-1733.01978,831.578369,-0.941425085,0.236659184,-0.235856131,-0.045642972
1893,0,54b24045-e039-40ee-9ba6-824dbdc42f9e,StartingBlock,189.308105,5620.17969,1,43,43,53,7,0,0,129.996719,-1736.30762,826.722412,-0.941430092,0.236648947,-0.235845134,-0.0456485935
1894,0,54b24045-e039-40ee-9ba6-824dbdc42f9e,StartingBlock,189.408203,5620.27979,1,43,43,53,7,0,0,124.758438,-1739.56128,821.841492,-0.941438317,0.236648843,-0.235811993,-0.0456495285
1895,0,54b24045-e039-40ee-9ba6-824dbdc42f9e,StartingBlock,189.508301,5620.37988,1,43,43,53,7,0,0,119.516388,-1742.78052,816.93573,-0.941428781,0.236677229,-0.235824302,-0.0456374027
1896,0,54b24045-e039-40ee-9ba6-824dbdc42f9e,StartingBlock,189.608398,5620.47998,1,43,43,53,7,0,0,114.270744,-1745.96509,812.005249,-0.941426158,0.236659065,-0.235852808,-0.0456382595
1897,0,54b24045-e039-40ee-9ba6-824dbdc42f9e,StartingBlock,189.708496,5620.58008,1,43,43,53,7,0,0,109.021622,-1749.11499,807.05011,-0.9414289,0.236648723,-0.235851616,-0.0456404723
1898,0,54b24045-e039-40ee-9ba6-824dbdc42f9e,StartingBlock,189.808105,5620.67969,1,43,43,53,7,0,0,103.76918,-1752.2301,802.070435,-0.941420317,0.23669365,-0.235842958,-0.0456301421
1899,0,54b24045-e039-40ee-9ba6-824dbdc42f9e,StartingBlock,189.908203,5620.77979,1,43,43,53,7,0,0,98.5136261,-1755.31006,797.066406,-0.941418827,0.236712039,-0.235830143,-0.0456322357
1900,0,54b24045-e039-40ee-9ba6-824dbdc42f9e,StartingBlock,190.008301,5620.87988,1,43,43,53,7,0,0,93.2550659,-1758.35486,792.038086,-0.941415548,0.236712471,-0.235842988,-0.0456302799
1901,0,54b24045-e039-40ee-9ba6-824dbdc42f9e,StartingBlock,190.108398,5620.97998,1,43,43,53,7,0,0,87.9936676,-1761.36426,786.985535,-0.941418767,0.23670955,-0.235834256,-0.0456245206
1902,0,54b24045-e039-40ee-9ba6-824dbdc42f9e,StartingBlock,190.208496,5621.08008,1,43,43,53,7,0,0,82.729599,-1764.33826,781.909058,-0.941417575,0.236724481,-0.235824764,-0.0456199199
1903,0,54b24045-e039-40ee-9ba6-824dbdc42f9e,StartingBlock,190.308105,5621.17969,1,43,43,53,7,0,0,77.4630051,-1767.27661,776.808655,-0.941423059,0.236687779,-0.235838965,-0.0456238836
1904,0,54b24045-e039-40ee-9ba6-824dbdc42f9e,StartingBlock,190.408203,5621.27979,1,43,43,53,7,0,0,72.194046,-1770.1792,771.684387,-0.941403985,0.23675783,-0.235847995,-0.0456073061
1905,0,54b24045-e039-40ee-9ba6-824dbdc42f9e,StartingBlock,190.508301,5621.37988,1,43,43,53,7,0,0,66.9228745,-1773.0459,766.536438,-0.941402197,0.236748219,-0.23586455,-0.0456097089
1906,0,54b24045-e039-40ee-9ba6-824dbdc42f9e,StartingBlock,190.608398,5621.47998,1,43,43,53,7,0,0,61.6496582,-1775.87659,761.36499,-0.941396892,0.236738667,-0.235894904,-0.0456106514
1907,0,54b24045-e039-40ee-9ba6-824dbdc42f9e,StartingBlock,190.708496,5621.58008,1,43,43,53,7,0,0,56.3745651,-1778.67114,756.170044,-0.941394329,0.236729816,-0.235914782,-0.045607917
1908,0,54b24045-e039-40ee-9ba6-824dbdc42f9e,StartingBlock,190.808105,5621.67969,1,43,43,53,7,0,0,51.0977135,-1781.42932,750.951721,-0.941397488,0.23675181,-0.235882536,-0.045595184
1909,0,54b24045-e039-40ee-9ba6-824dbdc42f9e,StartingBlock,190.908203,5621.77979,1,43,43,53,7,0,0,45.8193359,-1784.151,745.710327,-0.941390097,0.236761019,-0.235900179,-0.0456076004
1910,0,54b24045-e039-40ee-9ba6-824dbdc42f9e,StartingBlock,191.008301,5621.87988,1,43,43,53,7,0,0,40.5395126,-1786.83606,740.445923,-0.941391647,0.236715958,-0.235941827,-0.0455932245
1911,0,54b24045-e039-40ee-9ba6-824dbdc42f9e,StartingBlock,191.108398,5621.97998,1,43,43,53,7,0,0,35.2584152,-1789.48438,735.158447,-0.941391408,0.236727402,-0.235938221,-0.0455594808
1912,0,54b24045-e039-40ee-9ba6-824dbdc42f9e,StartingBlock,191.208496,5622.08008,1,43,43,53,7,0,0,29.9763031,-1792.09607,729.848328,-0.941378176,0.236762971,-0.235953376,-0.0455690585
1913,0,54b24045-e039-40ee-9ba6-824dbdc42f9e,StartingBlock,191.308105,5622.17969,1,43,43,53,7,0,0,24.6932545,-1794.67053,724.515381,-0.941373646,0.236758187,-0.235978082,-0.0455596559
1914,0,54b24045-e039-40ee-9ba6-824dbdc42f9e,StartingBlock,191.408203,5622.27979,1,43,43,53,7,0,0,19.4094543,-1797.20789,719.160034,-0.941376269,0.236750111,-0.235977098,-0.0455513299
1915,0,54b24045-e039-40ee-9ba6-824dbdc42f9e,StartingBlock,191.508301,5622.37988,1,43,43,53,7,0,0,14.125041,-1799.70813,713.782288,-0.94137001,0.236766085,-0.235987648,-0.0455434769
1916,0,54b24045-e039-40ee-9ba6-824dbdc42f9e,StartingBlock,191.608398,5622.47998,1,43,43,53,7,0,0,8.84025764,-1802.1709,708.382385,-0.94136548,0.236746386,-0.236023411,-0.0455532856
1917,0,54b24045-e039-40ee-9ba6-824dbdc42f9e,StartingBlock,191.708496,5622.58008,1,43,43,53,7,0,0,3.55518174,-1804.59607,702.960266,-0.941354752,0.236797795,-0.236017495,-0.0455403402
1918,0,54b24045-e039-40ee-9ba6-824dbdc42f9e,StartingBlock,191.808105,5622.67969,1,43,43,53,7,0,0,-1.73000574,-1806.98352,697.516174,-0.941362202,0.236778945,-0.236007169,-0.0455373116
1919,0,54b24045-e039-40ee-9ba6-824dbdc42f9e,StartingBlock,191.908203,5622.77979,1,43,43,53,7,0,0,-7.01509523,-1809.33337,692.050232,-0.941355169,0.236809313,-0.23600255,-0.0455474108
1920,0,54b24045-e039-40ee-9ba6-824dbdc42f9e,StartingBlock,192.008301,5622.87988,1,43,43,53,7,0,0,-12.2999458,-1811.64526,686.562561,-0.941340327,0.236848742,-0.236024648,-0.0455349162
1921,0,54b24045-e039-40ee-9ba6-824dbdc42f9e,StartingBlock,192.108398,5622.97998,1,43,43,53,7,0,0,-17.5844212,-1813.91907,681.053345,-0.941346169,0.236818761,-0.236031875,-0.0455337763
1922,0,54b24045-e039-40ee-9ba6-824dbdc42f9e,StartingBlock,192.208496,5623.08008,1,43,43,53,7,0,0,-22.8683224,-1816.15479,675.522705,-0.941332638,0.236823022,-0.236082464,-0.0455290154
1923,0,54b24045-e039-40ee-9ba6-824dbdc42f9e,StartingBlock,192.308105,5623.17969,1,43,43,53,7,0,0,-28.1515102,-1818.35205,669.970764,-0.941329062,0.236835241,-0.236086771,-0.0455154255
1924,0,54b24045-e039-40ee-9ba6-824dbdc42f9e,StartingBlock,192.408203,5623.27979,1,43,43,53,7,0,0,-33.4338074,-1820.51099,664.397644,-0.94133389,0.236813977,-0.236090153,-0.0455096774
1925,0,54b24045-e039-40ee-9ba6-824dbdc42f9e,StartingBlock,192.508301,5623.37988,1,43,43,53,7,0,0,-38.715023,-1822.63123,658.80365,-0.941336632,0.236810267,-0.236085653,-0.0454962365
1926,0,54b24045-e039-40ee-9ba6-824dbdc42f9e,StartingBlock,192.608398,5623.47998,1,43,43,53,7,0,0,-43.9949379,-1824.71301,653.188782,-0.941321075,0.236863956,-0.236091107,-0.0455096774
1927,0,54b24045-e039-40ee-9ba6-824dbdc42f9e,StartingBlock,192.708496,5623.58008,1,43,43,53,7,0,0,-49.2735138,-1826.75586,647.553223,-0.941318333,0.236872092,-0.236096799,-0.0454952531
1928,0,54b24045-e039-40ee-9ba6-824dbdc42f9e,StartingBlock,192.808105,5623.67969,1,43,43,53,7,0,0,-54.5505219,-1828.75977,641.897156,-0.941336095,0.236840189,-0.236055613,-0.0455077104
1929,0,54b24045-e039-40ee-9ba6-824dbdc42f9e,StartingBlock,192.908203,5623.77979,1,43,43,53,7,0,0,-59.8257599,-1830.72473,636.220642,-0.941336393,0.236872584,-0.236022502,-0.0455038585
1930,0,54b24045-e039-40ee-9ba6-824dbdc42f9e,StartingBlock,193.008301,5623.87988,1,43,43,53,7,0,0,-65.0990753,-1832.65039,630.523865,-0.941346467,0.236830547,-0.236026317,-0.0454953164
1931,0,54b24045-e039-40ee-9ba6-824dbdc42f9e,StartingBlock,193.108398,5623.97998,1,43,43,53,7,0,0,-70.370285,-1834.53699,624.807068,-0.941346824,0.236813813,-0.236039937,-0.0455022976
1932,0,54b24045-e039-40ee-9ba6-824dbdc42f9e,StartingBlock,193.208496,5624.08008,1,43,43,53,7,0,0,-75.6392365,-1836.38403,619.070251,-0.941339612,0.236839145,-0.236046866,-0.0454861298
1933,0,54b24045-e039-40ee-9ba6-824dbdc42f9e,StartingBlock,193.308105,5624.17969,1,43,43,53,7,0,0,-80.9057465,-1838.19189,613.313782,-0.941333592,0.236856878,-0.236050382,-0.0454982072
1934,0,54b24045-e039-40ee-9ba6-824dbdc42f9e,StartingBlock,193.408203,5624.27979,1,43,43,53,7,0,0,-86.1696777,-1839.95984,607.537598,-0.941340744,0.236848995,-0.236032009,-0.0454875827
1935,0,54b24045-e039-40ee-9ba6-824dbdc42f9e,StartingBlock,193.508301,5624.37988,1,43,43,53,7,0,0,-91.4308243,-1841.68823,601.742004,-0.941341877,0.236872494,-0.236003205,-0.0454907864
1936,0,54b24045-e039-40ee-9ba6-824dbdc42f9e,StartingBlock,193.608398,5624.47998,1,43,43,53,7,0,0,-96.689064,-1843.37671,595.927063,-0.941355467,0.236818343,-0.236005038,-0.0454822741
1937,0,54b24045-e039-40ee-9ba6-824dbdc42f9e,StartingBlock,193.708496,5624.58008,1,43,43,53,7,0,0,-101.944107,-1845.02527,590.092896,-0.941354096,0.236821562,-0.236007422,-0.045480825
1938,0,54b24045-e039-40ee-9ba6-824dbdc42f9e,StartingBlock,193.808105,5624.67969,1,43,43,53,7,0,0,-107.195877,-1846.63379,584.239868,-0.941344142,0.236853957,-0.236013576,-0.0454868861
1939,0,54b24045-e039-40ee-9ba6-824dbdc42f9e,StartingBlock,193.908203,5624.77979,1,43,43,53,7,0,0,-112.444176,-1848.20203,578.367981,-0.941352844,0.236819461,-0.236017451,-0.0454664007
1940,0,54b24045-e039-40ee-9ba6-824dbdc42f9e,StartingBlock,194.008301,5624.87988,1,43,43,53,7,0,0,-117.688759,-1849.73022,572.477478,-0.94133991,0.236878872,-0.236007452,-0.0454768762
1941,0,54b24045-e039-40ee-9ba6-824dbdc42f9e,StartingBlock,194.108398,5624.97998,1,43,43,53,7,0,0,-122.929581,-1851.21802,566.568481,-0.941354752,0.236841232,-0.235986009,-0.0454773009
1942,0,54b24045-e039-40ee-9ba6-824dbdc42f9e,StartingBlock,194.208496,5625.08008,1,43,43,53,7,0,0,-128.166397,-1852.66528,560.641113,-0.941346645,0.236871272,-0.235990375,-0.0454642139
1943,0,54b24045-e039-40ee-9ba6-824dbdc42f9e,StartingBlock,194.308105,5625.17969,1,43,43,53,7,0,0,-133.399048,-1854.07202,554.695557,-0.941351593,0.236846641,-0.235994086,-0.0454709865
1944,0,54b24045-e039-40ee-9ba6-824dbdc42f9e,StartingBlock,194.408203,5625.27979,1,43,43,53,7,0,0,-138.627365,-1855.43787,548.732117,-0.941345394,0.236839026,-0.236028776,-0.0454589948
1945,0,54b24045-e039-40ee-9ba6-824dbdc42f9e,StartingBlock,194.508301,5625.37988,1,43,43,53,7,0,0,-143.851135,-1856.76318,542.750793,-0.94133395,0.236870646,-0.236045092,-0.0454468466
1946,0,54b24045-e039-40ee-9ba6-824dbdc42f9e,StartingBlock,194.608398,5625.47998,1,43,43,53,7,0,0,-149.070236,-1858.04749,536.751831,-0.941336155,0.236854017,-0.236054659,-0.045438733
1947,0,54b24045-e039-40ee-9ba6-824dbdc42f9e,StartingBlock,194.708496,5625.58008,1,43,43,53,7,0,0,-154.284424,-1859.29089,530.735352,-0.941337347,0.236844748,-0.236060202,-0.0454342142
1948,0,54b24045-e039-40ee-9ba6-824dbdc42f9e,StartingBlock,194.808105,5625.67969,1,43,43,53,7,0,0,-159.493607,-1860.49329,524.70166,-0.941332579,0.236859336,-0.236066401,-0.0454244055
1949,0,54b24045-e039-40ee-9ba6-824dbdc42f9e,StartingBlock,194.908203,5625.77979,1,43,43,53,7,0,0,-164.69754,-1861.65442,518.650818,-0.941334605,0.23686488,-0.236053258,-0.045421049
1950,0,54b24045-e039-40ee-9ba6-824dbdc42f9e,StartingBlock,195.008301,5625.87988,1,43,43,53,7,0,0,-169.896057,-1862.77429,512.583008,-0.941330612,0.236883715,-0.236050501,-0.0454203039
1951,0,54b24045-e039-40ee-9ba6-824dbdc42f9e,StartingBlock,195.108398,5625.97998,1,43,43,53,7,0,0,-175.088974,-1863.85291,506.498413,-0.941341341,0.236859962,-0.236033529,-0.0454096161
1952,0,54b24045-e039-40ee-9ba6-824dbdc42f9e,StartingBlock,195.208496,5626.08008,1,43,43,53,7,0,0,-180.276108,-1864.89014,500.397186,-0.941330492,0.236897975,-0.236037865,-0.0454133376
1953,0,54b24045-e039-40ee-9ba6-824dbdc42f9e,StartingBlock,195.308105,5626.17969,1,43,43,53,7,0,0,-185.457367,-1865.8855,494.279541,-0.941354454,0.236829519,-0.236013994,-0.0453986004
1954,0,54b24045-e039-40ee-9ba6-824dbdc42f9e,StartingBlock,195.408203,5626.27979,1,43,43,53,7,0,0,-190.632462,-1866.8396,488.145691,-0.941343665,0.236860052,-0.236023694,-0.0454116948
1955,0,54b24045-e039-40ee-9ba6-824dbdc42f9e,StartingBlock,195.508301,5626.37988,1,43,43,53,7,0,0,-195.801285,-1867.75183,481.995758,-0.941339374,0.236880064,-0.236023232,-0.0453991704
1956,0,54b24045-e039-40ee-9ba6-824dbdc42f9e,StartingBlock,195.608398,5626.47998,1,43,43,53,7,0,0,-200.963593,-1868.62244,475.829987,-0.941326559,0.236907214,-0.236047372,-0.0453970172
1957,0,54b24045-e039-40ee-9ba6-824dbdc42f9e,StartingBlock,195.708496,5626.58008,1,43,43,53,7,0,0,-206.119308,-1869.45068,469.648499,-0.941342831,0.23685734,-0.236034185,-0.0453907251
1958,0,54b24045-e039-40ee-9ba6-824dbdc42f9e,StartingBlock,195.808105,5626.67969,1,43,43,53,7,0,0,-211.268158,-1870.2373,463.451447,-0.941334665,0.236881912,-0.23604393,-0.0453780107
1959,0,54b24045-e039-40ee-9ba6-824dbdc42f9e,StartingBlock,195.908203,5626.77979,1,43,43,53,7,0,0,-216.409958,-1870.98193,457.239166,-0.941338897,0.236871541,-0.23603642,-0.0453847498
1960,0,54b24045-e039-40ee-9ba6-824dbdc42f9e,StartingBlock,196.008301,5626.87988,1,43,43,53,7,0,0,-221.544571,-1871.68445,451.011719,-0.941331208,0.236895904,-0.236042827,-0.0453843698
1961,0,54b24045-e039-40ee-9ba6-824dbdc42f9e,StartingBlock,196.108398,5626.97998,1,43,43,53,7,0,0,-226.67186,-1872.3446,444.769257,-0.941338241,0.236872241,-0.236038581,-0.0453844704
1962,0,54b24045-e039-40ee-9ba6-824dbdc42f9e,StartingBlock,196.208496,5627.08008,1,43,43,53,7,0,0,-231.791565,-1872.96265,438.512054,-0.941343963,0.236854017,-0.236035049,-0.0453790389
1963,0,54b24045-e039-40ee-9ba6-824dbdc42f9e,StartingBlock,196.308105,5627.17969,1,43,43,53,7,0,0,-236.903534,-1873.53833,432.240265,-0.94133234,0.236870885,-0.236065269,-0.045373898
1964,0,54b24045-e039-40ee-9ba6-824dbdc42f9e,StartingBlock,196.408203,5627.27979,1,43,43,53,7,0,0,-242.007584,-1874.07178,425.954071,-0.941334426,0.236876965,-0.236049101,-0.0453831665
1965,0,54b24045-e039-40ee-9ba6-824dbdc42f9e,StartingBlock,196.508301,5627.37988,1,43,43,53,7,0,0,-247.103546,-1874.5625,419.653687,-0.941333532,0.23689799,-0.236032709,-0.0453789197
1966,0,54b24045-e039-40ee-9ba6-824dbdc42f9e,StartingBlock,196.608398,5627.47998,1,43,43,53,7,0,0,-252.191223,-1875.01074,413.339355,-0.941327631,0.236913249,-0.236041531,-0.0453736521
1967,0,54b24045-e039-40ee-9ba6-824dbdc42f9e,StartingBlock,196.708496,5627.58008,1,43,43,53,7,0,0,-257.270447,-1875.41638,407.011169,-0.941333771,0.236860663,-0.236070946,-0.0453675129
1968,0,54b24045-e039-40ee-9ba6-824dbdc42f9e,StartingBlock,196.808105,5627.67969,1,43,43,53,7,0,0,-262.341034,-1875.77942,400.669342,-0.941328824,0.236881524,-0.236071751,-0.0453576408
1969,0,54b24045-e039-40ee-9ba6-824dbdc42f9e,StartingBlock,196.908203,5627.77979,1,43,43,53,7,0,0,-267.402802,-1876.09949,394.314148,-0.94133544,0.236843467,-0.236081749,-0.0453680046
1970,0,54b24045-e039-40ee-9ba6-824dbdc42f9e,StartingBlock,197.008301,5627.87988,1,43,43,53,7,0,0,-272.455566,-1876.37683,387.945679,-0.941331267,0.236864746,-0.23608163,-0.0453444645
1971,0,54b24045-e039-40ee-9ba6-824dbdc42f9e,StartingBlock,197.108398,5627.97998,1,43,43,53,7,0,0,-277.499146,-1876.61121,381.56424,-0.941327572,0.2368595,-0.23609826,-0.0453621633
1972,0,54b24045-e039-40ee-9ba6-824dbdc42f9e,StartingBlock,197.208496,5628.08008,1,43,43,53,7,0,0,-282.533356,-1876.80273,375.169983,-0.941330492,0.236852184,-0.236096859,-0.0453452505
1973,0,54b24045-e039-40ee-9ba6-824dbdc42f9e,StartingBlock,197.308105,5628.17969,1,43,43,53,7,0,0,-287.558044,-1876.95129,368.763062,-0.941332459,0.236842826,-0.236094818,-0.045366209
1974,0,54b24045-e039-40ee-9ba6-824dbdc42f9e,StartingBlock,197.408203,5628.27979,1,43,43,53,7,0,0,-292.572998,-1877.05676,362.34375,-0.941338003,0.23684147,-0.236076444,-0.0453516208
1975,0,54b24045-e039-40ee-9ba6-824dbdc42f9e,StartingBlock,197.508301,5628.37988,1,43,43,53,7,0,0,-297.578003,-1877.11902,355.91217,-0.941332221,0.236852735,-0.236086726,-0.0453599356
1976,0,54b24045-e039-40ee-9ba6-824dbdc42f9e,StartingBlock,197.608398,5628.47998,1,43,43,53,7,0,0,-302.572937,-1877.13818,349.468628,-0.94133395,0.236841708,-0.236086309,-0.0453835241
1977,0,54b24045-e039-40ee-9ba6-824dbdc42f9e,StartingBlock,197.708496,5628.58008,1,43,43,53,7,0,0,-307.557617,-1877.11401,343.013275,-0.941334009,0.236841008,-0.236086577,-0.0453838818
1978,0,54b24045-e039-40ee-9ba6-824dbdc42f9e,StartingBlock,197.808105,5628.67969,1,43,43,53,7,0,0,-312.53183,-1877.04675,336.546295,-0.941332042,0.236855224,-0.236082211,-0.0453742482
1979,0,54b24045-e039-40ee-9ba6-824dbdc42f9e,StartingBlock,197.908203,5628.77979,1,43,43,53,7,0,0,-317.495422,-1876.93604,330.067902,-0.941338301,0.236849651,-0.236062646,-0.0453754403
1980,0,54b24045-e039-40ee-9ba6-824dbdc42f9e,StartingBlock,198.008301,5628.87988,1,43,43,53,7,0,0,-322.448181,-1876.78198,323.578308,-0.941335678,0.23686102,-0.236064225,-0.0453622453
1981,0,54b24045-e039-40ee-9ba6-824dbdc42f9e,StartingBlock,198.108398,5628.97998,1,43,43,53,7,0,0,-327.390015,-1876.58447,317.077728,-0.941341996,0.236844301,-0.236057118,-0.0453557782
1982,0,54b24045-e039-40ee-9ba6-824dbdc42f9e,StartingBlock,198.208496,5629.08008,1,43,43,53,7,0,0,-332.320587,-1876.34363,310.566376,-0.941345215,0.236822978,-0.236065865,-0.0453555025
1983,0,54b24045-e039-40ee-9ba6-824dbdc42f9e,StartingBlock,198.308105,5629.17969,1,43,43,53,7,0,0,-337.239777,-1876.05908,304.044434,-0.94134593,0.236857742,-0.236024141,-0.0453746282
1984,0,54b24045-e039-40ee-9ba6-824dbdc42f9e,StartingBlock,198.408203,5629.27979,1,43,43,53,7,0,0,-342.147461,-1875.73108,297.512115,-0.941349089,0.236843705,-0.236024871,-0.0453780554
1985,0,54b24045-e039-40ee-9ba6-824dbdc42f9e,StartingBlock,198.508301,5629.37988,1,43,43,53,7,0,0,-347.043488,-1875.3595,290.969666,-0.941354454,0.236815438,-0.23603411,-0.0453676507
1986,0,54b24045-e039-40ee-9ba6-824dbdc42f9e,StartingBlock,198.608398,5629.47998,1,43,43,53,7,0,0,-351.927551,-1874.94421,284.417267,-0.941356599,0.236810371,-0.236033216,-0.0453540906
1987,0,54b24045-e039-40ee-9ba6-824dbdc42f9e,StartingBlock,198.708496,5629.58008,1,43,43,53,7,0,0,-356.799561,-1874.48535,277.855133,-0.941360116,0.236813456,-0.236015126,-0.0453574769
1988,0,54b24045-e039-40ee-9ba6-824dbdc42f9e,StartingBlock,198.808105,5629.67969,1,43,43,53,7,0,0,-361.659332,-1873.98267,271.283447,-0.941359282,0.236831859,-0.236000568,-0.0453555658
1989,0,54b24045-e039-40ee-9ba6-824dbdc42f9e,StartingBlock,198.908203,5629.77979,1,43,43,53,7,0,0,-366.506592,-1873.4364,264.702484,-0.94137913,0.23678191,-0.2359761,-0.0453333631
1990,0,54b24045-e039-40ee-9ba6-824dbdc42f9e,StartingBlock,199.008301,5629.87988,1,43,43,53,7,0,0,-371.341217,-1872.84619,258.112396,-0.941374123,0.236785963,-0.235987067,-0.0453567803
1991,0,54b24045-e039-40ee-9ba6-824dbdc42f9e,StartingBlock,199.108398,5629.97998,1,43,43,53,7,0,0,-376.163055,-1872.2124,251.513489,-0.941376567,0.236763075,-0.236001581,-0.0453516506
1992,0,54b24045-e039-40ee-9ba6-824dbdc42f9e,StartingBlock,199.208496,5630.08008,1,43,43,53,7,0,0,-380.971924,-1871.53467,244.90596,-0.941375136,0.236776456,-0.235994756,-0.0453470461
1993,0,54b24045-e039-40ee-9ba6-824dbdc42f9e,StartingBlock,199.308105,5630.17969,1,43,43,53,7,0,0,-385.767639,-1870.81311,238.289978,-0.941376925,0.236778542,-0.235986769,-0.045339372
1994,0,54b24045-e039-40ee-9ba6-824dbdc42f9e,StartingBlock,199.408203,5630.27979,1,43,43,53,7,0,0,-390.549957,-1870.04773,231.665802,-0.941368818,0.236788854,-0.236009821,-0.0453350693
1995,0,54b24045-e039-40ee-9ba6-824dbdc42f9e,StartingBlock,199.508301,5630.37988,1,43,43,53,7,0,0,-395.318756,-1869.2384,225.033661,-0.941360176,0.236785382,-0.236044526,-0.0453514755
1996,0,54b24045-e039-40ee-9ba6-824dbdc42f9e,StartingBlock,199.608398,5630.47998,1,43,43,53,7,0,0,-400.073853,-1868.38525,218.393768,-0.941355348,0.236800641,-0.236052468,-0.0453313477
1997,0,54b24045-e039-40ee-9ba6-824dbdc42f9e,StartingBlock,199.708496,5630.58008,1,43,43,53,7,0,0,-404.815063,-1867.48804,211.746277,-0.94136107,0.236779511,-0.236055791,-0.0453052633
1998,0,54b24045-e039-40ee-9ba6-824dbdc42f9e,StartingBlock,199.808105,5630.67969,1,43,43,53,7,0,0,-409.542236,-1866.547,205.091522,-0.941359043,0.236793801,-0.236043826,-0.0453346297
1999,0,54b24045-e039-40ee-9ba6-824dbdc42f9e,StartingBlock,199.908203,5630.77979,1,43,43,53,7,0,0,-414.255127,-1865.56189,198.429642,-0.941355944,0.236801177,-0.236051694,-0.0453191698
2000,0,54b24045-e039-40ee-9ba6-824dbdc42f9e,StartingBlock,200.008301,5630.87988,1,43,43,53,7,0,0,-418.953583,-1864.53296,191.760864,-0.941360116,0.23679699,-0.236040577,-0.0453112386
2001,0,54b24045-e039-40ee-9ba6-824dbdc42f9e,StartingBlock,200.108398,5630.97998,1,43,43,53,7,0,0,-423.637451,-1863.46008,185.08548,-0.941355884,0.236810446,-0.236042455,-0.0453213193
2002,0,54b24045-e039-40ee-9ba6-824dbdc42f9e,StartingBlock,200.208496,5631.08008,1,43,43,53,7,0,0,-428.306519,-1862.34314,178.403641,-0.941352069,0.236823067,-0.236048698,-0.0453012362
2003,0,54b24045-e039-40ee-9ba6-824dbdc42f9e,StartingBlock,200.308105,5631.17969,1,43,43,53,7,0,0,-432.960663,-1861.18225,171.715591,-0.941354275,0.23681213,-0.236048132,-0.045315586
2004,0,54b24045-e039-40ee-9ba6-824dbdc42f9e,StartingBlock,200.408203,5631.27979,1,43,43,53,7,0,0,-437.59964,-1859.97729,165.021606,-0.941356003,0.2368159,-0.236038357,-0.0453098454
2005,0,54b24045-e039-40ee-9ba6-824dbdc42f9e,StartingBlock,200.508301,5631.37988,1,43,43,53,7,0,0,-442.223267,-1858.72827,158.321854,-0.94135946,0.236811444,-0.236029088,-0.0453107208
2006,0,54b24045-e039-40ee-9ba6-824dbdc42f9e,StartingBlock,200.608398,5631.47998,1,43,43,53,7,0,0,-446.831482,-1857.4353,151.616653,-0.941361904,0.236808494,-0.236020461,-0.0453204885
2007,0,54b24045-e039-40ee-9ba6-824dbdc42f9e,StartingBlock,200.708496,5631.58008,1,43,43,53,7,0,0,-451.42395,-1856.09827,144.906143,-0.941359878,0.236808315,-0.236031726,-0.0453046672
2008,0,54b24045-e039-40ee-9ba6-824dbdc42f9e,StartingBlock,200.808105,5631.67969,1,43,43,53,7,0,0,-456.00061,-1854.71729,138.190536,-0.941367447,0.236772031,-0.236040249,-0.0452931412
2009,0,54b24045-e039-40ee-9ba6-824dbdc42f9e,StartingBlock,200.908203,5631.77979,1,43,43,53,7,0,0,-460.561218,-1853.29248,131.470184,-0.941366196,0.236775219,-0.236043751,-0.0452834889
2010,0,54b24045-e039-40ee-9ba6-824dbdc42f9e,StartingBlock,201.008301,5631.87988,1,43,43,53,7,0,0,-465.105591,-1851.82361,124.745186,-0.94136858,0.236779526,-0.236030087,-0.0452816822
2011,0,54b24045-e039-40ee-9ba6-824dbdc42f9e,StartingBlock,201.108398,5631.97998,1,43,43,53,7,0,0,-469.633606,-1850.31067,118.015892,-0.941360831,0.236808151,-0.236029774,-0.0452953093
2012,0,54b24045-e039-40ee-9ba6-824dbdc42f9e,StartingBlock,201.208496,5632.08008,1,43,43,53,7,0,0,-474.145081,-1848.75378,111.282417,-0.94136554,0.236791164,-0.23603487,-0.0452604666
2013,0,54b24045-e039-40ee-9ba6-824dbdc42f9e,StartingBlock,201.308105,5632.17969,1,43,43,53,7,0,0,-478.639832,-1847.15295,104.545059,-0.941364825,0.236801639,-0.236025706,-0.0452688709
2014,0,54b24045-e039-40ee-9ba6-824dbdc42f9e,StartingBlock,201.408203,5632.27979,1,43,43,53,7,0,0,-483.117676,-1845.50818,97.8039932,-0.941368818,0.236771464,-0.236039206,-0.0452720001
2015,0,54b24045-e039-40ee-9ba6-824dbdc42f9e,StartingBlock,201.508301,5632.37988,1,43,43,53,7,0,0,-487.57843,-1843.81946,91.0595245,-0.941370964,0.236769259,-0.236035526,-0.0452582017
2016,0,54b24045-e039-40ee-9ba6-824dbdc42f9e,StartingBlock,201.608398,5632.47998,1,43,43,53,7,0,0,-492.021973,-1842.08679,84.3118744,-0.941372931,0.236780807,-0.236017942,-0.0452492908
2017,0,54b24045-e039-40ee-9ba6-824dbdc42f9e,StartingBlock,201.708496,5632.58008,1,43,43,53,7,0,0,-496.448029,-1840.31018,77.5612411,-0.941373765,0.236761555,-0.236035734,-0.0452391542
2018,0,54b24045-e039-40ee-9ba6-824dbdc42f9e,StartingBlock,201.808105,5632.67969,1,43,43,53,7,0,0,-500.856537,-1838.48987,70.807869,-0.941374004,0.236753941,-0.236039594,-0.0452536121
2019,0,54b24045-e039-40ee-9ba6-824dbdc42f9e,StartingBlock,201.908203,5632.77979,1,43,43,53,7,0,0,-505.247253,-1836.62561,64.0520859,-0.941382647,0.236738399,-0.236022174,-0.0452465117
2020,0,54b24045-e039-40ee-9ba6-824dbdc42f9e,StartingBlock,202.008301,5632.87988,1,43,43,53,7,0,0,-509.619995,-1834.71765,57.2940598,-0.941388667,0.236736894,-0.236002997,-0.0452280603
2021,0,54b24045-e039-40ee-9ba6-824dbdc42f9e,StartingBlock,202.108398,5632.97998,1,43,43,53,7,0,0,-513.97467,-1832.76587,50.5340233,-0.941392481,0.236736476,-0.235980943,-0.0452661179
2022,0,54b24045-e039-40ee-9ba6-824dbdc42f9e,StartingBlock,202.208496,5633.08008,1,43,43,53,7,0,0,-518.310974,-1830.77039,43.7722626,-0.941397905,0.236759439,-0.235941574,-0.0452394523
2023,0,54b24045-e039-40ee-9ba6-824dbdc42f9e,StartingBlock,202.308105,5633.17969,1,43,43,53,7,0,0,-522.628906,-1828.73096,37.0089531,-0.941406488,0.236733317,-0.235936254,-0.0452248231
2024,0,54b24045-e039-40ee-9ba6-824dbdc42f9e,StartingBlock,202.408203,5633.27979,1,43,43,53,7,0,0,-526.928223,-1826.64807,30.2444057,-0.94138211,0.236782864,-0.235978171,-0.0452529341
2025,0,54b24045-e039-40ee-9ba6-824dbdc42f9e,StartingBlock,202.508301,5633.37988,1,43,43,53,7,0,0,-531.208679,-1824.52148,23.4787884,-0.941376209,0.236783877,-0.235999763,-0.0452575013
2026,0,54b24045-e039-40ee-9ba6-824dbdc42f9e,StartingBlock,202.608398,5633.47998,1,43,43,53,7,0,0,-535.470215,-1822.3512,16.7123299,-0.941388071,0.236765116,-0.235981375,-0.0452076718
2027,0,54b24045-e039-40ee-9ba6-824dbdc42f9e,StartingBlock,202.708496,5633.58008,1,43,43,53,7,0,0,-539.712646,-1820.13733,9.94534492,-0.941387892,0.236776963,-0.235971853,-0.0451978669
2028,0,54b24045-e039-40ee-9ba6-824dbdc42f9e,StartingBlock,202.808105,5633.67969,1,43,43,53,7,0,0,-543.935791,-1817.87988,3.17799425,-0.941406906,0.236732617,-0.235944018,-0.0451791622
2029,0,54b24045-e039-40ee-9ba6-824dbdc42f9e,StartingBlock,202.908203,5633.77979,1,43,43,53,7,0,0,-548.139404,-1815.57898,-3.58943439,-0.941413522,0.236717552,-0.235934913,-0.0451674089
2030,0,54b24045-e039-40ee-9ba6-824dbdc42f9e,StartingBlock,203.008301,5633.87988,1,43,43,53,7,0,0,-552.323364,-1813.23462,-10.3567028,-0.941411078,0.2367066,-0.235950723,-0.0451926515
2031,0,54b24045-e039-40ee-9ba6-824dbdc42f9e,StartingBlock,203.108398,5633.97998,1,43,43,53,7,0,0,-556.487549,-1810.84705,-17.1235294,-0.941411436,0.236721426,-0.235942781,-0.0451495908
2032,0,54b24045-e039-40ee-9ba6-824dbdc42f9e,StartingBlock,203.208496,5634.08008,1,43,43,53,7,0,0,-560.631836,-1808.41589,-23.8897705,-0.941419542,0.236676618,-0.235951364,-0.045169346
2033,0,54b24045-e039-40ee-9ba6-824dbdc42f9e,StartingBlock,203.308105,5634.17969,1,43,43,53,7,0,0,-564.755981,-1805.94153,-30.6550941,-0.941413701,0.236676767,-0.235977426,-0.0451556183
2034,0,54b24045-e039-40ee-9ba6-824dbdc42f9e,StartingBlock,203.408203,5634.27979,1,43,43,53,7,0,0,-568.859741,-1803.42395,-37.4192848,-0.941422641,0.236660257,-0.235954627,-0.0451760739
2035,0,54b24045-e039-40ee-9ba6-824dbdc42f9e,StartingBlock,203.508301,5634.37988,1,43,43,53,7,0,0,-572.943115,-1800.86328,-44.1820602,-0.941427588,0.236663073,-0.235935852,-0.0451563112
2036,0,54b24045-e039-40ee-9ba6-824dbdc42f9e,StartingBlock,203.608398,5634.47998,1,43,43,53,7,0,0,-577.005798,-1798.25952,-50.9432068,-0.941425502,0.236682475,-0.235921532,-0.0451724641
2037,0,54b24045-e039-40ee-9ba6-824dbdc42f9e,StartingBlock,203.708496,5634.58008,1,43,43,53,7,0,0,-581.047729,-1795.61267,-57.7024994,-0.941429257,0.236680701,-0.235913947,-0.0451438017
2038,0,54b24045-e039-40ee-9ba6-824dbdc42f9e,StartingBlock,203.808105,5634.67969,1,43,43,53,7,0,0,-585.068726,-1792.92273,-64.4597244,-0.941447079,0.236631081,-0.235901818,-0.0450953357
2039,0,54b24045-e039-40ee-9ba6-824dbdc42f9e,StartingBlock,203.908203,5634.77979,1,43,43,53,7,0,0,-589.068604,-1790.18982,-71.2145767,-0.941439271,0.236668274,-0.23588033,-0.0451746732
2040,0,54b24045-e039-40ee-9ba6-824dbdc42f9e,StartingBlock,204.008301,5634.87988,1,43,43,53,7,0,0,-593.047241,-1787.41394,-77.9668427,-0.941451609,0.236631498,-0.235872433,-0.045151893
2041,0,54b24045-e039-40ee-9ba6-824dbdc42f9e,StartingBlock,204.108398,5634.97998,1,43,43,53,7,0,0,-597.004456,-1784.59534,-84.7162094,-0.941444635,0.236644268,-0.235891819,-0.0451290198
2042,0,54b24045-e039-40ee-9ba6-824dbdc42f9e,StartingBlock,204.208496,5635.08008,1,43,43,53,7,0,0,-600.940063,-1781.73401,-91.4625168,-0.941445708,0.236628115,-0.235903606,-0.0451290607
2043,0,54b24045-e039-40ee-9ba6-824dbdc42f9e,StartingBlock,204.308105,5635.17969,1,43,43,53,7,0,0,-604.853943,-1778.83008,-98.2054825,-0.941450179,0.236607522,-0.235910118,-0.0451105349
2044,0,54b24045-e039-40ee-9ba6-824dbdc42f9e,StartingBlock,204.408203,5635.27979,1,43,43,53,7,0,0,-608.745911,-1775.88354,-104.944923,-0.941467583,0.236558855,-0.235884145,-0.0451364294
2045,0,54b24045-e039-40ee-9ba6-824dbdc42f9e,StartingBlock,204.508301,5635.37988,1,43,43,53,7,0,0,-612.615784,-1772.89465,-111.68042,-0.94147104,0.236567348,-0.235871553,-0.0450879708
2046,0,54b24045-e039-40ee-9ba6-824dbdc42f9e,StartingBlock,204.608398,5635.47998,1,43,43,53,7,0,0,-616.463501,-1769.86328,-118.411896,-0.941474855,0.236566365,-0.235856399,-0.0450911969
2047,0,54b24045-e039-40ee-9ba6-824dbdc42f9e,StartingBlock,204.708496,5635.58008,1,43,43,53,7,0,0,-620.288879,-1766.78943,-125.139053,-0.941477537,0.236553103,-0.235853121,-0.0451222546
2048,0,54b24045-e039-40ee-9ba6-824dbdc42f9e,StartingBlock,204.808105,5635.67969,1,43,43,53,7,0,0,-624.091675,-1763.67334,-131.861649,-0.941482902,0.236545235,-0.235841706,-0.0451112725
2049,0,54b24045-e039-40ee-9ba6-824dbdc42f9e,StartingBlock,204.908203,5635.77979,1,43,43,53,7,0,0,-627.871826,-1760.51514,-138.579422,-0.941479027,0.236534908,-0.235868409,-0.0451072231
2050,0,54b24045-e039-40ee-9ba6-824dbdc42f9e,StartingBlock,205.008301,5635.87988,1,43,43,53,7,0,0,-631.62915,-1757.31482,-145.292114,-0.941489041,0.236515701,-0.23585476,-0.0450707451
2051,0,54b24045-e039-40ee-9ba6-824dbdc42f9e,StartingBlock,205.108398,5635.97998,1,43,43,53,7,0,0,-635.363525,-1754.07251,-151.999496,-0.941486835,0.236505359,-0.235873669,-0.0450713038
2052,0,54b24045-e039-40ee-9ba6-824dbdc42f9e,StartingBlock,205.208496,5636.08008,1,43,43,53,7,0,0,-639.074829,-1750.78833,-158.701279,-0.941472888,0.23653397,-0.235896826,-0.0450918637
2053,0,54b24045-e039-40ee-9ba6-824dbdc42f9e,StartingBlock,205.308105,5636.17969,1,43,43,53,7,0,0,-642.762817,-1747.4624,-165.397278,-0.941476464,0.236513466,-0.23590757,-0.0450689495
2054,0,54b24045-e039-40ee-9ba6-824dbdc42f9e,StartingBlock,205.408203,5636.27979,1,43,43,53,7,0,0,-646.427307,-1744.09473,-172.087158,-0.941466987,0.236535549,-0.235918835,-0.045090843
2055,0,54b24045-e039-40ee-9ba6-824dbdc42f9e,StartingBlock,205.508301,5636.37988,1,43,43,53,7,0,0,-650.068298,-1740.68542,-178.770798,-0.941468477,0.236518666,-0.235933959,-0.0450696945
2056,0,54b24045-e039-40ee-9ba6-824dbdc42f9e,StartingBlock,205.608398,5636.47998,1,43,43,53,7,0,0,-653.685547,-1737.23462,-185.447876,-0.9414801,0.236496583,-0.235916242,-0.0450354256
2057,0,54b24045-e039-40ee-9ba6-824dbdc42f9e,StartingBlock,205.708496,5636.58008,1,43,43,53,7,0,0,-657.27887,-1733.74231,-192.11821,-0.941494107,0.236444563,-0.235913381,-0.0450315624
2058,0,54b24045-e039-40ee-9ba6-824dbdc42f9e,StartingBlock,205.808105,5636.67969,1,43,43,53,7,0,0,-660.848267,-1730.20874,-198.781464,-0.941494346,0.236433387,-0.23592265,-0.0450353995
2059,0,54b24045-e039-40ee-9ba6-824dbdc42f9e,StartingBlock,205.908203,5636.77979,1,43,43,53,7,0,0,-664.393494,-1726.63403,-205.437408,-0.941497207,0.236442268,-0.23590377,-0.0450271741
2060,0,54b24045-e039-40ee-9ba6-824dbdc42f9e,StartingBlock,206.008301,5636.87988,1,43,43,53,7,0,0,-667.914429,-1723.01819,-212.085815,-0.941498876,0.236431465,-0.235912815,-0.045001287
2061,0,54b24045-e039-40ee-9ba6-824dbdc42f9e,StartingBlock,206.108398,5636.97998,1,43,43,53,7,0,0,-671.41095,-1719.36121,-218.72644,-0.941500843,0.236404523,-0.235926926,-0.045028992
2062,0,54b24045-e039-40ee-9ba6-824dbdc42f9e,StartingBlock,206.208496,5637.08008,1,43,43,53,7,0,0,-674.882813,-1715.6637,-225.358978,-0.941495061,0.236435145,-0.235926852,-0.0449902229
2063,0,54b24045-e039-40ee-9ba6-824dbdc42f9e,StartingBlock,206.308105,5637.17969,1,43,43,53,7,0,0,-678.330017,-1711.92517,-231.983261,-0.941497326,0.236434549,-0.235913575,-0.0450156331
2064,0,54b24045-e039-40ee-9ba6-824dbdc42f9e,StartingBlock,206.408203,5637.27979,1,43,43,53,7,0,0,-681.75238,-1708.146,-238.599045,-0.941498935,0.236421168,-0.235919803,-0.0450185761
2065,0,54b24045-e039-40ee-9ba6-824dbdc42f9e,StartingBlock,206.508301,5637.37988,1,43,43,53,7,0,0,-685.149658,-1704.32629,-245.206039,-0.941504359,0.236412793,-0.23591195,-0.0449912958
2066,0,54b24045-e039-40ee-9ba6-824dbdc42f9e,StartingBlock,206.608398,5637.47998,1,43,43,53,7,0,0,-688.521973,-1700.46619,-251.80397,-0.941502631,0.236411333,-0.235917643,-0.0450054891
2067,0,54b24045-e039-40ee-9ba6-824dbdc42f9e,StartingBlock,206.708496,5637.58008,1,43,43,53,7,0,0,-691.868958,-1696.5658,-258.392761,-0.941524327,0.23635675,-0.235885173,-0.0450083949
2068,0,54b24045-e039-40ee-9ba6-824dbdc42f9e,StartingBlock,206.808105,5637.67969,1,43,43,53,7,0,0,-695.190491,-1692.62524,-264.971985,-0.941532969,0.236336127,-0.235876679,-0.0449800156
2069,0,54b24045-e039-40ee-9ba6-824dbdc42f9e,StartingBlock,206.908203,5637.77979,1,43,43,53,7,0,0,-698.486511,-1688.64465,-271.541443,-0.941547096,0.236314505,-0.235842094,-0.0449799933
2070,0,54b24045-e039-40ee-9ba6-824dbdc42f9e,StartingBlock,207.008301,5637.87988,1,43,43,53,7,0,0,-701.756897,-1684.62427,-278.100861,-0.941536546,0.236348793,-0.235843509,-0.045011878
2071,0,54b24045-e039-40ee-9ba6-824dbdc42f9e,StartingBlock,207.108398,5637.97998,1,43,43,53,7,0,0,-705.001404,-1680.56384,-284.650024,-0.941539943,0.236334056,-0.235859722,-0.0449347533
2072,0,54b24045-e039-40ee-9ba6-824dbdc42f9e,StartingBlock,207.208496,5638.08008,1,43,43,53,7,0,0,-708.220093,-1676.46387,-291.188751,-0.941532552,0.236340076,-0.235876158,-0.0449708961
2073,0,54b24045-e039-40ee-9ba6-824dbdc42f9e,StartingBlock,207.308105,5638.17969,1,43,43,53,7,0,0,-711.412598,-1672.32434,-297.716705,-0.941550016,0.23630026,-0.235853508,-0.0449323207
2074,0,54b24045-e039-40ee-9ba6-824dbdc42f9e,StartingBlock,207.408203,5638.27979,1,43,43,53,7,0,0,-714.578979,-1668.14539,-304.233643,-0.941548586,0.236288637,-0.235870078,-0.0449370854
2075,0,54b24045-e039-40ee-9ba6-824dbdc42f9e,StartingBlock,207.508301,5638.37988,1,43,43,53,7,0,0,-717.719116,-1663.92725,-310.73941,-0.941543639,0.236300617,-0.235875785,-0.0449473858
2076,0,54b24045-e039-40ee-9ba6-824dbdc42f9e,StartingBlock,207.608398,5638.47998,1,43,43,53,7,0,0,-720.832703,-1659.67004,-317.233612,-0.941544831,0.23629728,-0.235876381,-0.0449348763
2077,0,54b24045-e039-40ee-9ba6-824dbdc42f9e,StartingBlock,207.708496,5638.58008,1,43,43,53,7,0,0,-723.919739,-1655.3739,-323.716156,-0.941548347,0.236288369,-0.235874608,-0.0449192226
2078,0,54b24045-e039-40ee-9ba6-824dbdc42f9e,StartingBlock,207.808105,5638.67969,1,43,43,53,7,0,0,-726.980042,-1651.03882,-330.186676,-0.941555798,0.236265898,-0.2358751,-0.0448776931
2079,0,54b24045-e039-40ee-9ba6-824dbdc42f9e,StartingBlock,207.908203,5638.77979,1,43,43,53,7,0,0,-730.01355,-1646.66504,-336.64505,-0.941559017,0.236233652,-0.235893548,-0.04488324
2080,0,54b24045-e039-40ee-9ba6-824dbdc42f9e,StartingBlock,208.008301,5638.87988,1,43,43,53,7,0,0,-733.020203,-1642.25293,-343.090912,-0.941548347,0.236257389,-0.235909045,-0.0449025072
2081,0,54b24045-e039-40ee-9ba6-824dbdc42f9e,StartingBlock,208.108398,5638.97998,1,43,43,53,7,0,0,-735.999695,-1637.80237,-349.524139,-0.941559315,0.236239493,-0.235880896,-0.0449132808
2082,0,54b24045-e039-40ee-9ba6-824dbdc42f9e,StartingBlock,208.208496,5639.08008,1,43,43,53,7,0,0,-738.952026,-1633.3136,-355.944458,-0.941562653,0.236206248,-0.235905394,-0.0448904112
2083,0,54b24045-e039-40ee-9ba6-824dbdc42f9e,StartingBlock,208.308105,5639.17969,1,43,43,53,7,0,0,-741.877197,-1628.78662,-362.351563,-0.941554904,0.236225799,-0.235914737,-0.0449011251
2084,0,54b24045-e039-40ee-9ba6-824dbdc42f9e,StartingBlock,208.408203,5639.27979,1,43,43,53,7,0,0,-744.774841,-1624.2218,-368.7453,-0.941565752,0.236225739,-0.235868633,-0.0449144542
2085,0,54b24045-e039-40ee-9ba6-824dbdc42f9e,StartingBlock,208.508301,5639.37988,1,43,43,53,7,0,0,-747.644958,-1619.61926,-375.125336,-0.941572905,0.23621133,-0.235859036,-0.0448904485
2086,0,54b24045-e039-40ee-9ba6-824dbdc42f9e,StartingBlock,208.608398,5639.47998,1,43,43,53,7,0,0,-750.487488,-1614.979,-381.491516,-0.941589177,0.236169785,-0.235836759,-0.0448865816
2087,0,54b24045-e039-40ee-9ba6-824dbdc42f9e,StartingBlock,208.708496,5639.58008,1,43,43,53,7,0,0,-753.302185,-1610.30151,-387.843475,-0.941591263,0.236175492,-0.235828117,-0.0448569432
2088,0,54b24045-e039-40ee-9ba6-824dbdc42f9e,StartingBlock,208.808105,5639.67969,1,43,43,53,7,0,0,-756.08905,-1605.58667,-394.181183,-0.941591918,0.236190557,-0.235807195,-0.0448735841
2089,0,54b24045-e039-40ee-9ba6-824dbdc42f9e,StartingBlock,208.908203,5639.77979,1,43,43,53,7,0,0,-758.847961,-1600.83472,-400.504242,-0.941595793,0.236182705,-0.235793635,-0.0449069813
2090,0,54b24045-e039-40ee-9ba6-824dbdc42f9e,StartingBlock,209.008301,5639.87988,1,43,43,53,7,0,0,-761.578796,-1596.04578,-406.812408,-0.941590071,0.236181185,-0.235812336,-0.044936724
2091,0,54b24045-e039-40ee-9ba6-824dbdc42f9e,StartingBlock,209.108398,5639.97998,1,43,43,53,7,0,0,-764.281494,-1591.21985,-413.10556,-0.941602409,0.236127749,-0.235827029,-0.0448789448
2092,0,54b24045-e039-40ee-9ba6-824dbdc42f9e,StartingBlock,209.208496,5640.08008,1,43,43,53,7,0,0,-766.955811,-1586.35742,-419.383392,-0.941596985,0.236139372,-0.23583436,-0.0448937081
2093,0,54b24045-e039-40ee-9ba6-824dbdc42f9e,StartingBlock,209.308105,5640.17969,1,43,43,53,7,0,0,-769.601746,-1581.45862,-425.645691,-0.941622257,0.236070022,-0.23580569,-0.0448785387
2094,0,54b24045-e039-40ee-9ba6-824dbdc42f9e,StartingBlock,209.408203,5640.27979,1,43,43,53,7,0,0,-772.219177,-1576.52356,-431.892151,-0.941630483,0.236071557,-0.235778689,-0.0448407419
2095,0,54b24045-e039-40ee-9ba6-824dbdc42f9e,StartingBlock,209.508301,5640.37988,1,43,43,53,7,0,0,-774.808044,-1571.55249,-438.122528,-0.941632032,0.236092448,-0.235748276,-0.0448584557
2096,0,54b24045-e039-40ee-9ba6-824dbdc42f9e,StartingBlock,209.608398,5640.47998,1,43,43,53,7,0,0,-777.368103,-1566.54541,-444.336639,-0.94162935,0.236102551,-0.235751867,-0.0448424518
2097,0,54b24045-e039-40ee-9ba6-824dbdc42f9e,StartingBlock,209.708496,5640.58008,1,43,43,53,7,0,0,-779.899353,-1561.50256,-450.534363,-0.941643238,0.236065552,-0.235735446,-0.0448325314
2098,0,54b24045-e039-40ee-9ba6-824dbdc42f9e,StartingBlock,209.808105,5640.67969,1,43,43,53,7,0,0,-782.401794,-1556.42407,-456.715302,-0.941640437,0.236080095,-0.235727549,-0.0448565148
2099,0,54b24045-e039-40ee-9ba6-824dbdc42f9e,StartingBlock,209.908203,5640.77979,1,43,43,53,7,0,0,-784.875122,-1551.31042,-462.879303,-0.94165355,0.236033142,-0.235721171,-0.0448618904
2100,0,54b24045-e039-40ee-9ba6-824dbdc42f9e,StartingBlock,210.008301,5640.87988,1,43,43,53,7,0,0,-787.319458,-1546.1615,-469.026062,-0.941657424,0.236041442,-0.235699221,-0.0448511913
2101,0,54b24045-e039-40ee-9ba6-824dbdc42f9e,StartingBlock,210.108398,5640.97998,1,43,43,53,7,0,0,-789.734497,-1540.97754,-475.155457,-0.94167614,0.235989779,-0.23568283,-0.0448171794
2102,0,54b24045-e039-40ee-9ba6-824dbdc42f9e,StartingBlock,210.208496,5641.08008,1,43,43,53,7,0,0,-792.120239,-1535.75903,-481.26712,-0.94166559,0.236029848,-0.235684872,-0.0448170379
2103,0,54b24045-e039-40ee-9ba6-824dbdc42f9e,StartingBlock,210.308105,5641.17969,1,43,43,53,7,0,0,-794.476563,-1530.50574,-487.360992,-0.94167161,0.236016929,-0.235668004,-0.044847101
2104,0,54b24045-e039-40ee-9ba6-824dbdc42f9e,StartingBlock,210.408203,5641.27979,1,43,43,53,7,0,0,-796.803528,-1525.21777,-493.436737,-0.941675723,0.235989168,-0.235681668,-0.0448350757
2105,0,54b24045-e039-40ee-9ba6-824dbdc42f9e,StartingBlock,210.508301,5641.37988,1,43,43,53,7,0,0,-799.10083,-1519.89575,-499.494171,-0.941678822,0.235987544,-0.235673353,-0.0448209047
2106,0,54b24045-e039-40ee-9ba6-824dbdc42f9e,StartingBlock,210.608398,5641.47998,1,43,43,53,7,0,0,-801.368591,-1514.53967,-505.53302,-0.941688597,0.235952407,-0.235669002,-0.0448239855
2107,0,54b24045-e039-40ee-9ba6-824dbdc42f9e,StartingBlock,210.708496,5641.58008,1,43,43,53,7,0,0,-803.606567,-1509.14966,-511.553101,-0.941704512,0.235935494,-0.235630125,-0.0447845049
2108,0,54b24045-e039-40ee-9ba6-824dbdc42f9e,StartingBlock,210.808105,5641.67969,1,43,43,53,7,0,0,-805.814636,-1503.7262,-517.554138,-0.941687465,0.23597461,-0.235655338,-0.0448044054
2109,0,54b24045-e039-40ee-9ba6-824dbdc42f9e,StartingBlock,210.908203,5641.77979,1,43,43,53,7,0,0,-807.992798,-1498.26904,-523.536011,-0.941710174,0.235909775,-0.235634848,-0.0447756201
2110,0,54b24045-e039-40ee-9ba6-824dbdc42f9e,StartingBlock,211.008301,5641.87988,1,43,43,53,7,0,0,-810.140991,-1492.77869,-529.498291,-0.941707432,0.235914573,-0.235636011,-0.0448015295
2111,0,54b24045-e039-40ee-9ba6-824dbdc42f9e,StartingBlock,211.108398,5641.97998,1,43,43,53,7,0,0,-812.259155,-1487.25537,-535.440979,-0.941705167,0.235943183,-0.235612363,-0.0448225215
2112,0,54b24045-e039-40ee-9ba6-824dbdc42f9e,StartingBlock,211.208496,5642.08008,1,43,43,53,7,0,0,-814.347046,-1481.69934,-541.36377,-0.941695452,0.235974625,-0.235612229,-0.04486176
2113,0,54b24045-e039-40ee-9ba6-824dbdc42f9e,StartingBlock,211.308105,5642.17969,1,43,43,53,7,0,0,-816.404785,-1476.11047,-547.266418,-0.94170177,0.235955879,-0.235610649,-0.0448347144
2114,0,54b24045-e039-40ee-9ba6-824dbdc42f9e,StartingBlock,211.408203,5642.27979,1,43,43,53,7,0,0,-818.43219,-1470.48914,-553.148804,-0.941702604,0.235944912,-0.235609621,-0.0448806435
2115,0,54b24045-e039-40ee-9ba6-824dbdc42f9e,StartingBlock,211.508301,5642.37988,1,43,43,53,7,0,0,-820.429199,-1464.83557,-559.010559,-0.941716015,0.235901326,-0.235603854,-0.0448590629
2116,0,54b24045-e039-40ee-9ba6-824dbdc42f9e,StartingBlock,211.608398,5642.47998,1,43,43,53,7,0,0,-822.395813,-1459.15015,-564.851501,-0.941712141,0.235906377,-0.235621125,-0.0448227301
2117,0,54b24045-e039-40ee-9ba6-824dbdc42f9e,StartingBlock,211.708496,5642.58008,1,43,43,53,7,0,0,-824.331909,-1453.43274,-570.671509,-0.941723347,0.235866308,-0.235618502,-0.0448119529
2118,0,54b24045-e039-40ee-9ba6-824dbdc42f9e,StartingBlock,211.808105,5642.67969,1,43,43,53,7,0,0,-826.237427,-1447.68384,-576.470337,-0.941716969,0.235872194,-0.235634863,-0.0448304638
2119,0,54b24045-e039-40ee-9ba6-824dbdc42f9e,StartingBlock,211.908203,5642.77979,1,43,43,53,7,0,0,-828.112244,-1441.90356,-582.247742,-0.941719294,0.235886022,-0.235619888,-0.0447868519
2120,0,54b24045-e039-40ee-9ba6-824dbdc42f9e,StartingBlock,212.008301,5642.87988,1,43,43,53,7,0,0,-829.956299,-1436.09204,-588.003479,-0.941736281,0.235824332,-0.235615641,-0.0447770357
2121,0,54b24045-e039-40ee-9ba6-824dbdc42f9e,StartingBlock,212.108398,5642.97998,1,43,43,53,7,0,0,-831.769531,-1430.24976,-593.737305,-0.941726565,0.235847846,-0.235622972,-0.0448186547
2122,0,54b24045-e039-40ee-9ba6-824dbdc42f9e,StartingBlock,212.208496,5643.08008,1,43,43,53,7,0,0,-833.551941,-1424.37659,-599.44928,-0.941715062,0.235910058,-0.235606343,-0.0448194444
2123,0,54b24045-e039-40ee-9ba6-824dbdc42f9e,StartingBlock,212.308105,5643.17969,1,43,43,53,7,0,0,-835.303406,-1418.47302,-605.138855,-0.941743374,0.2358035,-0.235610202,-0.0447671413
2124,0,54b24045-e039-40ee-9ba6-824dbdc42f9e,StartingBlock,212.408203,5643.27979,1,43,43,53,7,0,0,-837.023865,-1412.53906,-610.805969,-0.941731215,0.235854134,-0.235605612,-0.0447797142
2125,0,54b24045-e039-40ee-9ba6-824dbdc42f9e,StartingBlock,212.508301,5643.37988,1,43,43,53,7,0,0,-838.713318,-1406.57507,-616.450378,-0.941740453,0.235827461,-0.235597134,-0.0447698161
2126,0,54b24045-e039-40ee-9ba6-824dbdc42f9e,StartingBlock,212.608398,5643.47998,1,43,43,53,7,0,0,-840.371643,-1400.58118,-622.071838,-0.941752315,0.235793516,-0.235582158,-0.0447784029
2127,0,54b24045-e039-40ee-9ba6-824dbdc42f9e,StartingBlock,212.708496,5643.58008,1,43,43,53,7,0,0,-841.998779,-1394.55786,-627.670288,-0.941762328,0.235770389,-0.235570237,-0.0447525531
2128,0,54b24045-e039-40ee-9ba6-824dbdc42f9e,StartingBlock,212.808105,5643.67969,1,43,43,53,7,0,0,-843.594727,-1388.50513,-633.245422,-0.941760719,0.235779569,-0.235562965,-0.0447770469
2129,0,54b24045-e039-40ee-9ba6-824dbdc42f9e,StartingBlock,212.908203,5643.77979,1,43,43,53,7,0,0,-845.159363,-1382.4231,-638.797058,-0.941765606,0.235770538,-0.235548615,-0.0447955951
2130,0,54b24045-e039-40ee-9ba6-824dbdc42f9e,StartingBlock,213.008301,5643.87988,1,43,43,53,7,0,0,-846.692627,-1376.31238,-644.324951,-0.94175607,0.235815674,-0.235536158,-0.0448253416
2131,0,54b24045-e039-40ee-9ba6-824dbdc42f9e,StartingBlock,213.108398,5643.97998,1,43,43,53,7,0,0,-848.19458,-1370.17285,-649.828979,-0.941766083,0.235812262,-0.235502839,-0.0448070727
2132,0,54b24045-e039-40ee-9ba6-824dbdc42f9e,StartingBlock,213.208496,5644.08008,1,43,43,53,7,0,0,-849.665039,-1364.00488,-655.308899,-0.941789865,0.235760242,-0.235462755,-0.0447911248
2133,0,54b24045-e039-40ee-9ba6-824dbdc42f9e,StartingBlock,213.308105,5644.17969,1,43,43,53,7,0,0,-851.104126,-1357.80872,-660.764465,-0.941784024,0.235762581,-0.235482037,-0.0448005088
2134,0,54b24045-e039-40ee-9ba6-824dbdc42f9e,StartingBlock,213.408203,5644.27979,1,43,43,53,7,0,0,-852.511536,-1351.58447,-666.195618,-0.94178009,0.235763744,-0.235503897,-0.0447632484
2135,0,54b24045-e039-40ee-9ba6-824dbdc42f9e,StartingBlock,213.508301,5644.37988,1,43,43,53,7,0,0,-853.887451,-1345.33252,-671.60199,-0.941784263,0.23575139,-0.235498235,-0.0447703041
2136,0,54b24045-e039-40ee-9ba6-824dbdc42f9e,StartingBlock,213.608398,5644.47998,1,43,43,53,7,0,0,-855.231689,-1339.0531,-676.983521,-0.941793084,0.235751525,-0.235463187,-0.0447681397
2137,0,54b24045-e039-40ee-9ba6-824dbdc42f9e,StartingBlock,213.708496,5644.58008,1,43,43,53,7,0,0,-856.544373,-1332.74634,-682.339966,-0.941800296,0.235759065,-0.235422209,-0.0447928272
2138,0,54b24045-e039-40ee-9ba6-824dbdc42f9e,StartingBlock,213.808105,5644.67969,1,43,43,53,7,0,0,-857.825256,-1326.4126,-687.671082,-0.941805601,0.23573631,-0.23542206,-0.0448016971
2139,0,54b24045-e039-40ee-9ba6-824dbdc42f9e,StartingBlock,213.908203,5644.77979,1,43,43,53,7,0,0,-859.074402,-1320.05212,-692.976807,-0.941818893,0.235715479,-0.235393643,-0.0447796583
2140,0,54b24045-e039-40ee-9ba6-824dbdc42f9e,StartingBlock,214.008301,5644.87988,1,43,43,53,7,0,0,-860.291809,-1313.66492,-698.256897,-0.941826344,0.235713199,-0.235365599,-0.0447833538
2141,0,54b24045-e039-40ee-9ba6-824dbdc42f9e,StartingBlock,214.108398,5644.97998,1,43,43,53,7,0,0,-861.477417,-1307.25146,-703.511047,-0.941823781,0.235705987,-0.235381424,-0.0447917692
2142,0,54b24045-e039-40ee-9ba6-824dbdc42f9e,StartingBlock,214.208496,5645.08008,1,43,43,53,7,0,0,-862.631165,-1300.81201,-708.739197,-0.941826344,0.235661,-0.235418811,-0.0447773859
2143,0,54b24045-e039-40ee-9ba6-824dbdc42f9e,StartingBlock,214.308105,5645.17969,1,43,43,53,7,0,0,-863.753052,-1294.34668,-713.941101,-0.941831708,0.235639989,-0.235413119,-0.0448063575
2144,0,54b24045-e039-40ee-9ba6-824dbdc42f9e,StartingBlock,214.408203,5645.27979,1,43,43,53,7,0,0,-864.842957,-1287.85583,-719.116638,-0.941830456,0.235649154,-0.235417545,-0.0447604842
2145,0,54b24045-e039-40ee-9ba6-824dbdc42f9e,StartingBlock,214.508301,5645.37988,1,43,43,53,7,0,0,-865.90094,-1281.33972,-724.265625,-0.941821396,0.235677123,-0.235423014,-0.0447746441
2146,0,54b24045-e039-40ee-9ba6-824dbdc42f9e,StartingBlock,214.608398,5645.47998,1,43,43,53,7,0,0,-866.927002,-1274.79846,-729.387756,-0.941837549,0.235654429,-0.235388964,-0.0447344519
2147,0,54b24045-e039-40ee-9ba6-824dbdc42f9e,StartingBlock,214.708496,5645.58008,1,43,43,53,7,0,0,-867.921021,-1268.2323,-734.483032,-0.941833198,0.23565957,-0.235396445,-0.0447583012
2148,0,54b24045-e039-40ee-9ba6-824dbdc42f9e,StartingBlock,214.808105,5645.67969,1,43,43,53,7,0,0,-868.882996,-1261.64172,-739.551086,-0.941830993,0.235652581,-0.235404402,-0.0447990559
2149,0,54b24045-e039-40ee-9ba6-824dbdc42f9e,StartingBlock,214.908203,5645.77979,1,43,43,53,7,0,0,-869.812927,-1255.02673,-744.591858,-0.941840351,0.235617399,-0.235404536,-0.0447881743
2150,0,54b24045-e039-40ee-9ba6-824dbdc42f9e,StartingBlock,215.008301,5645.87988,1,43,43,53,7,0,0,-870.710754,-1248.3877,-749.605225,-0.941838503,0.23565039,-0.235383883,-0.0447613634
2151,0,54b24045-e039-40ee-9ba6-824dbdc42f9e,StartingBlock,215.108398,5645.97998,1,43,43,53,7,0,0,-871.576538,-1241.72485,-754.590881,-0.94184339,0.235621825,-0.235394359,-0.044752907
2152,0,54b24045-e039-40ee-9ba6-824dbdc42f9e,StartingBlock,215.208496,5646.08008,1,43,43,53,7,0,0,-872.410217,-1235.03845,-759.548706,-0.941843688,0.23562485,-0.235388145,-0.0447651297
2153,0,54b24045-e039-40ee-9ba6-824dbdc42f9e,StartingBlock,215.308105,5646.17969,1,43,43,53,7,0,0,-873.211731,-1228.32874,-764.478577,-0.941844225,0.235647708,-0.235364377,-0.0447573587
2154,0,54b24045-e039-40ee-9ba6-824dbdc42f9e,StartingBlock,215.408203,5646.27979,1,43,43,53,7,0,0,-873.98114,-1221.59595,-769.38031,-0.941842973,0.235658169,-0.235358387,-0.0447605848
2155,0,54b24045-e039-40ee-9ba6-824dbdc42f9e,StartingBlock,215.508301,5646.37988,1,43,43,53,7,0,0,-874.718323,-1214.84033,-774.253601,-0.941845298,0.235631168,-0.235375375,-0.0447654165
2156,0,54b24045-e039-40ee-9ba6-824dbdc42f9e,StartingBlock,215.608398,5646.47998,1,43,43,53,7,0,0,-875.423401,-1208.06226,-779.098511,-0.941849053,0.235628054,-0.235363349,-0.0447661988
2157,0,54b24045-e039-40ee-9ba6-824dbdc42f9e,StartingBlock,215.708496,5646.58008,1,43,43,53,7,0,0,-876.096191,-1201.26184,-783.914673,-0.941856027,0.235642612,-0.235324532,-0.0447467677
2158,0,54b24045-e039-40ee-9ba6-824dbdc42f9e,StartingBlock,215.808105,5646.67969,1,43,43,53,7,0,0,-876.736816,-1194.43945,-788.702026,-0.941866398,0.235619411,-0.235302269,-0.0447678268
2159,0,54b24045-e039-40ee-9ba6-824dbdc42f9e,StartingBlock,215.908203,5646.77979,1,43,43,53,7,0,0,-877.345215,-1187.59534,-793.460388,-0.941885829,0.235585138,-0.235262558,-0.0447477512
2160,0,54b24045-e039-40ee-9ba6-824dbdc42f9e,StartingBlock,216.008301,5646.87988,1,43,43,53,7,0,0,-877.921387,-1180.72974,-798.189575,-0.941876471,0.235622644,-0.235257596,-0.0447732359
2161,0,54b24045-e039-40ee-9ba6-824dbdc42f9e,StartingBlock,216.108398,5646.97998,1,43,43,53,7,0,0,-878.465332,-1173.8429,-802.889465,-0.941884577,0.235597774,-0.235250622,-0.0447708927
2162,0,54b24045-e039-40ee-9ba6-824dbdc42f9e,StartingBlock,216.208496,5647.08008,1,43,43,53,7,0,0,-878.977112,-1166.93506,-807.559875,-0.941888869,0.235596552,-0.235234171,-0.0447730124
2163,0,54b24045-e039-40ee-9ba6-824dbdc42f9e,StartingBlock,216.308105,5647.17969,1,43,43,53,7,0,0,-879.456543,-1160.00671,-812.200623,-0.941882968,0.235645115,-0.235200912,-0.0448158644
2164,0,54b24045-e039-40ee-9ba6-824dbdc42f9e,StartingBlock,216.408203,5647.27979,1,43,43,53,7,0,0,-879.90387,-1153.05762,-816.811707,-0.941891849,0.235590428,-0.23521705,-0.0448327586
2165,0,54b24045-e039-40ee-9ba6-824dbdc42f9e,StartingBlock,216.508301,5647.37988,1,43,43,53,7,0,0,-880.318909,-1146.0885,-821.3927,-0.941898942,0.23559545,-0.23518531,-0.0448227748
2166,0,54b24045-e039-40ee-9ba6-824dbdc42f9e,StartingBlock,216.608398,5647.47998,1,43,43,53,7,0,0,-880.701782,-1139.09961,-825.943665,-0.941904426,0.235594288,-0.235157743,-0.0448584929
2167,0,54b24045-e039-40ee-9ba6-824dbdc42f9e,StartingBlock,216.708496,5647.58008,1,43,43,53,7,0,0,-881.052307,-1132.09094,-830.464355,-0.941916525,0.235555828,-0.23515527,-0.0448193364
2168,0,54b24045-e039-40ee-9ba6-824dbdc42f9e,StartingBlock,216.808105,5647.67969,1,43,43,53,7,0,0,-881.370728,-1125.06287,-834.954773,-0.941912532,0.235598013,-0.235127375,-0.0448286794
2169,0,54b24045-e039-40ee-9ba6-824dbdc42f9e,StartingBlock,216.908203,5647.77979,1,43,43,53,7,0,0,-881.656921,-1118.01575,-839.41449,-0.941911161,0.235599115,-0.235128403,-0.0448448956
2170,0,54b24045-e039-40ee-9ba6-824dbdc42f9e,StartingBlock,217.008301,5647.87988,1,43,43,53,7,0,0,-881.910889,-1110.94983,-843.843628,-0.941923797,0.235575229,-0.235105455,-0.0448267497
2171,0,54b24045-e039-40ee-9ba6-824dbdc42f9e,StartingBlock,217.108398,5647.97998,1,43,43,53,7,0,0,-882.13269,-1103.86536,-848.241882,-0.941935182,0.235539258,-0.235103711,-0.0447848886
2172,0,54b24045-e039-40ee-9ba6-824dbdc42f9e,StartingBlock,217.208496,5648.08008,1,43,43,53,7,0,0,-882.322266,-1096.76257,-852.609253,-0.941934764,0.235539407,-0.235101148,-0.044805076
2173,0,54b24045-e039-40ee-9ba6-824dbdc42f9e,StartingBlock,217.308105,5648.17969,1,43,43,53,7,0,0,-882.479736,-1089.6416,-856.945435,-0.941929519,0.235558167,-0.235102281,-0.0448123626
2174,0,54b24045-e039-40ee-9ba6-824dbdc42f9e,StartingBlock,217.408203,5648.27979,1,43,43,53,7,0,0,-882.60498,-1082.50293,-861.250366,-0.941940308,0.235541552,-0.235082939,-0.0447728597
2175,0,54b24045-e039-40ee-9ba6-824dbdc42f9e,StartingBlock,217.508301,5648.37988,1,43,43,53,7,0,0,-882.69812,-1075.34668,-865.523987,-0.941926897,0.2355773,-0.235093608,-0.0448121168
2176,0,54b24045-e039-40ee-9ba6-824dbdc42f9e,StartingBlock,217.608398,5648.47998,1,43,43,53,7,0,0,-882.759033,-1068.17322,-869.765991,-0.941938162,0.235545799,-0.235083595,-0.0447931141
2177,0,54b24045-e039-40ee-9ba6-824dbdc42f9e,StartingBlock,217.708496,5648.58008,1,43,43,53,7,0,0,-882.787903,-1060.98291,-873.97644,-0.941935182,0.235563248,-0.235074952,-0.0448100194
2178,0,54b24045-e039-40ee-9ba6-824dbdc42f9e,StartingBlock,217.808105,5648.67969,1,43,43,53,7,0,0,-882.784668,-1053.776,-878.155029,-0.941940427,0.235577539,-0.235041544,-0.0447988473
2179,0,54b24045-e039-40ee-9ba6-824dbdc42f9e,StartingBlock,217.908203,5648.77979,1,43,43,53,7,0,0,-882.749329,-1046.55261,-882.301697,-0.941945434,0.235553607,-0.235045731,-0.0447974652
2180,0,54b24045-e039-40ee-9ba6-824dbdc42f9e,StartingBlock,218.008301,5648.87988,1,43,43,53,7,0,0,-882.682068,-1039.31299,-886.41626,-0.941936731,0.23557362,-0.235050544,-0.0448497906
2181,0,54b24045-e039-40ee-9ba6-824dbdc42f9e,StartingBlock,218.108398,5648.97998,1,43,43,53,7,0,0,-882.582642,-1032.05762,-890.498657,-0.941936076,0.235591874,-0.235040113,-0.0448218957
2182,0,54b24045-e039-40ee-9ba6-824dbdc42f9e,StartingBlock,218.208496,5649.08008,1,43,43,53,7,0,0,-882.451294,-1024.78662,-894.548828,-0.941938877,0.235576525,-0.235041767,-0.0448367558
2183,0,54b24045-e039-40ee-9ba6-824dbdc42f9e,StartingBlock,218.308105,5649.17969,1,43,43,53,7,0,0,-882.287964,-1017.50031,-898.566589,-0.941939533,0.235571951,-0.235043615,-0.0448374487
2184,0,54b24045-e039-40ee-9ba6-824dbdc42f9e,StartingBlock,218.408203,5649.27979,1,43,43,53,7,0,0,-882.092651,-1010.19897,-902.551697,-0.941952288,0.235538542,-0.235030919,-0.0448111035
2185,0,54b24045-e039-40ee-9ba6-824dbdc42f9e,StartingBlock,218.508301,5649.37988,1,43,43,53,7,0,0,-881.86554,-1002.88287,-906.50415,-0.941961706,0.235524029,-0.235010341,-0.0447979197
2186,0,54b24045-e039-40ee-9ba6-824dbdc42f9e,StartingBlock,218.608398,5649.47998,1,43,43,53,7,0,0,-881.606384,-995.552307,-910.423828,-0.941972196,0.235520497,-0.23497124,-0.044800628
2187,0,54b24045-e039-40ee-9ba6-824dbdc42f9e,StartingBlock,218.708496,5649.58008,1,43,43,53,7,0,0,-881.31543,-988.20752,-914.310547,-0.941973805,0.235521451,-0.234964877,-0.0447951369
2188,0,54b24045-e039-40ee-9ba6-824dbdc42f9e,StartingBlock,218.808105,5649.67969,1,43,43,53,7,0,0,-880.992676,-980.848816,-918.164307,-0.941983283,0.235492334,-0.234953403,-0.0448081568
2189,0,54b24045-e039-40ee-9ba6-824dbdc42f9e,StartingBlock,218.908203,5649.77979,1,43,43,53,7,0,0,-880.638184,-973.476379,-921.984924,-0.941974103,0.235546097,-0.234935716,-0.0448106341
2190,0,54b24045-e039-40ee-9ba6-824dbdc42f9e,StartingBlock,219.008301,5649.87988,1,43,43,53,7,0,0,-880.251953,-966.090576,-925.772156,-0.941975176,0.23552154,-0.234952629,-0.0448294505
2191,0,54b24045-e039-40ee-9ba6-824dbdc42f9e,StartingBlock,219.108398,5649.97998,1,43,43,53,7,0,0,-879.833984,-958.691711,-929.526184,-0.941981614,0.235507607,-0.234942675,-0.0448197424
2192,0,54b24045-e039-40ee-9ba6-824dbdc42f9e,StartingBlock,219.208496,5650.08008,1,43,43,53,7,0,0,-879.384277,-951.279968,-933.246643,-0.941978991,0.235552326,-0.234914213,-0.0447887219
2193,0,54b24045-e039-40ee-9ba6-824dbdc42f9e,StartingBlock,219.308105,5650.17969,1,43,43,53,7,0,0,-878.902954,-943.855713,-936.933472,-0.941993296,0.235503599,-0.234901339,-0.0448114499
2194,0,54b24045-e039-40ee-9ba6-824dbdc42f9e,StartingBlock,219.408203,5650.27979,1,43,43,53,7,0,0,-878.390076,-936.419128,-940.586731,-0.941990614,0.235522211,-0.234894291,-0.0448075347
2195,0,54b24045-e039-40ee-9ba6-824dbdc42f9e,StartingBlock,219.508301,5650.37988,1,43,43,53,7,0,0,-877.845642,-928.97052,-944.206116,-0.941997528,0.235499695,-0.234886229,-0.0448234379
2196,0,54b24045-e039-40ee-9ba6-824dbdc42f9e,StartingBlock,219.608398,5650.47998,1,43,43,53,7,0,0,-877.269775,-921.510193,-947.791687,-0.941987097,0.235536411,-0.23488602,-0.0448498912
2197,0,54b24045-e039-40ee-9ba6-824dbdc42f9e,StartingBlock,219.708496,5650.58008,1,43,43,53,7,0,0,-876.662354,-914.038452,-951.343201,-0.941995323,0.23551482,-0.234879494,-0.0448237285
2198,0,54b24045-e039-40ee-9ba6-824dbdc42f9e,StartingBlock,219.808105,5650.67969,1,43,43,53,7,0,0,-876.023621,-906.555603,-954.860596,-0.94200629,0.23549141,-0.234855637,-0.0448416919
2199,0,54b24045-e039-40ee-9ba6-824dbdc42f9e,StartingBlock,219.908203,5650.77979,1,43,43,53,7,0,0,-875.353455,-899.061707,-958.343872,-0.942012966,0.235489026,-0.234836906,-0.0448126793
2200,0,54b24045-e039-40ee-9ba6-824dbdc42f9e,StartingBlock,220.008301,5650.87988,1,43,43,53,7,0,0,-874.652039,-891.557373,-961.792725,-0.94200778,0.235505641,-0.234841138,-0.0448116399
2201,0,54b24045-e039-40ee-9ba6-824dbdc42f9e,StartingBlock,220.108398,5650.97998,1,43,43,53,7,0,0,-873.919312,-884.042603,-965.207275,-0.942012131,0.235488221,-0.234839544,-0.0448191762
2202,0,54b24045-e039-40ee-9ba6-824dbdc42f9e,StartingBlock,220.208496,5651.08008,1,43,43,53,7,0,0,-873.155396,-876.517761,-968.587341,-0.942016006,0.235462427,-0.234851077,-0.0448155999
2203,0,54b24045-e039-40ee-9ba6-824dbdc42f9e,StartingBlock,220.308105,5651.17969,1,43,43,53,7,0,0,-872.360352,-868.983032,-971.932861,-0.942004561,0.235501319,-0.234862909,-0.0447880737
2204,0,54b24045-e039-40ee-9ba6-824dbdc42f9e,StartingBlock,220.408203,5651.27979,1,43,43,53,7,0,0,-871.534241,-861.438904,-975.243652,-0.94201684,0.235460132,-0.234849274,-0.0448179841
2205,0,54b24045-e039-40ee-9ba6-824dbdc42f9e,StartingBlock,220.508301,5651.37988,1,43,43,53,7,0,0,-870.677063,-853.885498,-978.519775,-0.942017138,0.235476822,-0.234831959,-0.0448151827
2206,0,54b24045-e039-40ee-9ba6-824dbdc42f9e,StartingBlock,220.608398,5651.47998,1,43,43,53,7,0,0,-869.788879,-846.32312,-981.760986,-0.942022085,0.235457629,-0.234834164,-0.0448000692
2207,0,54b24045-e039-40ee-9ba6-824dbdc42f9e,StartingBlock,220.708496,5651.58008,1,43,43,53,7,0,0,-868.869812,-838.752075,-984.967346,-0.942029238,0.235443488,-0.234821662,-0.0447899625
2208,0,54b24045-e039-40ee-9ba6-824dbdc42f9e,StartingBlock,220.808105,5651.67969,1,43,43,53,7,0,0,-867.919922,-831.172668,-988.138672,-0.942033887,0.2354213,-0.234821886,-0.0448073708
2209,0,54b24045-e039-40ee-9ba6-824dbdc42f9e,StartingBlock,220.908203,5651.77979,1,43,43,53,7,0,0,-866.939209,-823.585083,-991.274963,-0.942024291,0.235465959,-0.234816328,-0.0448038764
2210,0,54b24045-e039-40ee-9ba6-824dbdc42f9e,StartingBlock,221.008301,5651.87988,1,43,43,53,7,0,0,-865.927734,-815.989685,-994.376099,-0.942039132,0.235433534,-0.234787315,-0.0448129624
2211,0,54b24045-e039-40ee-9ba6-824dbdc42f9e,StartingBlock,221.108398,5651.97998,1,43,43,53,7,0,0,-864.885559,-808.386658,-997.442017,-0.942040145,0.235434577,-0.234785199,-0.0447980054
2212,0,54b24045-e039-40ee-9ba6-824dbdc42f9e,StartingBlock,221.208496,5652.08008,1,43,43,53,7,0,0,-863.812866,-800.776306,-1000.4726,-0.942034781,0.235457599,-0.234779075,-0.0448216163
2213,0,54b24045-e039-40ee-9ba6-824dbdc42f9e,StartingBlock,221.308105,5652.17969,1,43,43,53,7,0,0,-862.709595,-793.158997,-1003.46777,-0.942034364,0.235465348,-0.234776631,-0.0448027626
2214,0,54b24045-e039-40ee-9ba6-824dbdc42f9e,StartingBlock,221.408203,5652.27979,1,43,43,53,7,0,0,-861.575745,-785.534973,-1006.42749,-0.942042053,0.235451803,-0.234749347,-0.0448562093
2215,0,54b24045-e039-40ee-9ba6-824dbdc42f9e,StartingBlock,221.508301,5652.37988,1,43,43,53,7,0,0,-860.411621,-777.904358,-1009.35162,-0.942041457,0.23546721,-0.234732032,-0.0448760279
2216,0,54b24045-e039-40ee-9ba6-824dbdc42f9e,StartingBlock,221.608398,5652.47998,1,43,43,53,7,0,0,-859.217102,-770.2677,-1012.24023,-0.942047298,0.235441387,-0.234740257,-0.0448469892
2217,0,54b24045-e039-40ee-9ba6-824dbdc42f9e,StartingBlock,221.708496,5652.58008,1,43,43,53,7,0,0,-857.992371,-762.625061,-1015.09314,-0.942044616,0.235463575,-0.234729975,-0.044842016
2218,0,54b24045-e039-40ee-9ba6-824dbdc42f9e,StartingBlock,221.808105,5652.67969,1,43,43,53,7,0,0,-856.737488,-754.976746,-1017.91034,-0.942047775,0.235459879,-0.234719887,-0.0448476672
2219,0,54b24045-e039-40ee-9ba6-824dbdc42f9e,StartingBlock,221.908203,5652.77979,1,43,43,53,7,0,0,-855.452393,-747.32312,-1020.69171,-0.942041278,0.235471964,-0.234731704,-0.0448586196
2220,0,54b24045-e039-40ee-9ba6-824dbdc42f9e,StartingBlock,222.008301,5652.87988,1,43,43,53,7,0,0,-854.137329,-739.664368,-1023.43719,-0.942049563,0.235441685,-0.234721214,-0.0448986925
2221,0,54b24045-e039-40ee-9ba6-824dbdc42f9e,StartingBlock,222.108398,5652.97998,1,43,43,53,7,0,0,-852.792297,-732.000732,-1026.14685,-0.942054212,0.235451326,-0.234706014,-0.0448301174
2222,0,54b24045-e039-40ee-9ba6-824dbdc42f9e,StartingBlock,222.208496,5653.08008,1,43,43,53,7,0,0,-851.417358,-724.332642,-1028.82043,-0.94205904,0.235412955,-0.234720767,-0.0448517017
2223,0,54b24045-e039-40ee-9ba6-824dbdc42f9e,StartingBlock,222.308105,5653.17969,1,43,43,53,7,0,0,-850.012573,-716.660156,-1031.45813,-0.942050934,0.235458985,-0.234708875,-0.044843059
2224,0,54b24045-e039-40ee-9ba6-824dbdc42f9e,StartingBlock,222.408203,5653.27979,1,43,43,53,7,0,0,-848.578186,-708.983704,-1034.05969,-0.942040026,0.235468298,-0.234733462,-0.0448951274
2225,0,54b24045-e039-40ee-9ba6-824dbdc42f9e,StartingBlock,222.508301,5653.37988,1,43,43,53,7,0,0,-847.114075,-701.303467,-1036.62512,-0.942047179,0.235459626,-0.234716177,-0.0448802859
2226,0,54b24045-e039-40ee-9ba6-824dbdc42f9e,StartingBlock,222.608398,5653.47998,1,43,43,53,7,0,0,-845.620361,-693.619812,-1039.1543,-0.942056358,0.235388085,-0.234740525,-0.0449349917
2227,0,54b24045-e039-40ee-9ba6-824dbdc42f9e,StartingBlock,222.708496,5653.58008,1,43,43,53,7,0,0,-844.097229,-685.932983,-1041.64734,-0.942063212,0.235400245,-0.234710544,-0.0448857024
2228,0,54b24045-e039-40ee-9ba6-824dbdc42f9e,StartingBlock,222.808105,5653.67969,1,43,43,53,7,0,0,-842.544678,-678.243225,-1044.10388,-0.942059934,0.23542814,-0.234697029,-0.0448776633
2229,0,54b24045-e039-40ee-9ba6-824dbdc42f9e,StartingBlock,222.908203,5653.77979,1,43,43,53,7,0,0,-840.96283,-670.550781,-1046.52429,-0.942065418,0.235398278,-0.234702319,-0.0448913798
2230,0,54b24045-e039-40ee-9ba6-824dbdc42f9e,StartingBlock,223.008301,5653.87988,1,43,43,53,7,0,0,-839.351807,-662.856018,-1048.9082,-0.942061603,0.235438123,-0.234669223,-0.0449363142
2231,0,54b24045-e039-40ee-9ba6-824dbdc42f9e,StartingBlock,223.108398,5653.97998,1,43,43,53,7,0,0,-837.711609,-655.159119,-1051.25574,-0.942051888,0.235471517,-0.234675825,-0.0449298061
2232,0,54b24045-e039-40ee-9ba6-824dbdc42f9e,StartingBlock,223.208496,5654.08008,1,43,43,53,7,0,0,-836.042358,-647.460266,-1053.56677,-0.942051053,0.235483065,-0.23467049,-0.0449159816
2233,0,54b24045-e039-40ee-9ba6-824dbdc42f9e,StartingBlock,223.308105,5654.17969,1,43,43,53,7,0,0,-834.344116,-639.759949,-1055.84131,-0.942052245,0.235494897,-0.234652773,-0.0449209735
2234,0,54b24045-e039-40ee-9ba6-824dbdc42f9e,StartingBlock,223.408203,5654.27979,1,43,43,53,7,0,0,-832.616943,-632.058411,-1058.07922,-0.942074656,0.235419437,-0.234643236,-0.0448957495
2235,0,54b24045-e039-40ee-9ba6-824dbdc42f9e,StartingBlock,223.508301,5654.37988,1,43,43,53,7,0,0,-830.861145,-624.355713,-1060.28064,-0.942054331,0.235483781,-0.234653473,-0.0449322127
2236,0,54b24045-e039-40ee-9ba6-824dbdc42f9e,StartingBlock,223.608398,5654.47998,1,43,43,53,7,0,0,-829.076538,-616.652222,-1062.44543,-0.942056596,0.235493496,-0.234633103,-0.044939097
2237,0,54b24045-e039-40ee-9ba6-824dbdc42f9e,StartingBlock,223.708496,5654.58008,1,43,43,53,7,0,0,-827.263367,-608.948181,-1064.57349,-0.942078233,0.235450223,-0.234592125,-0.0449275672
2238,0,54b24045-e039-40ee-9ba6-824dbdc42f9e,StartingBlock,223.808105,5654.67969,1,43,43,53,7,0,0,-825.421753,-601.24408,-1066.66504,-0.942075491,0.235479116,-0.234570697,-0.0449443273
2239,0,54b24045-e039-40ee-9ba6-824dbdc42f9e,StartingBlock,223.908203,5654.77979,1,43,43,53,7,0,0,-823.551697,-593.539856,-1068.71985,-0.942066252,0.235523894,-0.234567329,-0.044920288
2240,0,54b24045-e039-40ee-9ba6-824dbdc42f9e,StartingBlock,224.008301,5654.87988,1,43,43,53,7,0,0,-821.65332,-585.835999,-1070.73779,-0.942072153,0.23551695,-0.234556228,-0.044892773
2241,0,54b24045-e039-40ee-9ba6-824dbdc42f9e,StartingBlock,224.108398,5654.97998,1,43,43,53,7,0,0,-819.726685,-578.132751,-1072.71899,-0.94208318,0.235442951,-0.234573737,-0.0449557528
2242,0,54b24045-e039-40ee-9ba6-824dbdc42f9e,StartingBlock,224.208496,5655.08008,1,43,43,53,7,0,0,-817.771912,-570.430237,-1074.66345,-0.942069232,0.235530034,-0.234542385,-0.0449569523
2243,0,54b24045-e039-40ee-9ba6-824dbdc42f9e,StartingBlock,224.308105,5655.17969,1,43,43,53,7,0,0,-815.789246,-562.72876,-1076.57117,-0.942080438,0.235506803,-0.234526038,-0.0449289456
2244,0,54b24045-e039-40ee-9ba6-824dbdc42f9e,StartingBlock,224.408203,5655.27979,1,43,43,53,7,0,0,-813.778625,-555.028748,-1078.44177,-0.942094982,0.235462517,-0.234498769,-0.0449975878
2245,0,54b24045-e039-40ee-9ba6-824dbdc42f9e,StartingBlock,224.508301,5655.37988,1,43,43,53,7,0,0,-811.740173,-547.330139,-1080.27576,-0.942079365,0.235543713,-0.23448272,-0.0449840687
2246,0,54b24045-e039-40ee-9ba6-824dbdc42f9e,StartingBlock,224.608398,5655.47998,1,43,43,53,7,0,0,-809.674011,-539.633606,-1082.07263,-0.942087233,0.23550351,-0.234495714,-0.0449612066
2247,0,54b24045-e039-40ee-9ba6-824dbdc42f9e,StartingBlock,224.708496,5655.58008,1,43,43,53,7,0,0,-807.5802,-531.939087,-1083.83276,-0.942089856,0.235506594,-0.234481364,-0.0449644737
2248,0,54b24045-e039-40ee-9ba6-824dbdc42f9e,StartingBlock,224.808105,5655.67969,1,43,43,53,7,0,0,-805.458984,-524.246948,-1085.55591,-0.942080915,0.235534772,-0.23448652,-0.0449794233
2249,0,54b24045-e039-40ee-9ba6-824dbdc42f9e,StartingBlock,224.908203,5655.77979,1,43,43,53,7,0,0,-803.310364,-516.557434,-1087.24207,-0.94208318,0.235549271,-0.234458342,-0.0450003147
2250,0,54b24045-e039-40ee-9ba6-824dbdc42f9e,StartingBlock,225.008301,5655.87988,1,43,43,53,7,0,0,-801.13446,-508.870911,-1088.89136,-0.942088544,0.235533968,-0.234446451,-0.0450321175
2251,0,54b24045-e039-40ee-9ba6-824dbdc42f9e,StartingBlock,225.108398,5655.97998,1,43,43,53,7,0,0,-798.931274,-501.187531,-1090.50366,-0.942094147,0.235544309,-0.234415308,-0.0450217947
2252,0,54b24045-e039-40ee-9ba6-824dbdc42f9e,StartingBlock,225.208496,5656.08008,1,43,43,53,7,0,0,-796.701111,-493.507477,-1092.07898,-0.942093432,0.235555977,-0.234402329,-0.0450441539
2253,0,54b24045-e039-40ee-9ba6-824dbdc42f9e,StartingBlock,225.308105,5656.17969,1,43,43,53,7,0,0,-794.44397,-485.831177,-1093.61731,-0.942105055,0.235519305,-0.234388158,-0.045065213
2254,0,54b24045-e039-40ee-9ba6-824dbdc42f9e,StartingBlock,225.408203,5656.27979,1,43,43,53,7,0,0,-792.159912,-478.158783,-1095.11865,-0.942103624,0.235573187,-0.234341592,-0.0450573936
2255,0,54b24045-e039-40ee-9ba6-824dbdc42f9e,StartingBlock,225.508301,5656.37988,1,43,43,53,7,0,0,-789.849121,-470.49054,-1096.58301,-0.942105949,0.235574529,-0.234339669,-0.0450115204
2256,0,54b24045-e039-40ee-9ba6-824dbdc42f9e,StartingBlock,225.608398,5656.47998,1,43,43,53,7,0,0,-787.511719,-462.826782,-1098.01025,-0.942126334,0.235512063,-0.234309733,-0.0450662784
2257,0,54b24045-e039-40ee-9ba6-824dbdc42f9e,StartingBlock,225.708496,5656.58008,1,43,43,53,7,0,0,-785.147766,-455.167603,-1099.40063,-0.942102432,0.23559384,-0.234323502,-0.0450677648
2258,0,54b24045-e039-40ee-9ba6-824dbdc42f9e,StartingBlock,225.808105,5656.67969,1,43,43,53,7,0,0,-782.757385,-447.513428,-1100.75403,-0.942103088,0.235605329,-0.234314546,-0.0450414494
2259,0,54b24045-e039-40ee-9ba6-824dbdc42f9e,StartingBlock,225.908203,5656.77979,1,43,43,53,7,0,0,-780.340759,-439.864471,-1102.07043,-0.942112684,0.235569611,-0.234305725,-0.0450730845
2260,0,54b24045-e039-40ee-9ba6-824dbdc42f9e,StartingBlock,226.008301,5656.87988,1,43,43,53,7,0,0,-777.897888,-432.220917,-1103.34973,-0.942119598,0.235541746,-0.234303728,-0.0450834781
2261,0,54b24045-e039-40ee-9ba6-824dbdc42f9e,StartingBlock,226.108398,5656.97998,1,43,43,53,7,0,0,-775.428955,-424.583008,-1104.59216,-0.94210279,0.235622168,-0.23428829,-0.0450961217
2262,0,54b24045-e039-40ee-9ba6-824dbdc42f9e,StartingBlock,226.208496,5657.08008,1,43,43,53,7,0,0,-772.934082,-416.95108,-1105.79749,-0.942118704,0.235575303,-0.234268516,-0.045111306
2263,0,54b24045-e039-40ee-9ba6-824dbdc42f9e,StartingBlock,226.308105,5657.17969,1,43,43,53,7,0,0,-770.41333,-409.325348,-1106.96582,-0.942116499,0.23558329,-0.234279752,-0.0450573526
2264,0,54b24045-e039-40ee-9ba6-824dbdc42f9e,StartingBlock,226.408203,5657.27979,1,43,43,53,7,0,0,-767.866882,-401.705994,-1108.09729,-0.942109227,0.235634461,-0.234253436,-0.0450777151
2265,0,54b24045-e039-40ee-9ba6-824dbdc42f9e,StartingBlock,226.508301,5657.37988,1,43,43,53,7,0,0,-765.294861,-394.093292,-1109.19177,-0.942103982,0.235639229,-0.23426646,-0.0450957268
2266,0,54b24045-e039-40ee-9ba6-824dbdc42f9e,StartingBlock,226.608398,5657.47998,1,43,43,53,7,0,0,-762.697266,-386.487579,-1110.24927,-0.942105651,0.235636383,-0.234258965,-0.0451125018
2267,0,54b24045-e039-40ee-9ba6-824dbdc42f9e,StartingBlock,226.708496,5657.58008,1,43,43,53,7,0,0,-760.074402,-378.889008,-1111.2699,-0.942090333,0.235685229,-0.234282121,-0.0450589806
2268,0,54b24045-e039-40ee-9ba6-824dbdc42f9e,StartingBlock,226.808105,5657.67969,1,43,43,53,7,0,0,-757.42627,-371.297852,-1112.25354,-0.942103684,0.235642523,-0.234265327,-0.0450908802
2269,0,54b24045-e039-40ee-9ba6-824dbdc42f9e,StartingBlock,226.908203,5657.77979,1,43,43,53,7,0,0,-754.75293,-363.714325,-1113.2002,-0.942111373,0.235622421,-0.23424913,-0.0451194718
2270,0,54b24045-e039-40ee-9ba6-824dbdc42f9e,StartingBlock,227.008301,5657.87988,1,43,43,53,7,0,0,-752.054565,-356.138672,-1114.11011,-0.942107081,0.235623509,-0.234268859,-0.0450995788
2271,0,54b24045-e039-40ee-9ba6-824dbdc42f9e,StartingBlock,227.108398,5657.97998,1,43,43,53,7,0,0,-749.331482,-348.571198,-1114.98291,-0.9421103,0.235586762,-0.234282672,-0.0451524481
2272,0,54b24045-e039-40ee-9ba6-824dbdc42f9e,StartingBlock,227.208496,5658.08008,1,43,43,53,7,0,0,-746.583496,-341.012054,-1115.81897,-0.942100763,0.235648066,-0.234268323,-0.0451067314
2273,0,54b24045-e039-40ee-9ba6-824dbdc42f9e,StartingBlock,227.308105,5658.17969,1,43,43,53,7,0,0,-743.810852,-333.461517,-1116.61829,-0.942086041,0.235720009,-0.234260619,-0.0450764261
2274,0,54b24045-e039-40ee-9ba6-824dbdc42f9e,StartingBlock,227.408203,5658.27979,1,43,43,53,7,0,0,-741.013733,-325.91983,-1117.38062,-0.942090869,0.235705435,-0.234259322,-0.0450585112
2275,0,54b24045-e039-40ee-9ba6-824dbdc42f9e,StartingBlock,227.508301,5658.37988,1,43,43,53,7,0,0,-738.192261,-318.387238,-1118.10632,-0.942074776,0.235766202,-0.234261572,-0.0450673178
2276,0,54b24045-e039-40ee-9ba6-824dbdc42f9e,StartingBlock,227.608398,5658.47998,1,43,43,53,7,0,0,-735.346497,-310.863953,-1118.79517,-0.942073524,0.235758364,-0.234267727,-0.0451013707
2277,0,54b24045-e039-40ee-9ba6-824dbdc42f9e,StartingBlock,227.708496,5658.58008,1,43,43,53,7,0,0,-732.476563,-303.350159,-1119.44727,-0.942080796,0.235750481,-0.234239072,-0.0451387614
2278,0,54b24045-e039-40ee-9ba6-824dbdc42f9e,StartingBlock,227.808105,5658.67969,1,43,43,53,7,0,0,-729.582642,-295.846191,-1120.06262,-0.942071438,0.235762,-0.234264463,-0.0451436564
2279,0,54b24045-e039-40ee-9ba6-824dbdc42f9e,StartingBlock,227.908203,5658.77979,1,43,43,53,7,0,0,-726.664734,-288.352203,-1120.6416,-0.942067802,0.235800579,-0.234246969,-0.0451069474
2280,0,54b24045-e039-40ee-9ba6-824dbdc42f9e,StartingBlock,228.008301,5658.87988,1,43,43,53,7,0,0,-723.723145,-280.86853,-1121.18359,-0.942068458,0.235758394,-0.234278888,-0.0451496616
2281,0,54b24045-e039-40ee-9ba6-824dbdc42f9e,StartingBlock,228.108398,5658.97998,1,43,43,53,7,0,0,-720.757996,-273.395264,-1121.68909,-0.94206208,0.235806376,-0.234260991,-0.0451234356
2282,0,54b24045-e039-40ee-9ba6-824dbdc42f9e,StartingBlock,228.208496,5659.08008,1,43,43,53,7,0,0,-717.769226,-265.932739,-1122.15784,-0.942066491,0.235760331,-0.234288469,-0.0451307222
2283,0,54b24045-e039-40ee-9ba6-824dbdc42f9e,StartingBlock,228.308105,5659.17969,1,43,43,53,7,0,0,-714.757019,-258.48111,-1122.59021,-0.942061782,0.235812873,-0.234259397,-0.0451052152
2284,0,54b24045-e039-40ee-9ba6-824dbdc42f9e,StartingBlock,228.408203,5659.27979,1,43,43,53,7,0,0,-711.72168,-251.040649,-1122.98596,-0.94205761,0.2358125,-0.234273955,-0.0451189391
2285,0,54b24045-e039-40ee-9ba6-824dbdc42f9e,StartingBlock,228.508301,5659.37988,1,43,43,53,7,0,0,-708.663208,-243.611542,-1123.34534,-0.942041457,0.235888824,-0.234266654,-0.045093473
2286,0,54b24045-e039-40ee-9ba6-824dbdc42f9e,StartingBlock,228.608398,5659.47998,1,43,43,53,7,0,0,-705.581726,-236.194092,-1123.66821,-0.942042589,0.235854477,-0.234282658,-0.0451680571
2287,0,54b24045-e039-40ee-9ba6-824dbdc42f9e,StartingBlock,228.708496,5659.58008,1,43,43,53,7,0,0,-702.477417,-228.788467,-1123.95459,-0.942040563,0.235895321,-0.234255031,-0.0451404676
2288,0,54b24045-e039-40ee-9ba6-824dbdc42f9e,StartingBlock,228.808105,5659.67969,1,43,43,53,7,0,0,-699.350403,-221.394882,-1124.20471,-0.942043006,0.235880569,-0.234257683,-0.0451520942
2289,0,54b24045-e039-40ee-9ba6-824dbdc42f9e,StartingBlock,228.908203,5659.77979,1,43,43,53,7,0,0,-696.200806,-214.013596,-1124.41846,-0.942039847,0.235904127,-0.234247655,-0.0451471023
2290,0,54b24045-e039-40ee-9ba6-824dbdc42f9e,StartingBlock,229.008301,5659.87988,1,43,43,53,7,0,0,-693.028748,-206.644852,-1124.59595,-0.942047417,0.235876337,-0.234237909,-0.0451859534
2291,0,54b24045-e039-40ee-9ba6-824dbdc42f9e,StartingBlock,229.108398,5659.97998,1,43,43,53,7,0,0,-689.834351,-199.288757,-1124.73718,-0.942043424,0.235891446,-0.234235734,-0.0451993793
2292,0,54b24045-e039-40ee-9ba6-824dbdc42f9e,StartingBlock,229.208496,5660.08008,1,43,43,53,7,0,0,-686.617859,-191.945602,-1124.84229,-0.942029715,0.235963717,-0.234223962,-0.0451697819
2293,0,54b24045-e039-40ee-9ba6-824dbdc42f9e,StartingBlock,229.308105,5660.17969,1,43,43,53,7,0,0,-683.379211,-184.615677,-1124.91138,-0.942035139,0.235913739,-0.234245822,-0.0452056155
2294,0,54b24045-e039-40ee-9ba6-824dbdc42f9e,StartingBlock,229.408203,5660.27979,1,43,43,53,7,0,0,-680.11853,-177.299011,-1124.94421,-0.94202131,0.235994369,-0.234235629,-0.045123715
2295,0,54b24045-e039-40ee-9ba6-824dbdc42f9e,StartingBlock,229.508301,5660.37988,1,43,43,53,7,0,0,-676.836182,-169.996033,-1124.94104,-0.942017615,0.235981852,-0.234248415,-0.0451997146
2296,0,54b24045-e039-40ee-9ba6-824dbdc42f9e,StartingBlock,229.608398,5660.47998,1,43,43,53,7,0,0,-673.532227,-162.706833,-1124.90198,-0.942016959,0.235982612,-0.234261915,-0.0451400839
2297,0,54b24045-e039-40ee-9ba6-824dbdc42f9e,StartingBlock,229.708496,5660.58008,1,43,43,53,7,0,0,-670.206665,-155.431656,-1124.82678,-0.942010939,0.235995293,-0.234268859,-0.0451626405
2298,0,54b24045-e039-40ee-9ba6-824dbdc42f9e,StartingBlock,229.808105,5660.67969,1,43,43,53,7,0,0,-666.859802,-148.170731,-1124.71582,-0.942007422,0.236013696,-0.234273702,-0.0451164767
2299,0,54b24045-e039-40ee-9ba6-824dbdc42f9e,StartingBlock,229.908203,5660.77979,1,43,43,53,7,0,0,-663.491699,-140.924286,-1124.56873,-0.942022085,0.235946551,-0.234264985,-0.0452050045
2300,0,54b24045-e039-40ee-9ba6-824dbdc42f9e,StartingBlock,230.008301,5660.87988,1,43,43,53,7,0,0,-660.102478,-133.692368,-1124.38623,-0.942010343,0.236053586,-0.234207019,-0.0451931432
2301,0,54b24045-e039-40ee-9ba6-824dbdc42f9e,StartingBlock,230.108398,5660.97998,1,43,43,53,7,0,0,-656.692261,-126.475372,-1124.16785,-0.942014039,0.236048847,-0.234203264,-0.0451585576
2302,0,54b24045-e039-40ee-9ba6-824dbdc42f9e,StartingBlock,230.208496,5661.08008,1,43,43,53,7,0,0,-653.26123,-119.273476,-1123.91382,-0.942029417,0.236007169,-0.234172791,-0.0452144556
2303,0,54b24045-e039-40ee-9ba6-824dbdc42f9e,StartingBlock,230.308105,5661.17969,1,43,43,53,7,0,0,-649.809509,-112.086823,-1123.62427,-0.942024469,0.236017704,-0.234182581,-0.0452112257
2304,0,54b24045-e039-40ee-9ba6-824dbdc42f9e,StartingBlock,230.408203,5661.27979,1,43,43,53,7,0,0,-646.337219,-104.915627,-1123.29919,-0.94202435,0.236048102,-0.234148949,-0.0452294797
2305,0,54b24045-e039-40ee-9ba6-824dbdc42f9e,StartingBlock,230.508301,5661.37988,1,43,43,53,7,0,0,-642.844543,-97.7601013,-1122.9386,-0.942015707,0.236094102,-0.234140158,-0.04521662
2306,0,54b24045-e039-40ee-9ba6-824dbdc42f9e,StartingBlock,230.608398,5661.47998,1,43,43,53,7,0,0,-639.331543,-90.6205063,-1122.5426,-0.942025959,0.236069649,-0.234118909,-0.0452403501
2307,0,54b24045-e039-40ee-9ba6-824dbdc42f9e,StartingBlock,230.708496,5661.58008,1,43,43,53,7,0,0,-635.798462,-83.4969788,-1122.11133,-0.942029059,0.236090541,-0.23408924,-0.0452198647
2308,0,54b24045-e039-40ee-9ba6-824dbdc42f9e,StartingBlock,230.808105,5661.67969,1,43,43,53,7,0,0,-632.2453,-76.3897552,-1121.64453,-0.942032874,0.236069679,-0.234093532,-0.0452256799
2309,0,54b24045-e039-40ee-9ba6-824dbdc42f9e,StartingBlock,230.908203,5661.77979,1,43,43,53,7,0,0,-628.672363,-69.2990112,-1121.1427,-0.942032635,0.236077741,-0.234091595,-0.0451997183
2310,0,54b24045-e039-40ee-9ba6-824dbdc42f9e,StartingBlock,231.008301,5661.87988,1,43,43,53,7,0,0,-625.079712,-62.2249146,-1120.60559,-0.942017913,0.236119524,-0.234103188,-0.0452271327
2311,0,54b24045-e039-40ee-9ba6-824dbdc42f9e,StartingBlock,231.108398,5661.97998,1,43,43,53,7,0,0,-621.467529,-55.1676941,-1120.03357,-0.942009509,0.236145437,-0.234118566,-0.0451889187
2312,0,54b24045-e039-40ee-9ba6-824dbdc42f9e,StartingBlock,231.208496,5662.08008,1,43,43,53,7,0,0,-617.835876,-48.1276131,-1119.42627,-0.942015231,0.236113489,-0.234124526,-0.045205012
2313,0,54b24045-e039-40ee-9ba6-824dbdc42f9e,StartingBlock,231.308105,5662.17969,1,43,43,53,7,0,0,-614.184875,-41.104744,-1118.78406,-0.942001343,0.236175925,-0.234115005,-0.0452177189
2314,0,54b24045-e039-40ee-9ba6-824dbdc42f9e,StartingBlock,231.408203,5662.27979,1,43,43,53,7,0,0,-610.514771,-34.0993233,-1118.10706,-0.941987276,0.236248747,-0.234101385,-0.045200184
2315,0,54b24045-e039-40ee-9ba6-824dbdc42f9e,StartingBlock,231.508301,5662.37988,1,43,43,53,7,0,0,-606.825684,-27.1116409,-1117.39526,-0.941996098,0.236232489,-0.234081969,-0.0452020541
2316,0,54b24045-e039-40ee-9ba6-824dbdc42f9e,StartingBlock,231.608398,5662.47998,1,43,43,53,7,0,0,-603.117798,-20.1418018,-1116.6488,-0.941992402,0.23624137,-0.234084964,-0.0452184416
2317,0,54b24045-e039-40ee-9ba6-824dbdc42f9e,StartingBlock,231.708496,5662.58008,1,43,43,53,7,0,0,-599.391052,-13.1900635,-1115.86755,-0.9420169,0.236154646,-0.234075621,-0.0452087112
2318,0,54b24045-e039-40ee-9ba6-824dbdc42f9e,StartingBlock,231.808105,5662.67969,1,43,43,53,7,0,0,-595.645813,-6.25649452,-1115.05188,-0.942013383,0.23617357,-0.234071493,-0.0452029184
2319,0,54b24045-e039-40ee-9ba6-824dbdc42f9e,StartingBlock,231.908203,5662.77979,1,43,43,53,7,0,0,-591.88208,0.658691406,-1114.20154,-0.941998065,0.236208141,-0.23409228,-0.0452359989
2320,0,54b24045-e039-40ee-9ba6-824dbdc42f9e,StartingBlock,232.008301,5662.87988,1,43,43,53,7,0,0,-588.100037,7.55526781,-1113.31677,-0.94199717,0.236225516,-0.234084427,-0.0452047586
2321,0,54b24045-e039-40ee-9ba6-824dbdc42f9e,StartingBlock,232.108398,5662.97998,1,43,43,53,7,0,0,-584.299927,14.4330072,-1112.39758,-0.942004204,0.236186609,-0.234089449,-0.045235049
2322,0,54b24045-e039-40ee-9ba6-824dbdc42f9e,StartingBlock,232.208496,5663.08008,1,43,43,53,7,0,0,-580.481812,21.29179,-1111.44421,-0.942002952,0.236175105,-0.234101519,-0.0452585518
2323,0,54b24045-e039-40ee-9ba6-824dbdc42f9e,StartingBlock,232.308105,5663.17969,1,43,43,53,7,0,0,-576.645813,28.131464,-1110.45667,-0.941999376,0.236211479,-0.234089524,-0.0452053659
2324,0,54b24045-e039-40ee-9ba6-824dbdc42f9e,StartingBlock,232.408203,5663.27979,1,43,43,53,7,0,0,-572.792053,34.9517517,-1109.43494,-0.9420017,0.236176491,-0.23410359,-0.0452667102
2325,0,54b24045-e039-40ee-9ba6-824dbdc42f9e,StartingBlock,232.508301,5663.37988,1,43,43,53,7,0,0,-568.920776,41.7526093,-1108.37927,-0.941987157,0.236275271,-0.234061569,-0.0452711247
2326,0,54b24045-e039-40ee-9ba6-824dbdc42f9e,StartingBlock,232.608398,5663.47998,1,43,43,53,7,0,0,-565.031982,48.5337143,-1107.28955,-0.941979587,0.236309841,-0.234055847,-0.0452773608
2327,0,54b24045-e039-40ee-9ba6-824dbdc42f9e,StartingBlock,232.708496,5663.58008,1,43,43,53,7,0,0,-561.125977,55.2949524,-1106.16602,-0.941976786,0.236311734,-0.234061077,-0.0452982038
2328,0,54b24045-e039-40ee-9ba6-824dbdc42f9e,StartingBlock,232.808105,5663.67969,1,43,43,53,7,0,0,-557.202881,62.0361404,-1105.00854,-0.941965699,0.236345381,-0.234085128,-0.0452289954
2329,0,54b24045-e039-40ee-9ba6-824dbdc42f9e,StartingBlock,232.908203,5663.77979,1,43,43,53,7,0,0,-553.262756,68.7570419,-1103.8175,-0.94196713,0.236302659,-0.234114468,-0.0452705845
2330,0,54b24045-e039-40ee-9ba6-824dbdc42f9e,StartingBlock,233.008301,5663.87988,1,43,43,53,7,0,0,-549.305847,75.4575729,-1102.5929,-0.941971183,0.236326486,-0.234076887,-0.0452573076
2331,0,54b24045-e039-40ee-9ba6-824dbdc42f9e,StartingBlock,233.108398,5663.97998,1,43,43,53,7,0,0,-545.332092,82.1375122,-1101.33472,-0.941974938,0.236318573,-0.234075382,-0.045225814
2332,0,54b24045-e039-40ee-9ba6-824dbdc42f9e,StartingBlock,233.208496,5664.08008,1,43,43,53,7,0,0,-541.341858,88.7967377,-1100.04309,-0.94196856,0.236366108,-0.234052002,-0.0452337936
2333,0,54b24045-e039-40ee-9ba6-824dbdc42f9e,StartingBlock,233.308105,5664.17969,1,43,43,53,7,0,0,-537.335266,95.435051,-1098.71814,-0.941946685,0.23642759,-0.234073788,-0.045254048
2334,0,54b24045-e039-40ee-9ba6-824dbdc42f9e,StartingBlock,233.408203,5664.27979,1,43,43,53,7,0,0,-533.312378,102.052193,-1097.35986,-0.941965997,0.2363417,-0.234079555,-0.0452710725
2335,0,54b24045-e039-40ee-9ba6-824dbdc42f9e,StartingBlock,233.508301,5664.37988,1,43,43,53,7,0,0,-529.273315,108.648109,-1095.96838,-0.94196713,0.236358792,-0.234053597,-0.0452915616
2336,0,54b24045-e039-40ee-9ba6-824dbdc42f9e,StartingBlock,233.608398,5664.47998,1,43,43,53,7,0,0,-525.218384,115.222603,-1094.54395,-0.941957474,0.236385673,-0.234072685,-0.0452557094
2337,0,54b24045-e039-40ee-9ba6-824dbdc42f9e,StartingBlock,233.708496,5664.58008,1,43,43,53,7,0,0,-521.147583,121.775528,-1093.08655,-0.941952705,0.23641248,-0.23406747,-0.0452408493
2338,0,54b24045-e039-40ee-9ba6-824dbdc42f9e,StartingBlock,233.808105,5664.67969,1,43,43,53,7,0,0,-517.061096,128.306641,-1091.59607,-0.941978693,0.236319616,-0.234052911,-0.0452608578
2339,0,54b24045-e039-40ee-9ba6-824dbdc42f9e,StartingBlock,233.908203,5664.77979,1,43,43,53,7,0,0,-512.959106,134.815903,-1090.07288,-0.9419595,0.23637712,-0.234074578,-0.0452482365
2340,0,54b24045-e039-40ee-9ba6-824dbdc42f9e,StartingBlock,234.008301,5664.87988,1,43,43,53,7,0,0,-508.841675,141.303116,-1088.51709,-0.941941261,0.236426726,-0.234096989,-0.0452520847
2341,0,54b24045-e039-40ee-9ba6-824dbdc42f9e,StartingBlock,234.108398,5664.97998,1,43,43,53,7,0,0,-504.708984,147.768036,-1086.92871,-0.941927254,0.236485794,-0.234096974,-0.0452347994
2342,0,54b24045-e039-40ee-9ba6-824dbdc42f9e,StartingBlock,234.208496,5665.08008,1,43,43,53,7,0,0,-500.561249,154.210541,-1085.30762,-0.941939116,0.236431971,-0.234098554,-0.0452616587
2343,0,54b24045-e039-40ee-9ba6-824dbdc42f9e,StartingBlock,234.308105,5665.17969,1,43,43,53,7,0,0,-496.398529,160.630539,-1083.6543,-0.941931784,0.236470535,-0.234094903,-0.04523151
2344,0,54b24045-e039-40ee-9ba6-824dbdc42f9e,StartingBlock,234.408203,5665.27979,1,43,43,53,7,0,0,-492.221069,167.027756,-1081.96863,-0.941919267,0.236541644,-0.234079361,-0.0452010408
2345,0,54b24045-e039-40ee-9ba6-824dbdc42f9e,StartingBlock,234.508301,5665.37988,1,43,43,53,7,0,0,-488.02887,173.402069,-1080.25061,-0.941932201,0.236454576,-0.234107777,-0.0452387929
2346,0,54b24045-e039-40ee-9ba6-824dbdc42f9e,StartingBlock,234.608398,5665.47998,1,43,43,53,7,0,0,-483.822144,179.753418,-1078.50061,-0.941926837,0.236473441,-0.234106168,-0.0452608503
2347,0,54b24045-e039-40ee-9ba6-824dbdc42f9e,StartingBlock,234.708496,5665.58008,1,43,43,53,7,0,0,-479.601105,186.081604,-1076.71863,-0.941904306,0.236568257,-0.234108075,-0.0452227034
2348,0,54b24045-e039-40ee-9ba6-824dbdc42f9e,StartingBlock,234.808105,5665.67969,1,43,43,53,7,0,0,-475.365875,192.386368,-1074.90466,-0.941913307,0.236526638,-0.234112158,-0.0452343337
2349,0,54b24045-e039-40ee-9ba6-824dbdc42f9e,StartingBlock,234.908203,5665.77979,1,43,43,53,7,0,0,-471.116516,198.667664,-1073.05872,-0.941918075,0.236478522,-0.234139726,-0.0452416427
2350,0,54b24045-e039-40ee-9ba6-824dbdc42f9e,StartingBlock,235.008301,5665.87988,1,43,43,53,7,0,0,-466.853241,204.925385,-1071.18127,-0.941908717,0.236507267,-0.234149918,-0.0452345274
2351,0,54b24045-e039-40ee-9ba6-824dbdc42f9e,StartingBlock,235.108398,5665.97998,1,43,43,53,7,0,0,-462.576233,211.159317,-1069.27209,-0.941898346,0.236593023,-0.234106347,-0.0452265479
2352,0,54b24045-e039-40ee-9ba6-824dbdc42f9e,StartingBlock,235.208496,5666.08008,1,43,43,53,7,0,0,-458.285522,217.369324,-1067.33154,-0.941877425,0.236646011,-0.234131426,-0.0452546105
2353,0,54b24045-e039-40ee-9ba6-824dbdc42f9e,StartingBlock,235.308105,5666.17969,1,43,43,53,7,0,0,-453.981354,223.555145,-1065.35938,-0.941891491,0.236569166,-0.234150901,-0.0452655144
2354,0,54b24045-e039-40ee-9ba6-824dbdc42f9e,StartingBlock,235.408203,5666.27979,1,43,43,53,7,0,0,-449.663879,229.716812,-1063.35608,-0.941893637,0.236581638,-0.234128669,-0.0452700518
2355,0,54b24045-e039-40ee-9ba6-824dbdc42f9e,StartingBlock,235.508301,5666.37988,1,43,43,53,7,0,0,-445.333221,235.854126,-1061.32153,-0.941878378,0.236653596,-0.234124526,-0.0452335253
2356,0,54b24045-e039-40ee-9ba6-824dbdc42f9e,StartingBlock,235.608398,5666.47998,1,43,43,53,7,0,0,-440.989502,241.966873,-1059.25586,-0.941890001,0.23660925,-0.234115452,-0.0452685468
2357,0,54b24045-e039-40ee-9ba6-824dbdc42f9e,StartingBlock,235.708496,5666.58008,1,43,43,53,7,0,0,-436.641449,248.045166,-1057.16528,-0.942280233,0.235533714,-0.233725533,-0.0447681323
2358,0,54b24045-e039-40ee-9ba6-824dbdc42f9e,StartingBlock,235.808105,5666.67969,1,43,43,53,7,0,0,-432.284302,254.094147,-1055.04565,-0.942712247,0.234320089,-0.233317584,-0.0441667028
2359,0,54b24045-e039-40ee-9ba6-824dbdc42f9e,StartingBlock,235.908203,5666.77979,1,43,43,53,7,0,0,-427.914459,260.118286,-1052.89514,-0.943104684,0.233217672,-0.232943118,-0.0435947888
2360,0,54b24045-e039-40ee-9ba6-824dbdc42f9e,StartingBlock,236.008301,5666.87988,1,43,43,53,7,0,0,-423.532196,266.11734,-1050.71399,-0.943460226,0.232255906,-0.232572749,-0.0430113301
2361,0,54b24045-e039-40ee-9ba6-824dbdc42f9e,StartingBlock,236.108398,5666.97998,1,43,43,53,7,0,0,-419.137604,272.091248,-1048.50232,-0.943808734,0.231295094,-0.232215062,-0.0424708724
2362,0,54b24045-e039-40ee-9ba6-824dbdc42f9e,StartingBlock,236.208496,5667.08008,1,43,43,53,7,0,0,-414.730835,278.039673,-1046.26013,-0.944148421,0.230320901,-0.231887817,-0.042002406
2363,0,54b24045-e039-40ee-9ba6-824dbdc42f9e,StartingBlock,236.308105,5667.17969,1,43,43,53,7,0,0,-410.312042,283.962738,-1043.98779,-0.944446504,0.229543716,-0.231537014,-0.0414877795
2364,0,54b24045-e039-40ee-9ba6-824dbdc42f9e,StartingBlock,236.408203,5667.27979,1,43,43,53,7,0,0,-405.881409,289.860168,-1041.68518,-0.944752812,0.228702962,-0.231203169,-0.0410146825
2365,0,54b24045-e039-40ee-9ba6-824dbdc42f9e,StartingBlock,236.508301,5667.37988,1,43,43,53,7,0,0,-401.438995,295.731903,-1039.35254,-0.94502598,0.227969602,-0.230887383,-0.040580444
2366,0,54b24045-e039-40ee-9ba6-824dbdc42f9e,StartingBlock,236.608398,5667.47998,1,43,43,53,7,0,0,-396.985046,301.577698,-1036.98975,-0.945285916,0.227277488,-0.230581149,-0.0401464924
2367,0,54b24045-e039-40ee-9ba6-824dbdc42f9e,StartingBlock,236.708496,5667.58008,1,43,43,53,7,0,0,-392.519653,307.397522,-1034.59729,-0.945540249,0.226614237,-0.230264023,-0.039724689
2368,0,54b24045-e039-40ee-9ba6-824dbdc42f9e,StartingBlock,236.808105,5667.67969,1,43,43,53,7,0,0,-388.042969,313.191284,-1032.17505,-0.94576937,0.226019308,-0.229975745,-0.0393297821
2369,0,54b24045-e039-40ee-9ba6-824dbdc42f9e,StartingBlock,236.908203,5667.77979,1,43,43,53,7,0,0,-383.555115,318.95874,-1029.72302,-0.94597429,0.225530177,-0.229677916,-0.0389476866
2370,0,54b24045-e039-40ee-9ba6-824dbdc42f9e,StartingBlock,237.008301,5667.87988,1,43,43,53,7,0,0,-379.056274,324.699799,-1027.24158,-0.94620657,0.224897668,-0.229400977,-0.0385930948
2371,0,54b24045-e039-40ee-9ba6-824dbdc42f9e,StartingBlock,237.108398,5667.97998,1,43,43,53,7,0,0,-374.54657,330.414337,-1024.73059,-0.946409523,0.224369586,-0.229136899,-0.0382573158
2372,0,54b24045-e039-40ee-9ba6-824dbdc42f9e,StartingBlock,237.208496,5668.08008,1,43,43,53,7,0,0,-370.026184,336.102325,-1022.19043,-0.946602345,0.22389698,-0.228860825,-0.0379079916
2373,0,54b24045-e039-40ee-9ba6-824dbdc42f9e,StartingBlock,237.308105,5668.17969,1,43,43,53,7,0,0,-365.495209,341.763519,-1019.62103,-0.946782053,0.223461121,-0.228594854,-0.0375951417
2374,0,54b24045-e039-40ee-9ba6-824dbdc42f9e,StartingBlock,237.408203,5668.27979,1,43,43,53,7,0,0,-360.953766,347.397797,-1017.02264,-0.946954548,0.223048151,-0.228335351,-0.0372771285
2375,0,54b24045-e039-40ee-9ba6-824dbdc42f9e,StartingBlock,237.508301,5668.37988,1,43,43,53,7,0,0,-356.4021,353.005096,-1014.3952,-0.947120368,0.222636625,-0.228095144,-0.0369951092
2376,0,54b24045-e039-40ee-9ba6-824dbdc42f9e,StartingBlock,237.608398,5668.47998,1,43,43,53,7,0,0,-351.84024,358.585266,-1011.73889,-0.947283447,0.222228974,-0.22785908,-0.0367258452
2377,0,54b24045-e039-40ee-9ba6-824dbdc42f9e,StartingBlock,237.708496,5668.58008,1,43,43,53,7,0,0,-347.268402,364.138184,-1009.05389,-0.947428524,0.221888855,-0.22762914,-0.0364612713
2378,0,54b24045-e039-40ee-9ba6-824dbdc42f9e,StartingBlock,237.808105,5668.67969,1,43,43,53,7,0,0,-342.686737,369.663788,-1006.34033,-0.947573006,0.221537068,-0.22741127,-0.0362060294
2379,0,54b24045-e039-40ee-9ba6-824dbdc42f9e,StartingBlock,237.908203,5668.77979,1,43,43,53,7,0,0,-338.095367,375.161926,-1003.59827,-0.947709858,0.221213892,-0.22719416,-0.0359643772
2380,0,54b24045-e039-40ee-9ba6-824dbdc42f9e,StartingBlock,238.008301,5668.87988,1,43,43,53,7,0,0,-333.494446,380.632446,-1000.82794,-0.947838247,0.220912486,-0.226991206,-0.0357127711
2381,0,54b24045-e039-40ee-9ba6-824dbdc42f9e,StartingBlock,238.108398,5668.97998,1,43,43,53,7,0,0,-328.884125,386.075287,-998.029297,-0.947953105,0.220666379,-0.226785317,-0.0354920626
2382,0,54b24045-e039-40ee-9ba6-824dbdc42f9e,StartingBlock,238.208496,5669.08008,1,43,43,53,7,0,0,-324.264526,391.490356,-995.202515,-0.948076189,0.220370963,-0.226593912,-0.0352613218
2383,0,54b24045-e039-40ee-9ba6-824dbdc42f9e,StartingBlock,238.308105,5669.17969,1,43,43,53,7,0,0,-319.635803,396.877502,-992.347839,-0.94818002,0.220140442,-0.226411477,-0.035081353
2384,0,54b24045-e039-40ee-9ba6-824dbdc42f9e,StartingBlock,238.408203,5669.27979,1,43,43,53,7,0,0,-314.998138,402.236603,-989.46521,-0.948283911,0.219908997,-0.226232469,-0.0348782577
2385,0,54b24045-e039-40ee-9ba6-824dbdc42f9e,StartingBlock,238.508301,5669.37988,1,43,43,53,7,0,0,-310.351624,407.567627,-986.554871,-0.948391974,0.219657272,-0.226054743,-0.0346811004
2386,0,54b24045-e039-40ee-9ba6-824dbdc42f9e,StartingBlock,238.608398,5669.47998,1,43,43,53,7,0,0,-305.698364,412.866943,-983.616943,-0.948149562,0.220395401,-0.226325691,-0.0348566659
2387,0,54b24045-e039-40ee-9ba6-824dbdc42f9e,StartingBlock,238.708496,5669.58008,1,43,43,53,7,0,0,-301.040009,418.133453,-980.65332,-0.947834074,0.221380159,-0.226630256,-0.0352164917
2388,0,54b24045-e039-40ee-9ba6-824dbdc42f9e,StartingBlock,238.808105,5669.67969,1,43,43,53,7,0,0,-296.37323,423.37146,-977.662292,-0.947539449,0.222301766,-0.226913854,-0.0355115756
2389,0,54b24045-e039-40ee-9ba6-824dbdc42f9e,StartingBlock,238.908203,5669.77979,1,43,43,53,7,0,0,-291.698212,428.580902,-974.644043,-0.947259128,0.22315219,-0.22719723,-0.0358435661
2390,0,54b24045-e039-40ee-9ba6-824dbdc42f9e,StartingBlock,239.008301,5669.87988,1,43,43,53,7,0,0,-287.015045,433.761749,-971.598633,-0.946995139,0.223931998,-0.227478951,-0.0361663662
2391,0,54b24045-e039-40ee-9ba6-824dbdc42f9e,StartingBlock,239.108398,5669.97998,1,43,43,53,7,0,0,-282.323883,438.913788,-968.526306,-0.946741641,0.224703163,-0.227732524,-0.0364227965
2392,0,54b24045-e039-40ee-9ba6-824dbdc42f9e,StartingBlock,239.208496,5670.08008,1,43,43,53,7,0,0,-277.624878,444.036957,-965.427002,-0.946507454,0.225367561,-0.228003174,-0.0367126875
2393,0,54b24045-e039-40ee-9ba6-824dbdc42f9e,StartingBlock,239.308105,5670.17969,1,43,43,53,7,0,0,-272.918213,449.131226,-962.300964,-0.946278811,0.226026699,-0.228258446,-0.0369673558
2394,0,54b24045-e039-40ee-9ba6-824dbdc42f9e,StartingBlock,239.408203,5670.27979,1,43,43,53,7,0,0,-268.20401,454.196625,-959.148254,-0.946060896,0.226651534,-0.22850579,-0.037189845
2395,0,54b24045-e039-40ee-9ba6-824dbdc42f9e,StartingBlock,239.508301,5670.37988,1,43,43,53,7,0,0,-263.482391,459.23288,-955.968994,-0.945850194,0.227222756,-0.228768229,-0.037449792
2396,0,54b24045-e039-40ee-9ba6-824dbdc42f9e,StartingBlock,239.608398,5670.47998,1,43,43,53,7,0,0,-258.75351,464.239899,-952.763367,-0.945660532,0.227737755,-0.229005784,-0.0376561582
2397,0,54b24045-e039-40ee-9ba6-824dbdc42f9e,StartingBlock,239.708496,5670.58008,1,43,43,53,7,0,0,-254.017471,469.21756,-949.531494,-0.945467293,0.228262499,-0.229246482,-0.0378680415
2398,0,54b24045-e039-40ee-9ba6-824dbdc42f9e,StartingBlock,239.808105,5670.67969,1,43,43,53,7,0,0,-249.27446,474.165771,-946.27356,-0.945290685,0.228734598,-0.229470819,-0.038067285
2399,0,54b24045-e039-40ee-9ba6-824dbdc42f9e,StartingBlock,239.908203,5670.77979,1,43,43,53,7,0,0,-244.524597,479.084473,-942.989563,-0.945124686,0.229159713,-0.229698732,-0.0382570885
2400,0,54b24045-e039-40ee-9ba6-824dbdc42f9e,StartingBlock,240.008301,5670.87988,1,43,43,53,7,0,0,-239.768021,483.973511,-939.679688,-0.944967866,0.229554787,-0.22991845,-0.0384442583
2401,0,54b24045-e039-40ee-9ba6-824dbdc42f9e,StartingBlock,240.108398,5670.97998,1,43,43,53,7,0,0,-235.004852,488.832825,-936.344116,-0.944813311,0.229950994,-0.230129033,-0.0386141315
2402,0,54b24045-e039-40ee-9ba6-824dbdc42f9e,StartingBlock,240.208496,5671.08008,1,43,43,53,7,0,0,-230.235291,493.662354,-932.98291,-0.944675148,0.230277747,-0.230339676,-0.0387914814
2403,0,54b24045-e039-40ee-9ba6-824dbdc42f9e,StartingBlock,240.308105,5671.17969,1,43,43,53,7,0,0,-225.459412,498.462006,-929.596252,-0.944527745,0.230662972,-0.230534092,-0.0389363915
2404,0,54b24045-e039-40ee-9ba6-824dbdc42f9e,StartingBlock,240.408203,5671.27979,1,43,43,53,7,0,0,-220.677399,503.231659,-926.184265,-0.944401026,0.230957076,-0.230733037,-0.0390886366
2405,0,54b24045-e039-40ee-9ba6-824dbdc42f9e,StartingBlock,240.508301,5671.37988,1,43,43,53,7,0,0,-215.889359,507.971283,-922.747009,-0.944271743,0.231277362,-0.230916023,-0.0392366126
2406,0,54b24045-e039-40ee-9ba6-824dbdc42f9e,StartingBlock,240.608398,5671.47998,1,43,43,53,7,0,0,-211.095459,512.680786,-919.284668,-0.944154739,0.231546983,-0.231101111,-0.0393720195
2407,0,54b24045-e039-40ee-9ba6-824dbdc42f9e,StartingBlock,240.708496,5671.58008,1,43,43,53,7,0,0,-206.295792,517.359985,-915.797363,-0.944038093,0.231820479,-0.231281295,-0.0395013317
2408,0,54b24045-e039-40ee-9ba6-824dbdc42f9e,StartingBlock,240.808105,5671.67969,1,43,43,53,7,0,0,-201.490555,522.008911,-912.285217,-0.94393295,0.232053444,-0.231456205,-0.0396225899
2409,0,54b24045-e039-40ee-9ba6-824dbdc42f9e,StartingBlock,240.908203,5671.77979,1,43,43,53,7,0,0,-196.679825,526.62738,-908.748413,-0.943824291,0.232296869,-0.231633052,-0.0397497118
2410,0,54b24045-e039-40ee-9ba6-824dbdc42f9e,StartingBlock,241.008301,5671.87988,1,43,43,53,7,0,0,-191.86377,531.215332,-905.186951,-0.943716168,0.23254551,-0.231802925,-0.0398734696
2411,0,54b24045-e039-40ee-9ba6-824dbdc42f9e,StartingBlock,241.108398,5671.97998,1,43,43,53,7,0,0,-187.042542,535.772705,-901.601074,-0.943625331,0.232732996,-0.231964692,-0.0399879739
2412,0,54b24045-e039-40ee-9ba6-824dbdc42f9e,StartingBlock,241.208496,5672.08008,1,43,43,53,7,0,0,-182.216278,540.299561,-897.990906,-0.943528056,0.232955486,-0.232121691,-0.0400764197
2413,0,54b24045-e039-40ee-9ba6-824dbdc42f9e,StartingBlock,241.308105,5672.17969,1,43,43,53,7,0,0,-177.385086,544.795593,-894.356567,-0.943433642,0.23317188,-0.232272908,-0.0401629284
2414,0,54b24045-e039-40ee-9ba6-824dbdc42f9e,StartingBlock,241.408203,5672.27979,1,43,43,53,7,0,0,-172.549118,549.260864,-890.698059,-0.943355799,0.233304694,-0.232437953,-0.0402661152
2415,0,54b24045-e039-40ee-9ba6-824dbdc42f9e,StartingBlock,241.508301,5672.37988,1,43,43,53,7,0,0,-167.708542,553.695251,-887.015747,-0.943268299,0.233493105,-0.232590958,-0.0403400026
2416,0,54b24045-e039-40ee-9ba6-824dbdc42f9e,StartingBlock,241.608398,5672.47998,1,43,43,53,7,0,0,-162.863434,558.098694,-883.309692,-0.943189979,0.23363854,-0.232748136,-0.040424373
2417,0,54b24045-e039-40ee-9ba6-824dbdc42f9e,StartingBlock,241.708496,5672.58008,1,43,43,53,7,0,0,-158.013977,562.471069,-879.579895,-0.943114579,0.233788133,-0.232891351,-0.0404911563
2418,0,54b24045-e039-40ee-9ba6-824dbdc42f9e,StartingBlock,241.808105,5672.67969,1,43,43,53,7,0,0,-153.160278,566.812439,-875.82666,-0.943037748,0.2339378,-0.2330392,-0.0405682772
2419,0,54b24045-e039-40ee-9ba6-824dbdc42f9e,StartingBlock,241.908203,5672.77979,1,43,43,53,7,0,0,-148.30249,571.12262,-872.049988,-0.942966759,0.234069571,-0.233182415,-0.0406348035
2420,0,54b24045-e039-40ee-9ba6-824dbdc42f9e,StartingBlock,242.008301,5672.87988,1,43,43,53,7,0,0,-143.440735,575.401489,-868.250061,-0.942896068,0.234197542,-0.233329356,-0.0406933203
2421,0,54b24045-e039-40ee-9ba6-824dbdc42f9e,StartingBlock,242.108398,5672.97998,1,43,43,53,7,0,0,-138.575165,579.649048,-864.427002,-0.94282341,0.234347969,-0.233464211,-0.0407376364
2422,0,54b24045-e039-40ee-9ba6-824dbdc42f9e,StartingBlock,242.208496,5673.08008,1,43,43,53,7,0,0,-133.705887,583.865234,-860.580994,-0.942758083,0.234461546,-0.233604208,-0.0407937802
2423,0,54b24045-e039-40ee-9ba6-824dbdc42f9e,StartingBlock,242.308105,5673.17969,1,43,43,53,7,0,0,-128.833069,588.050049,-856.712097,-0.942699075,0.234556839,-0.233737797,-0.0408427455
2424,0,54b24045-e039-40ee-9ba6-824dbdc42f9e,StartingBlock,242.408203,5673.27979,1,43,43,53,7,0,0,-123.957306,592.202881,-852.820923,-0.942645013,0.234639317,-0.233865201,-0.0408896841
2425,0,54b24045-e039-40ee-9ba6-824dbdc42f9e,StartingBlock,242.508301,5673.37988,1,43,43,53,7,0,0,-119.087013,596.316589,-848.914185,-0.94258076,0.23477298,-0.233977675,-0.0409592204
2426,0,54b24045-e039-40ee-9ba6-824dbdc42f9e,StartingBlock,242.608398,5673.47998,1,43,43,53,7,0,0,-114.21357,600.398743,-844.984985,-0.942519605,0.234897599,-0.234088704,-0.0410174131
2427,0,54b24045-e039-40ee-9ba6-824dbdc42f9e,StartingBlock,242.708496,5673.58008,1,43,43,53,7,0,0,-109.337112,604.449097,-841.033508,-0.942456305,0.235040054,-0.234190822,-0.0410742573
2428,0,54b24045-e039-40ee-9ba6-824dbdc42f9e,StartingBlock,242.808105,5673.67969,1,43,43,53,7,0,0,-104.457771,608.467712,-837.059814,-0.942404509,0.235134125,-0.234294847,-0.0411308743
2429,0,54b24045-e039-40ee-9ba6-824dbdc42f9e,StartingBlock,242.908203,5673.77979,1,43,43,53,7,0,0,-99.5756454,612.454468,-833.064087,-0.942346692,0.235251859,-0.234399378,-0.0411861502
2430,0,54b24045-e039-40ee-9ba6-824dbdc42f9e,StartingBlock,243.008301,5673.87988,1,43,43,53,7,0,0,-94.690918,616.409363,-829.046509,-0.942290485,0.235372409,-0.234499782,-0.0412121043
2431,0,54b24045-e039-40ee-9ba6-824dbdc42f9e,StartingBlock,243.108398,5673.97998,1,43,43,53,7,0,0,-89.8036804,620.332214,-825.007141,-0.942239225,0.235470876,-0.234596521,-0.0412703082
2432,0,54b24045-e039-40ee-9ba6-824dbdc42f9e,StartingBlock,243.208496,5674.08008,1,43,43,53,7,0,0,-84.9140701,624.223206,-820.946167,-0.942198753,0.235537723,-0.234684885,-0.0413117707
2433,0,54b24045-e039-40ee-9ba6-824dbdc42f9e,StartingBlock,243.308105,5674.17969,1,43,43,53,7,0,0,-80.0222168,628.08197,-816.863586,-0.94215095,0.235611007,-0.234791845,-0.0413759798
2434,0,54b24045-e039-40ee-9ba6-824dbdc42f9e,StartingBlock,243.408203,5674.27979,1,43,43,53,7,0,0,-75.1282883,631.90863,-812.759766,-0.94210279,0.235705301,-0.234886482,-0.0413977578
2435,0,54b24045-e039-40ee-9ba6-824dbdc42f9e,StartingBlock,243.508301,5674.37988,1,43,43,53,7,0,0,-70.2323837,635.703186,-808.634705,-0.942061901,0.235762745,-0.234987065,-0.0414297357
2436,0,54b24045-e039-40ee-9ba6-824dbdc42f9e,StartingBlock,243.608398,5674.47998,1,43,43,53,7,0,0,-65.3346176,639.465393,-804.488464,-0.942019701,0.23582378,-0.235088617,-0.0414670333
2437,0,54b24045-e039-40ee-9ba6-824dbdc42f9e,StartingBlock,243.708496,5674.58008,1,43,43,53,7,0,0,-60.4351807,643.195374,-800.32135,-0.941975653,0.235910565,-0.235175967,-0.0414783172
2438,0,54b24045-e039-40ee-9ba6-824dbdc42f9e,StartingBlock,243.808105,5674.67969,1,43,43,53,7,0,0,-55.5341187,646.892944,-796.133362,-0.941931725,0.235991493,-0.235265061,-0.0415081009
2439,0,54b24045-e039-40ee-9ba6-824dbdc42f9e,StartingBlock,243.908203,5674.77979,1,43,43,53,7,0,0,-50.6316299,650.558167,-791.924683,-0.941898227,0.236024082,-0.235363171,-0.0415282212
2440,0,54b24045-e039-40ee-9ba6-824dbdc42f9e,StartingBlock,244.008301,5674.87988,1,43,43,53,7,0,0,-45.7278061,654.190857,-787.695496,-0.941853464,0.236107633,-0.235455364,-0.0415453799
2441,0,54b24045-e039-40ee-9ba6-824dbdc42f9e,StartingBlock,244.108398,5674.97998,1,43,43,53,7,0,0,-40.8227844,657.791138,-783.445923,-0.941824138,0.236129954,-0.235547572,-0.0415626094
2442,0,54b24045-e039-40ee-9ba6-824dbdc42f9e,StartingBlock,244.208496,5675.08008,1,43,43,53,7,0,0,-35.9166718,661.358826,-779.176025,-0.941787243,0.236181617,-0.235640183,-0.0415789038
2443,0,54b24045-e039-40ee-9ba6-824dbdc42f9e,StartingBlock,244.308105,5675.17969,1,43,43,53,7,0,0,-31.0095997,664.893921,-774.886108,-0.941757262,0.236222595,-0.235717192,-0.041588515
2444,0,54b24045-e039-40ee-9ba6-824dbdc42f9e,StartingBlock,244.408203,5675.27979,1,43,43,53,7,0,0,-26.1016998,668.396362,-770.576172,-0.941726804,0.236262545,-0.235793114,-0.0416198485
2445,0,54b24045-e039-40ee-9ba6-824dbdc42f9e,StartingBlock,244.508301,5675.37988,1,43,43,53,7,0,0,-21.1931305,671.866028,-766.246399,-0.941705287,0.236278817,-0.23586078,-0.0416307971
2446,0,54b24045-e039-40ee-9ba6-824dbdc42f9e,StartingBlock,244.608398,5675.47998,1,43,43,53,7,0,0,-16.2839909,675.30304,-761.896851,-0.941670299,0.23634474,-0.235931695,-0.0416472927
2447,0,54b24045-e039-40ee-9ba6-824dbdc42f9e,StartingBlock,244.708496,5675.58008,1,43,43,53,7,0,0,-11.3744211,678.707153,-757.52771,-0.941632986,0.236423478,-0.236001119,-0.0416495502
2448,0,54b24045-e039-40ee-9ba6-824dbdc42f9e,StartingBlock,244.808105,5675.67969,1,43,43,53,7,0,0,-6.46455956,682.078491,-753.139099,-0.941606522,0.236440346,-0.236087143,-0.0416653454
2449,0,54b24045-e039-40ee-9ba6-824dbdc42f9e,StartingBlock,244.908203,5675.77979,1,43,43,53,7,0,0,-1.55450797,685.416931,-748.731079,-0.941585779,0.236452758,-0.236152798,-0.0416909307
2450,0,54b24045-e039-40ee-9ba6-824dbdc42f9e,StartingBlock,245.008301,5675.87988,1,43,43,53,7,0,0,3.35560584,688.722412,-744.304016,-0.941557109,0.23650749,-0.236210912,-0.0417006053
2451,0,54b24045-e039-40ee-9ba6-824dbdc42f9e,StartingBlock,245.108398,5675.97998,1,43,43,53,7,0,0,8.2656765,691.994934,-739.857849,-0.941537619,0.236510396,-0.236282751,-0.0417172015
2452,0,54b24045-e039-40ee-9ba6-824dbdc42f9e,StartingBlock,245.208496,5676.08008,1,43,43,53,7,0,0,13.1755562,695.234497,-735.392761,-0.941514611,0.23653616,-0.23634468,-0.0417399332
2453,0,54b24045-e039-40ee-9ba6-824dbdc42f9e,StartingBlock,245.308105,5676.17969,1,43,43,53,7,0,0,18.0850925,698.440979,-730.908875,-0.941485882,0.236581907,-0.236411691,-0.0417471938
2454,0,54b24045-e039-40ee-9ba6-824dbdc42f9e,StartingBlock,245.408203,5676.27979,1,43,43,53,7,0,0,22.9941902,701.614319,-726.406372,-0.941467106,0.236592263,-0.236473694,-0.0417616032
2455,0,54b24045-e039-40ee-9ba6-824dbdc42f9e,StartingBlock,245.508301,5676.37988,1,43,43,53,7,0,0,27.9027157,704.754578,-721.885437,-0.94143647,0.236639038,-0.236547738,-0.0417681299
2456,0,54b24045-e039-40ee-9ba6-824dbdc42f9e,StartingBlock,245.608398,5676.47998,1,43,43,53,7,0,0,32.8105392,707.861694,-717.346191,-0.941413343,0.236678526,-0.236598745,-0.041776333
2457,0,54b24045-e039-40ee-9ba6-824dbdc42f9e,StartingBlock,245.708496,5676.58008,1,43,43,53,7,0,0,37.7175674,710.935669,-712.788635,-0.941392004,0.236702994,-0.236658096,-0.0417826772
2458,0,54b24045-e039-40ee-9ba6-824dbdc42f9e,StartingBlock,245.808105,5676.67969,1,43,43,53,7,0,0,42.6236687,713.976257,-708.213013,-0.94137162,0.236707523,-0.236729905,-0.0418093912
2459,0,54b24045-e039-40ee-9ba6-824dbdc42f9e,StartingBlock,245.908203,5676.77979,1,43,43,53,7,0,0,47.5286903,716.983643,-703.619568,-0.941336215,0.236798927,-0.236779615,-0.0418065749
2460,0,54b24045-e039-40ee-9ba6-824dbdc42f9e,StartingBlock,246.008301,5676.87988,1,43,43,53,7,0,0,52.4325409,719.957703,-699.008179,-0.941326439,0.236774087,-0.236836717,-0.0418437719
2461,0,54b24045-e039-40ee-9ba6-824dbdc42f9e,StartingBlock,246.108398,5676.97998,1,43,43,53,7,0,0,57.3350906,722.898376,-694.379272,-0.941300809,0.236815587,-0.236894712,-0.0418571122
2462,0,54b24045-e039-40ee-9ba6-824dbdc42f9e,StartingBlock,246.208496,5677.08008,1,43,43,53,7,0,0,62.2362328,725.805847,-689.732727,-0.941279352,0.236826539,-0.236965925,-0.0418750979
2463,0,54b24045-e039-40ee-9ba6-824dbdc42f9e,StartingBlock,246.308105,5677.17969,1,43,43,53,7,0,0,67.1358185,728.67981,-685.068909,-0.941249967,0.236896485,-0.237011284,-0.0418843217
2464,0,54b24045-e039-40ee-9ba6-824dbdc42f9e,StartingBlock,246.408203,5677.27979,1,43,43,53,7,0,0,72.0337296,731.520386,-680.387817,-0.941230416,0.236892939,-0.237091899,-0.0418858528
2465,0,54b24045-e039-40ee-9ba6-824dbdc42f9e,StartingBlock,246.508301,5677.37988,1,43,43,53,7,0,0,76.9299088,734.327393,-675.689514,-0.94120872,0.236916125,-0.237144873,-0.0419427827
2466,0,54b24045-e039-40ee-9ba6-824dbdc42f9e,StartingBlock,246.608398,5677.47998,1,43,43,53,7,0,0,81.8241348,737.101013,-670.974365,-0.94119513,0.236920327,-0.23719354,-0.0419489332
2467,0,54b24045-e039-40ee-9ba6-824dbdc42f9e,StartingBlock,246.708496,5677.58008,1,43,43,53,7,0,0,86.7163315,739.841064,-666.242371,-0.941175103,0.236949772,-0.237239033,-0.0419765748
2468,0,54b24045-e039-40ee-9ba6-824dbdc42f9e,StartingBlock,246.808105,5677.67969,1,43,43,53,7,0,0,91.6063919,742.547546,-661.493713,-0.941159248,0.236977339,-0.237269625,-0.0420031585
2469,0,54b24045-e039-40ee-9ba6-824dbdc42f9e,StartingBlock,246.908203,5677.77979,1,43,43,53,7,0,0,96.4941559,745.220398,-656.728455,-0.941145599,0.236978292,-0.237320721,-0.0420150422
2470,0,54b24045-e039-40ee-9ba6-824dbdc42f9e,StartingBlock,247.008301,5677.87988,1,43,43,53,7,0,0,101.37957,747.859741,-651.946777,-0.941118836,0.237028912,-0.237371117,-0.0420439057
2471,0,54b24045-e039-40ee-9ba6-824dbdc42f9e,StartingBlock,247.108398,5677.97998,1,43,43,53,7,0,0,106.262459,750.465393,-647.148804,-0.941104054,0.237031415,-0.237420678,-0.0420802236
2472,0,54b24045-e039-40ee-9ba6-824dbdc42f9e,StartingBlock,247.208496,5678.08008,1,43,43,53,7,0,0,111.142693,753.037415,-642.334839,-0.941084146,0.237072185,-0.237458318,-0.0420830026
2473,0,54b24045-e039-40ee-9ba6-824dbdc42f9e,StartingBlock,247.308105,5678.17969,1,43,43,53,7,0,0,116.020218,755.575684,-637.504761,-0.941058934,0.237110406,-0.23751381,-0.0421169586
2474,0,54b24045-e039-40ee-9ba6-824dbdc42f9e,StartingBlock,247.408203,5678.27979,1,43,43,53,7,0,0,120.894829,758.080383,-632.658875,-0.941041946,0.237142175,-0.237549737,-0.0421170294
2475,0,54b24045-e039-40ee-9ba6-824dbdc42f9e,StartingBlock,247.508301,5678.37988,1,43,43,53,7,0,0,125.766479,760.551331,-627.797241,-0.941027045,0.237169713,-0.23757945,-0.0421272777
2476,0,54b24045-e039-40ee-9ba6-824dbdc42f9e,StartingBlock,247.608398,5678.47998,1,43,43,53,7,0,0,130.63504,762.988464,-622.920044,-0.941012561,0.23718904,-0.237613752,-0.0421483144
2477,0,54b24045-e039-40ee-9ba6-824dbdc42f9e,StartingBlock,247.708496,5678.58008,1,43,43,53,7,0,0,135.500366,765.391907,-618.027405,-0.940999091,0.237187922,-0.237665296,-0.0421637744
2478,0,54b24045-e039-40ee-9ba6-824dbdc42f9e,StartingBlock,247.808105,5678.67969,1,43,43,53,7,0,0,140.362366,767.761536,-613.119568,-0.940980315,0.237229586,-0.237695202,-0.0421805494
2479,0,54b24045-e039-40ee-9ba6-824dbdc42f9e,StartingBlock,247.908203,5678.77979,1,43,43,53,7,0,0,145.220917,770.09729,-608.196411,-0.940963507,0.237250924,-0.237738028,-0.0421949364
2480,0,54b24045-e039-40ee-9ba6-824dbdc42f9e,StartingBlock,248.008301,5678.87988,1,43,43,53,7,0,0,150.075882,772.399353,-603.25824,-0.94095391,0.237255439,-0.237769932,-0.0422027595
2481,0,54b24045-e039-40ee-9ba6-824dbdc42f9e,StartingBlock,248.108398,5678.97998,1,43,43,53,7,0,0,154.92717,774.66748,-598.305298,-0.940939546,0.237271339,-0.237806082,-0.0422309414
2482,0,54b24045-e039-40ee-9ba6-824dbdc42f9e,StartingBlock,248.208496,5679.08008,1,43,43,53,7,0,0,159.774658,776.901855,-593.337585,-0.940923929,0.237304285,-0.237836584,-0.0422216281
2483,0,54b24045-e039-40ee-9ba6-824dbdc42f9e,StartingBlock,248.308105,5679.17969,1,43,43,53,7,0,0,164.618256,779.102234,-588.355225,-0.940907359,0.237329409,-0.237873539,-0.0422423631
2484,0,54b24045-e039-40ee-9ba6-824dbdc42f9e,StartingBlock,248.408203,5679.27979,1,43,43,53,7,0,0,169.457809,781.268738,-583.358398,-0.940889418,0.237363398,-0.237909332,-0.042247124
2485,0,54b24045-e039-40ee-9ba6-824dbdc42f9e,StartingBlock,248.508301,5679.37988,1,43,43,53,7,0,0,174.293243,783.401489,-578.34729,-0.940865278,0.237429604,-0.237935826,-0.0422646999
2486,0,54b24045-e039-40ee-9ba6-824dbdc42f9e,StartingBlock,248.608398,5679.47998,1,43,43,53,7,0,0,179.12442,785.500244,-573.32196,-0.940865099,0.237410888,-0.237951592,-0.0422850065
2487,0,54b24045-e039-40ee-9ba6-824dbdc42f9e,StartingBlock,248.708496,5679.58008,1,43,43,53,7,0,0,183.951218,787.565002,-568.282593,-0.94084388,0.23749043,-0.237954825,-0.0422932729
2488,0,54b24045-e039-40ee-9ba6-824dbdc42f9e,StartingBlock,248.808105,5679.67969,1,43,43,53,7,0,0,188.773544,789.595947,-563.229309,-0.940834045,0.237502322,-0.23797752,-0.0423162803
2489,0,54b24045-e039-40ee-9ba6-824dbdc42f9e,StartingBlock,248.908203,5679.77979,1,43,43,53,7,0,0,193.591293,791.592834,-558.16217,-0.940824628,0.237503186,-0.238010734,-0.0423338972
2490,0,54b24045-e039-40ee-9ba6-824dbdc42f9e,StartingBlock,249.008301,5679.87988,1,43,43,53,7,0,0,198.404312,793.555847,-553.081543,-0.940807641,0.237554431,-0.238026783,-0.0423339494
2491,0,54b24045-e039-40ee-9ba6-824dbdc42f9e,StartingBlock,249.108398,5679.97998,1,43,43,53,7,0,0,203.212524,795.484741,-547.987305,-0.940796733,0.237573713,-0.238044992,-0.0423656851
2492,0,54b24045-e039-40ee-9ba6-824dbdc42f9e,StartingBlock,249.208496,5680.08008,1,43,43,53,7,0,0,208.015793,797.379761,-542.879761,-0.940781593,0.23761715,-0.238060862,-0.0423682295
2493,0,54b24045-e039-40ee-9ba6-824dbdc42f9e,StartingBlock,249.308105,5680.17969,1,43,43,53,7,0,0,212.814041,799.240784,-537.759033,-0.940771937,0.237628207,-0.238086075,-0.0423804335
2494,0,54b24045-e039-40ee-9ba6-824dbdc42f9e,StartingBlock,249.408203,5680.27979,1,43,43,53,7,0,0,217.607147,801.067871,-532.625244,-0.940760732,0.237653464,-0.238103256,-0.042391371
2495,0,54b24045-e039-40ee-9ba6-824dbdc42f9e,StartingBlock,249.508301,5680.37988,1,43,43,53,7,0,0,222.394989,802.86084,-527.478455,-0.940747142,0.237688303,-0.238116935,-0.0424195677
2496,0,54b24045-e039-40ee-9ba6-824dbdc42f9e,StartingBlock,249.608398,5680.47998,1,43,43,53,7,0,0,227.177444,804.619873,-522.318909,-0.940734804,0.237719476,-0.23813729,-0.0424035303
2497,0,54b24045-e039-40ee-9ba6-824dbdc42f9e,StartingBlock,249.708496,5680.58008,1,43,43,53,7,0,0,231.954437,806.344849,-517.146667,-0.940709054,0.237789422,-0.238164306,-0.0424303114
2498,0,54b24045-e039-40ee-9ba6-824dbdc42f9e,StartingBlock,249.808105,5680.67969,1,43,43,53,7,0,0,236.72583,808.035828,-511.961975,-0.940698922,0.237817243,-0.23817344,-0.0424493141
2499,0,54b24045-e039-40ee-9ba6-824dbdc42f9e,StartingBlock,249.908203,5680.77979,1,43,43,53,7,0,0,241.491501,809.692749,-506.764832,-0.940686762,0.237836167,-0.238201261,-0.0424563289
2500,0,54b24045-e039-40ee-9ba6-824dbdc42f9e,StartingBlock,250.008301,5680.87988,1,43,43,53,7,0,0,246.251389,811.315613,-501.555481,-0.940679252,0.237843454,-0.23822245,-0.0424647741
2501,0,54b24045-e039-40ee-9ba6-824dbdc42f9e,StartingBlock,250.108398,5680.97998,1,43,43,53,7,0,0,251.005341,812.904541,-496.334015,-0.94065994,0.237886503,-0.238255396,-0.0424658544
2502,0,54b24045-e039-40ee-9ba6-824dbdc42f9e,StartingBlock,250.208496,5681.08008,1,43,43,53,7,0,0,255.753265,814.459351,-491.100616,-0.940650821,0.237893581,-0.238282919,-0.0424737968
2503,0,54b24045-e039-40ee-9ba6-824dbdc42f9e,StartingBlock,250.308105,5681.17969,1,43,43,53,7,0,0,260.495056,815.980103,-485.855377,-0.94063437,0.237930909,-0.23830919,-0.0424818434
2504,0,54b24045-e039-40ee-9ba6-824dbdc42f9e,StartingBlock,250.408203,5681.27979,1,43,43,53,7,0,0,265.230591,817.466797,-480.59845,-0.9406268,0.237937242,-0.238333344,-0.0424777865
2505,0,54b24045-e039-40ee-9ba6-824dbdc42f9e,StartingBlock,250.508301,5681.37988,1,43,43,53,7,0,0,269.959778,818.919556,-475.329987,-0.940605819,0.237980381,-0.238368228,-0.042506516
2506,0,54b24045-e039-40ee-9ba6-824dbdc42f9e,StartingBlock,250.608398,5681.47998,1,43,43,53,7,0,0,274.682495,820.338196,-470.050079,-0.940601826,0.237994805,-0.238370955,-0.0424966738
2507,0,54b24045-e039-40ee-9ba6-824dbdc42f9e,StartingBlock,250.708496,5681.58008,1,43,43,53,7,0,0,279.398651,821.7229,-464.758911,-0.940584183,0.238037348,-0.238397196,-0.0425020605
2508,0,54b24045-e039-40ee-9ba6-824dbdc42f9e,StartingBlock,250.808105,5681.67969,1,43,43,53,7,0,0,284.108124,823.073486,-459.456573,-0.94057852,0.238027811,-0.238426134,-0.0425198264
2509,0,54b24045-e039-40ee-9ba6-824dbdc42f9e,StartingBlock,250.908203,5681.77979,1,43,43,53,7,0,0,288.810791,824.390076,-454.143219,-0.940562427,0.238057762,-0.238455996,-0.0425390936
2510,0,54b24045-e039-40ee-9ba6-824dbdc42f9e,StartingBlock,251.008301,5681.87988,1,43,43,53,7,0,0,293.506622,825.672668,-448.819061,-0.940545917,0.238102108,-0.238477468,-0.0425364785
2511,0,54b24045-e039-40ee-9ba6-824dbdc42f9e,StartingBlock,251.108398,5681.97998,1,43,43,53,7,0,0,298.195435,826.921265,-443.484192,-0.940546274,0.238087878,-0.23848778,-0.0425483137
2512,0,54b24045-e039-40ee-9ba6-824dbdc42f9e,StartingBlock,251.208496,5682.08008,1,43,43,53,7,0,0,302.877167,828.135803,-438.138702,-0.940536737,0.238126546,-0.2384841,-0.042565044
2513,0,54b24045-e039-40ee-9ba6-824dbdc42f9e,StartingBlock,251.308105,5682.17969,1,43,43,53,7,0,0,307.551758,829.316284,-432.782745,-0.940529883,0.238143459,-0.238493294,-0.0425712839
2514,0,54b24045-e039-40ee-9ba6-824dbdc42f9e,StartingBlock,251.408203,5682.27979,1,43,43,53,7,0,0,312.218994,830.462708,-427.416473,-0.940514684,0.238193423,-0.238500521,-0.042586267
2515,0,54b24045-e039-40ee-9ba6-824dbdc42f9e,StartingBlock,251.508301,5682.37988,1,43,43,53,7,0,0,316.878876,831.575256,-422.040039,-0.94050312,0.238216013,-0.23852171,-0.0425976031
2516,0,54b24045-e039-40ee-9ba6-824dbdc42f9e,StartingBlock,251.608398,5682.47998,1,43,43,53,7,0,0,321.531158,832.65387,-416.653625,-0.940497816,0.238212571,-0.238545373,-0.0425994843
2517,0,54b24045-e039-40ee-9ba6-824dbdc42f9e,StartingBlock,251.708496,5682.58008,1,43,43,53,7,0,0,326.175934,833.698303,-411.257263,-0.94048506,0.238260046,-0.238547578,-0.0426047966
2518,0,54b24045-e039-40ee-9ba6-824dbdc42f9e,StartingBlock,251.808105,5682.67969,1,43,43,53,7,0,0,330.812988,834.708862,-405.851135,-0.940471113,0.238286927,-0.238573879,-0.0426145941
2519,0,54b24045-e039-40ee-9ba6-824dbdc42f9e,StartingBlock,251.908203,5682.77979,1,43,43,53,7,0,0,335.4422,835.685486,-400.435394,-0.940459549,0.238299266,-0.238605425,-0.0426237732
2520,0,54b24045-e039-40ee-9ba6-824dbdc42f9e,StartingBlock,252.008301,5682.87988,1,43,43,53,7,0,0,340.063538,836.628052,-395.010162,-0.940437555,0.238372609,-0.23861517,-0.0426445007
2521,0,54b24045-e039-40ee-9ba6-824dbdc42f9e,StartingBlock,252.108398,5682.97998,1,43,43,53,7,0,0,344.676819,837.536804,-389.575623,-0.940432787,0.238372624,-0.238634363,-0.0426429547
2522,0,54b24045-e039-40ee-9ba6-824dbdc42f9e,StartingBlock,252.208496,5683.08008,1,43,43,53,7,0,0,349.281982,838.41156,-384.131836,-0.940424979,0.238377169,-0.238660797,-0.0426405221
2523,0,54b24045-e039-40ee-9ba6-824dbdc42f9e,StartingBlock,252.308105,5683.17969,1,43,43,53,7,0,0,353.878967,839.252319,-378.678986,-0.940401375,0.238454267,-0.23867546,-0.0426493809
2524,0,54b24045-e039-40ee-9ba6-824dbdc42f9e,StartingBlock,252.408203,5683.27979,1,43,43,53,7,0,0,358.467621,840.059204,-373.217224,-0.940398514,0.238459349,-0.238681614,-0.0426495634
2525,0,54b24045-e039-40ee-9ba6-824dbdc42f9e,StartingBlock,252.508301,5683.37988,1,43,43,53,7,0,0,363.047821,840.832214,-367.746643,-0.94039315,0.238472953,-0.238683537,-0.04268004
2526,0,54b24045-e039-40ee-9ba6-824dbdc42f9e,StartingBlock,252.608398,5683.47998,1,43,43,53,7,0,0,367.619568,841.571289,-362.267395,-0.940386772,0.238493726,-0.238688901,-0.0426745862
2527,0,54b24045-e039-40ee-9ba6-824dbdc42f9e,StartingBlock,252.708496,5683.58008,1,43,43,53,7,0,0,372.182648,842.27655,-356.779694,-0.940378487,0.238508299,-0.238706738,-0.0426754393
2528,0,54b24045-e039-40ee-9ba6-824dbdc42f9e,StartingBlock,252.808105,5683.67969,1,43,43,53,7,0,0,376.737061,842.947876,-351.283539,-0.940363765,0.238555014,-0.238719136,-0.0426701233
2529,0,54b24045-e039-40ee-9ba6-824dbdc42f9e,StartingBlock,252.908203,5683.77979,1,43,43,53,7,0,0,381.282623,843.585388,-345.779175,-0.940352917,0.238579988,-0.238735065,-0.0426796637
2530,0,54b24045-e039-40ee-9ba6-824dbdc42f9e,StartingBlock,253.008301,5683.87988,1,43,43,53,7,0,0,385.819336,844.189087,-340.266632,-0.940343738,0.23859714,-0.23875241,-0.042690102
2531,0,54b24045-e039-40ee-9ba6-824dbdc42f9e,StartingBlock,253.108398,5683.97998,1,43,43,53,7,0,0,390.346924,844.759033,-334.746185,-0.940337718,0.238597021,-0.238774389,-0.0427007638
2532,0,54b24045-e039-40ee-9ba6-824dbdc42f9e,StartingBlock,253.208496,5684.08008,1,43,43,53,7,0,0,394.865479,845.295044,-329.217804,-0.940325797,0.238634616,-0.238785297,-0.0426906124
2533,0,54b24045-e039-40ee-9ba6-824dbdc42f9e,StartingBlock,253.308105,5684.17969,1,43,43,53,7,0,0,399.374817,845.797424,-323.681793,-0.940318227,0.238653332,-0.238793403,-0.0427078791
2534,0,54b24045-e039-40ee-9ba6-824dbdc42f9e,StartingBlock,253.408203,5684.27979,1,43,43,53,7,0,0,403.874847,846.26593,-318.138153,-0.940311611,0.238668531,-0.238805205,-0.0427041948
2535,0,54b24045-e039-40ee-9ba6-824dbdc42f9e,StartingBlock,253.508301,5684.37988,1,43,43,53,7,0,0,408.36554,846.700806,-312.587097,-0.940301478,0.238685831,-0.238826305,-0.0427104831
2536,0,54b24045-e039-40ee-9ba6-824dbdc42f9e,StartingBlock,253.608398,5684.47998,1,43,43,53,7,0,0,412.84671,847.101868,-307.028748,-0.940290868,0.238713592,-0.238843545,-0.0426941626
2537,0,54b24045-e039-40ee-9ba6-824dbdc42f9e,StartingBlock,253.708496,5684.58008,1,43,43,53,7,0,0,417.318268,847.469299,-301.463226,-0.940284431,0.238718212,-0.238860428,-0.0427147634
2538,0,54b24045-e039-40ee-9ba6-824dbdc42f9e,StartingBlock,253.808105,5684.67969,1,43,43,53,7,0,0,421.780121,847.80304,-295.890656,-0.940279007,0.238737509,-0.238862857,-0.0427127481
2539,0,54b24045-e039-40ee-9ba6-824dbdc42f9e,StartingBlock,253.908203,5684.77979,1,43,43,53,7,0,0,426.232208,848.103088,-290.311188,-0.940267861,0.238775954,-0.238864705,-0.0427333936
2540,0,54b24045-e039-40ee-9ba6-824dbdc42f9e,StartingBlock,254.008301,5684.87988,1,43,43,53,7,0,0,430.674408,848.369568,-284.724976,-0.940260947,0.238795012,-0.238871083,-0.0427432284
2541,0,54b24045-e039-40ee-9ba6-824dbdc42f9e,StartingBlock,254.108398,5684.97998,1,43,43,53,7,0,0,435.106659,848.602417,-279.132172,-0.940253019,0.238801807,-0.238895014,-0.0427451394
2542,0,54b24045-e039-40ee-9ba6-824dbdc42f9e,StartingBlock,254.208496,5685.08008,1,43,43,53,7,0,0,439.528839,848.801636,-273.532837,-0.940240264,0.238834605,-0.238911718,-0.04274958
2543,0,54b24045-e039-40ee-9ba6-824dbdc42f9e,StartingBlock,254.308105,5685.17969,1,43,43,53,7,0,0,443.940857,848.967346,-267.927185,-0.940237403,0.238832012,-0.238926306,-0.0427437574
2544,0,54b24045-e039-40ee-9ba6-824dbdc42f9e,StartingBlock,254.408203,5685.27979,1,43,43,53,7,0,0,448.34259,849.099487,-262.315308,-0.940229952,0.238853514,-0.238934726,-0.0427424498
2545,0,54b24045-e039-40ee-9ba6-824dbdc42f9e,StartingBlock,254.508301,5685.37988,1,43,43,53,7,0,0,452.733978,849.198059,-256.697327,-0.940217257,0.238889664,-0.238943174,-0.042771399
2546,0,54b24045-e039-40ee-9ba6-824dbdc42f9e,StartingBlock,254.608398,5685.47998,1,43,43,53,7,0,0,457.11496,849.263184,-251.073395,-0.94021982,0.238889709,-0.238933861,-0.0427684709
2547,0,54b24045-e039-40ee-9ba6-824dbdc42f9e,StartingBlock,254.708496,5685.58008,1,43,43,53,7,0,0,461.485352,849.2948,-245.443649,-0.940207243,0.238929585,-0.238941446,-0.0427791886
2548,0,54b24045-e039-40ee-9ba6-824dbdc42f9e,StartingBlock,254.808105,5685.67969,1,43,43,53,7,0,0,465.845154,849.29303,-239.808273,-0.940206051,0.238917917,-0.238959968,-0.0427682325
2549,0,54b24045-e039-40ee-9ba6-824dbdc42f9e,StartingBlock,254.908203,5685.77979,1,43,43,53,7,0,0,470.194214,849.257813,-234.167313,-0.940196097,0.238947168,-0.238965914,-0.0427880213
2550,0,54b24045-e039-40ee-9ba6-824dbdc42f9e,StartingBlock,255.008301,5685.87988,1,43,43,53,7,0,0,474.532532,849.189209,-228.520966,-0.94018662,0.238975301,-0.238978475,-0.042770084
2551,0,54b24045-e039-40ee-9ba6-824dbdc42f9e,StartingBlock,255.108398,5685.97998,1,43,43,53,7,0,0,478.859894,849.08728,-222.86937,-0.940191388,0.23894988,-0.238985673,-0.0427685007
2552,0,54b24045-e039-40ee-9ba6-824dbdc42f9e,StartingBlock,255.208496,5686.08008,1,43,43,53,7,0,0,483.1763,848.952026,-217.212585,-0.940178156,0.238986686,-0.239000842,-0.0427671336
2553,0,54b24045-e039-40ee-9ba6-824dbdc42f9e,StartingBlock,255.308105,5686.17969,1,43,43,53,7,0,0,487.481598,848.783508,-211.550812,-0.940170228,0.239003107,-0.239011407,-0.0427912623
2554,0,54b24045-e039-40ee-9ba6-824dbdc42f9e,StartingBlock,255.408203,5686.27979,1,43,43,53,7,0,0,491.775726,848.581726,-205.884186,-0.940168142,0.239007398,-0.239018947,-0.0427707545
2555,0,54b24045-e039-40ee-9ba6-824dbdc42f9e,StartingBlock,255.508301,5686.37988,1,43,43,53,7,0,0,496.058594,848.34668,-200.212814,-0.940169215,0.239001974,-0.239020243,-0.0427708291
2556,0,54b24045-e039-40ee-9ba6-824dbdc42f9e,StartingBlock,255.608398,5686.47998,1,43,43,53,7,0,0,500.330109,848.078369,-194.536835,-0.940162539,0.239008784,-0.239039063,-0.0427738987
2557,0,54b24045-e039-40ee-9ba6-824dbdc42f9e,StartingBlock,255.708496,5686.58008,1,43,43,53,7,0,0,504.59024,847.776978,-188.856369,-0.940154076,0.239025712,-0.239052743,-0.0427895896
2558,0,54b24045-e039-40ee-9ba6-824dbdc42f9e,StartingBlock,255.808105,5686.67969,1,43,43,53,7,0,0,508.838837,847.442383,-183.171555,-0.940151095,0.239037141,-0.239053532,-0.0427857526
2559,0,54b24045-e039-40ee-9ba6-824dbdc42f9e,StartingBlock,255.908203,5686.77979,1,43,43,53,7,0,0,513.075745,847.074768,-177.48259,-0.940144956,0.239036158,-0.239074439,-0.0428108871
2560,0,54b24045-e039-40ee-9ba6-824dbdc42f9e,StartingBlock,256.008301,5686.87988,1,43,43,53,7,0,0,517.301025,846.67395,-171.789505,-0.940136969,0.239063203,-0.239088073,-0.0427571237
2561,0,54b24045-e039-40ee-9ba6-824dbdc42f9e,StartingBlock,256.108398,5686.97998,1,43,43,53,7,0,0,521.514465,846.240173,-166.092499,-0.940132618,0.239055231,-0.239113122,-0.0427585691
2562,0,54b24045-e039-40ee-9ba6-824dbdc42f9e,StartingBlock,256.208496,5687.08008,1,43,43,53,7,0,0,525.716064,845.773315,-160.391663,-0.940121353,0.239077523,-0.239126295,-0.042807363
2563,0,54b24045-e039-40ee-9ba6-824dbdc42f9e,StartingBlock,256.308105,5687.17969,1,43,43,53,7,0,0,529.90564,845.27356,-154.687164,-0.940114915,0.239080369,-0.239150226,-0.0427979901
2564,0,54b24045-e039-40ee-9ba6-824dbdc42f9e,StartingBlock,256.408203,5687.27979,1,43,43,53,7,0,0,534.083252,844.740906,-148.979156,-0.940112948,0.239087716,-0.239154533,-0.0427754894
2565,0,54b24045-e039-40ee-9ba6-824dbdc42f9e,StartingBlock,256.508301,5687.37988,1,43,43,53,7,0,0,538.248657,844.175171,-143.267731,-0.940108776,0.239087164,-0.239170432,-0.0427829102
2566,0,54b24045-e039-40ee-9ba6-824dbdc42f9e,StartingBlock,256.608398,5687.47998,1,43,43,53,7,0,0,542.401855,843.576721,-137.553009,-0.94010824,0.239091292,-0.239171222,-0.0427656285
2567,0,54b24045-e039-40ee-9ba6-824dbdc42f9e,StartingBlock,256.708496,5687.58008,1,43,43,53,7,0,0,546.542725,842.945374,-131.835159,-0.940104842,0.239092931,-0.239183113,-0.0427675061
2568,0,54b24045-e039-40ee-9ba6-824dbdc42f9e,StartingBlock,256.808105,5687.67969,1,43,43,53,7,0,0,550.671204,842.28125,-126.114273,-0.940106869,0.239098355,-0.239174366,-0.0427410752
2569,0,54b24045-e039-40ee-9ba6-824dbdc42f9e,StartingBlock,256.908203,5687.77979,1,43,43,53,7,0,0,554.787231,841.584351,-120.390526,-0.940098941,0.23910825,-0.239187017,-0.0427871682
2570,0,54b24045-e039-40ee-9ba6-824dbdc42f9e,StartingBlock,257.008301,5687.87988,1,43,43,53,7,0,0,558.890686,840.854797,-114.664009,-0.940096498,0.239114553,-0.239190832,-0.042785719
2571,0,54b24045-e039-40ee-9ba6-824dbdc42f9e,StartingBlock,257.108398,5687.97998,1,43,43,53,7,0,0,562.981445,840.092468,-108.934868,-0.940099418,0.239118651,-0.239180878,-0.0427546501
2572,0,54b24045-e039-40ee-9ba6-824dbdc42f9e,StartingBlock,257.208496,5688.08008,1,43,43,53,7,0,0,567.05957,839.297729,-103.203262,-0.940090358,0.23912707,-0.239198998,-0.0428061374
2573,0,54b24045-e039-40ee-9ba6-824dbdc42f9e,StartingBlock,257.308105,5688.17969,1,43,43,53,7,0,0,571.124817,838.470276,-97.4693222,-0.940095186,0.239113256,-0.239197239,-0.0427860357
2574,0,54b24045-e039-40ee-9ba6-824dbdc42f9e,StartingBlock,257.408203,5688.27979,1,43,43,53,7,0,0,575.177185,837.610229,-91.7331467,-0.94009769,0.239104629,-0.239198118,-0.0427745767
2575,0,54b24045-e039-40ee-9ba6-824dbdc42f9e,StartingBlock,257.508301,5688.37988,1,43,43,53,7,0,0,579.216553,836.717651,-85.9948883,-0.940091372,0.239106983,-0.239218101,-0.0427881815
2576,0,54b24045-e039-40ee-9ba6-824dbdc42f9e,StartingBlock,257.608398,5688.47998,1,43,43,53,7,0,0,583.242798,835.792603,-80.254631,-0.940095782,0.239110887,-0.239197582,-0.0427831858
2577,0,54b24045-e039-40ee-9ba6-824dbdc42f9e,StartingBlock,257.708496,5688.58008,1,43,43,53,7,0,0,587.255981,834.835144,-74.5125732,-0.940093398,0.23911871,-0.239199877,-0.0427808836
2578,0,54b24045-e039-40ee-9ba6-824dbdc42f9e,StartingBlock,257.808105,5688.67969,1,43,43,53,7,0,0,591.25592,833.845337,-68.7688293,-0.940087914,0.239110723,-0.239224002,-0.0428107083
2579,0,54b24045-e039-40ee-9ba6-824dbdc42f9e,StartingBlock,257.908203,5688.77979,1,43,43,53,7,0,0,595.242493,832.82312,-63.0234985,-0.940088272,0.239114851,-0.239216775,-0.0428183451
2580,0,54b24045-e039-40ee-9ba6-824dbdc42f9e,StartingBlock,258.008301,5688.87988,1,43,43,53,7,0,0,599.215759,831.768677,-57.2767143,-0.940087974,0.239117756,-0.239216149,-0.0428135172
2581,0,54b24045-e039-40ee-9ba6-824dbdc42f9e,StartingBlock,258.108398,5688.97998,1,43,43,53,7,0,0,603.175476,830.681946,-51.528614,-0.940087855,0.239133194,-0.239203334,-0.0428023487
2582,0,54b24045-e039-40ee-9ba6-824dbdc42f9e,StartingBlock,258.208496,5689.08008,1,43,43,53,7,0,0,607.121704,829.562927,-45.7793655,-0.940094709,0.23911798,-0.23919645,-0.0427744836
2583,0,54b24045-e039-40ee-9ba6-824dbdc42f9e,StartingBlock,258.308105,5689.17969,1,43,43,53,7,0,0,611.054382,828.411743,-40.0290375,-0.940083742,0.239148557,-0.239206851,-0.0427853502
2584,0,54b24045-e039-40ee-9ba6-824dbdc42f9e,StartingBlock,258.408203,5689.27979,1,43,43,53,7,0,0,614.973206,827.228577,-34.2778053,-0.940074027,0.239158675,-0.239228383,-0.0428236015
2585,0,54b24045-e039-40ee-9ba6-824dbdc42f9e,StartingBlock,258.508301,5689.37988,1,43,43,53,7,0,0,618.878296,826.013245,-28.5257797,-0.940076172,0.23915489,-0.239225939,-0.0428099073
2586,0,54b24045-e039-40ee-9ba6-824dbdc42f9e,StartingBlock,258.608398,5689.47998,1,43,43,53,7,0,0,622.769592,824.765869,-22.773077,-0.940076649,0.239161894,-0.239224389,-0.0427686758
2587,0,54b24045-e039-40ee-9ba6-824dbdc42f9e,StartingBlock,258.708496,5689.58008,1,43,43,53,7,0,0,626.646851,823.486572,-17.0198841,-0.940071225,0.239165589,-0.239238322,-0.0427889526
2588,0,54b24045-e039-40ee-9ba6-824dbdc42f9e,StartingBlock,258.808105,5689.67969,1,43,43,53,7,0,0,630.51001,822.175293,-11.2662811,-0.940067112,0.239171922,-0.239241779,-0.0428246632
2589,0,54b24045-e039-40ee-9ba6-824dbdc42f9e,StartingBlock,258.908203,5689.77979,1,43,43,53,7,0,0,634.359131,820.832153,-5.51240301,-0.94007194,0.239164129,-0.239238366,-0.0427817293
2590,0,54b24045-e039-40ee-9ba6-824dbdc42f9e,StartingBlock,259.008301,5689.87988,1,43,43,53,7,0,0,638.194031,819.457153,0.241611063,-0.940065801,0.23916553,-0.239255607,-0.0428126641
2591,0,54b24045-e039-40ee-9ba6-824dbdc42f9e,StartingBlock,259.108398,5689.97998,1,43,43,53,7,0,0,642.014709,818.050354,5.99564457,-0.940068007,0.239154503,-0.239262283,-0.0427889749
2592,0,54b24045-e039-40ee-9ba6-824dbdc42f9e,StartingBlock,259.208496,5690.08008,1,43,43,53,7,0,0,645.821045,816.611877,11.749589,-0.940069973,0.239159092,-0.239253849,-0.0427679941
2593,0,54b24045-e039-40ee-9ba6-824dbdc42f9e,StartingBlock,259.308105,5690.17969,1,43,43,53,7,0,0,649.612915,815.141663,17.5032825,-0.940062046,0.239172801,-0.239268392,-0.0427827761
2594,0,54b24045-e039-40ee-9ba6-824dbdc42f9e,StartingBlock,259.408203,5690.27979,1,43,43,53,7,0,0,653.39032,813.639832,23.2565689,-0.940069377,0.239152282,-0.239262283,-0.0427724794
2595,0,54b24045-e039-40ee-9ba6-824dbdc42f9e,StartingBlock,259.508301,5690.37988,1,43,43,53,7,0,0,657.153198,812.106384,29.0093956,-0.940069258,0.239157319,-0.239262089,-0.042747058
2596,0,54b24045-e039-40ee-9ba6-824dbdc42f9e,StartingBlock,259.608398,5690.47998,1,43,43,53,7,0,0,660.901428,810.541443,34.76157,-0.940069258,0.239150211,-0.239264354,-0.0427733138
2597,0,54b24045-e039-40ee-9ba6-824dbdc42f9e,StartingBlock,259.708496,5690.58008,1,43,43,53,7,0,0,664.634949,808.944946,40.5129929,-0.940075159,0.239141226,-0.239251763,-0.0427652113
2598,0,54b24045-e039-40ee-9ba6-824dbdc42f9e,StartingBlock,259.808105,5690.67969,1,43,43,53,7,0,0,668.353577,807.317078,46.2635574,-0.94007653,0.239146903,-0.239239439,-0.0427710935
2599,0,54b24045-e039-40ee-9ba6-824dbdc42f9e,StartingBlock,259.908203,5690.77979,1,43,43,53,7,0,0,672.057373,805.657776,52.0131035,-0.940072894,0.239155874,-0.239239976,-0.0427970886
2600,0,54b24045-e039-40ee-9ba6-824dbdc42f9e,StartingBlock,260.008301,5690.87988,1,43,43,53,7,0,0,675.746216,803.967163,57.7615089,-0.940074146,0.239147782,-0.23924607,-0.0427814461
2601,0,54b24045-e039-40ee-9ba6-824dbdc42f9e,StartingBlock,260.108398,5690.97998,1,43,43,53,7,0,0,679.420044,802.2453,63.5086708,-0.940074682,0.239158526,-0.239235446,-0.0427699611
2602,0,54b24045-e039-40ee-9ba6-824dbdc42f9e,StartingBlock,260.208496,5691.08008,1,43,43,53,7,0,0,683.078796,800.492249,69.2544098,-0.940083563,0.239137754,-0.239227533,-0.0427360758
2603,0,54b24045-e039-40ee-9ba6-824dbdc42f9e,StartingBlock,260.308105,5691.17969,1,43,43,53,7,0,0,686.722351,798.707947,74.998642,-0.940073848,0.239144638,-0.239253029,-0.0427685268
2604,0,54b24045-e039-40ee-9ba6-824dbdc42f9e,StartingBlock,260.408203,5691.27979,1,43,43,53,7,0,0,690.350708,796.892578,80.741272,-0.940077484,0.239134982,-0.239253238,-0.0427409038
2605,0,54b24045-e039-40ee-9ba6-824dbdc42f9e,StartingBlock,260.508301,5691.37988,1,43,43,53,7,0,0,693.963684,795.046143,86.4821014,-0.940068901,0.239144832,-0.239270955,-0.0427746251
2606,0,54b24045-e039-40ee-9ba6-824dbdc42f9e,StartingBlock,260.608398,5691.47998,1,43,43,53,7,0,0,697.56134,793.168701,92.2210159,-0.940072417,0.239137292,-0.239267379,-0.0427596048
2607,0,54b24045-e039-40ee-9ba6-824dbdc42f9e,StartingBlock,260.708496,5691.58008,1,43,43,53,7,0,0,701.143494,791.260315,97.9579163,-0.940077424,0.239117309,-0.239270419,-0.042744495
2608,0,54b24045-e039-40ee-9ba6-824dbdc42f9e,StartingBlock,260.808105,5691.67969,1,43,43,53,7,0,0,704.710144,789.320984,103.692688,-0.940070808,0.239130586,-0.239281222,-0.0427553281
2609,0,54b24045-e039-40ee-9ba6-824dbdc42f9e,StartingBlock,260.908203,5691.77979,1,43,43,53,7,0,0,708.261108,787.350891,109.425148,-0.940073609,0.239113659,-0.239288673,-0.042747464
2610,0,54b24045-e039-40ee-9ba6-824dbdc42f9e,StartingBlock,261.008301,5691.87988,1,43,43,53,7,0,0,711.796448,785.350037,115.15522,-0.940068781,0.239123955,-0.23929064,-0.0427841768
2611,0,54b24045-e039-40ee-9ba6-824dbdc42f9e,StartingBlock,261.108398,5691.97998,1,43,43,53,7,0,0,715.31604,783.318481,120.882774,-0.94008261,0.239099875,-0.239273459,-0.042710036
2612,0,54b24045-e039-40ee-9ba6-824dbdc42f9e,StartingBlock,261.208496,5692.08008,1,43,43,53,7,0,0,718.819824,781.256287,126.607666,-0.940083444,0.239093572,-0.239279747,-0.0426929779
2613,0,54b24045-e039-40ee-9ba6-824dbdc42f9e,StartingBlock,261.308105,5692.17969,1,43,43,53,7,0,0,722.3078,779.163452,132.329773,-0.940081537,0.239103064,-0.239276931,-0.0426967889
2614,0,54b24045-e039-40ee-9ba6-824dbdc42f9e,StartingBlock,261.408203,5692.27979,1,43,43,53,7,0,0,725.779663,777.040039,138.048996,-0.940086126,0.239087492,-0.239275768,-0.0426889136
2615,0,54b24045-e039-40ee-9ba6-824dbdc42f9e,StartingBlock,261.508301,5692.37988,1,43,43,53,7,0,0,729.235535,774.88623,143.765182,-0.940083861,0.239094123,-0.239278391,-0.0426883511
2616,0,54b24045-e039-40ee-9ba6-824dbdc42f9e,StartingBlock,261.608398,5692.47998,1,43,43,53,7,0,0,732.675354,772.701843,149.478226,-0.940073669,0.239114702,-0.239296988,-0.0426923484
2617,0,54b24045-e039-40ee-9ba6-824dbdc42f9e,StartingBlock,261.708496,5692.58008,1,43,43,53,7,0,0,736.098999,770.487244,155.187958,-0.940079331,0.239095375,-0.239293292,-0.0426972434
2618,0,54b24045-e039-40ee-9ba6-824dbdc42f9e,StartingBlock,261.808105,5692.67969,1,43,43,53,7,0,0,739.506409,768.24231,160.894272,-0.940080523,0.239089534,-0.2392914,-0.042713806
2619,0,54b24045-e039-40ee-9ba6-824dbdc42f9e,StartingBlock,261.908203,5692.77979,1,43,43,53,7,0,0,742.897461,765.967163,166.597076,-0.940083086,0.239084542,-0.239286661,-0.0427120365
2620,0,54b24045-e039-40ee-9ba6-824dbdc42f9e,StartingBlock,262.008301,5692.87988,1,43,43,53,7,0,0,746.272217,763.661865,172.296219,-0.940090597,0.239073783,-0.239271879,-0.0426891185
2621,0,54b24045-e039-40ee-9ba6-824dbdc42f9e,StartingBlock,262.108398,5692.97998,1,43,43,53,7,0,0,749.630493,761.326477,177.991592,-0.940091252,0.239059091,-0.239281639,-0.0427031033
2622,0,54b24045-e039-40ee-9ba6-824dbdc42f9e,StartingBlock,262.208496,5693.08008,1,43,43,53,7,0,0,752.972229,758.960938,183.683075,-0.940086067,0.239079624,-0.239280954,-0.0427068062
2623,0,54b24045-e039-40ee-9ba6-824dbdc42f9e,StartingBlock,262.308105,5693.17969,1,43,43,53,7,0,0,756.297363,756.565491,189.370529,-0.940083146,0.23908335,-0.23928915,-0.0427031815
2624,0,54b24045-e039-40ee-9ba6-824dbdc42f9e,StartingBlock,262.408203,5693.27979,1,43,43,53,7,0,0,759.605957,754.140137,195.053833,-0.940093279,0.239054844,-0.239288121,-0.0426460281
2625,0,54b24045-e039-40ee-9ba6-824dbdc42f9e,StartingBlock,262.508301,5693.37988,1,43,43,53,7,0,0,762.897766,751.684998,200.732864,-0.940087616,0.239066154,-0.239288956,-0.0427019335
2626,0,54b24045-e039-40ee-9ba6-824dbdc42f9e,StartingBlock,262.608398,5693.47998,1,43,43,53,7,0,0,766.172852,749.200012,206.407501,-0.94009608,0.239059925,-0.239271745,-0.0426480062
2627,0,54b24045-e039-40ee-9ba6-824dbdc42f9e,StartingBlock,262.708496,5693.58008,1,43,43,53,7,0,0,769.431091,746.685364,212.077591,-0.940106153,0.23901552,-0.239277348,-0.0426442474
2628,0,54b24045-e039-40ee-9ba6-824dbdc42f9e,StartingBlock,262.808105,5693.67969,1,43,43,53,7,0,0,772.672363,744.140991,217.743073,-0.940099955,0.239013955,-0.239299133,-0.042665422
2629,0,54b24045-e039-40ee-9ba6-824dbdc42f9e,StartingBlock,262.908203,5693.77979,1,43,43,53,7,0,0,775.896667,741.567078,223.403763,-0.940107107,0.239005148,-0.239279628,-0.0426678732
2630,0,54b24045-e039-40ee-9ba6-824dbdc42f9e,StartingBlock,263.008301,5693.87988,1,43,43,53,7,0,0,779.103943,738.963623,229.059586,-0.940116048,0.238977209,-0.239278138,-0.0426355228
2631,0,54b24045-e039-40ee-9ba6-824dbdc42f9e,StartingBlock,263.108398,5693.97998,1,43,43,53,7,0,0,782.294128,736.330627,234.710419,-0.940109491,0.239005193,-0.239274845,-0.0426403545
2632,0,54b24045-e039-40ee-9ba6-824dbdc42f9e,StartingBlock,263.208496,5694.08008,1,43,43,53,7,0,0,785.467102,733.668335,240.356125,-0.940103829,0.239012495,-0.239289284,-0.0426425971
2633,0,54b24045-e039-40ee-9ba6-824dbdc42f9e,StartingBlock,263.308105,5694.17969,1,43,43,53,7,0,0,788.622925,730.976685,245.996536,-0.940110147,0.238989174,-0.239293709,-0.0426118262
2634,0,54b24045-e039-40ee-9ba6-824dbdc42f9e,StartingBlock,263.408203,5694.27979,1,43,43,53,7,0,0,791.761414,728.255798,251.631577,-0.940107346,0.238991246,-0.239302412,-0.0426130667
2635,0,54b24045-e039-40ee-9ba6-824dbdc42f9e,StartingBlock,263.508301,5694.37988,1,43,43,53,7,0,0,794.882507,725.505798,257.261108,-0.940111101,0.238969788,-0.239306867,-0.042623993
2636,0,54b24045-e039-40ee-9ba6-824dbdc42f9e,StartingBlock,263.608398,5694.47998,1,43,43,53,7,0,0,797.986206,722.726563,262.885071,-0.940110385,0.238976642,-0.239303485,-0.042620834
2637,0,54b24045-e039-40ee-9ba6-824dbdc42f9e,StartingBlock,263.708496,5694.58008,1,43,43,53,7,0,0,801.072388,719.918274,268.503235,-0.940102398,0.238987893,-0.239322156,-0.0426291488
2638,0,54b24045-e039-40ee-9ba6-824dbdc42f9e,StartingBlock,263.808105,5694.67969,1,43,43,53,7,0,0,804.141052,717.081116,274.11554,-0.940104485,0.238976464,-0.239327013,-0.0426192991
2639,0,54b24045-e039-40ee-9ba6-824dbdc42f9e,StartingBlock,263.908203,5694.77979,1,43,43,53,7,0,0,807.192078,714.214966,279.721863,-0.940105557,0.238973007,-0.239324436,-0.0426289737
2640,0,54b24045-e039-40ee-9ba6-824dbdc42f9e,StartingBlock,264.008301,5694.87988,1,43,43,53,7,0,0,810.225464,711.320068,285.322083,-0.940111935,0.238955915,-0.239316657,-0.0426280349
2641,0,54b24045-e039-40ee-9ba6-824dbdc42f9e,StartingBlock,264.108398,5694.97998,1,43,43,53,7,0,0,813.241089,708.396362,290.916077,-0.940115035,0.238946557,-0.239315659,-0.042618379
2642,0,54b24045-e039-40ee-9ba6-824dbdc42f9e,StartingBlock,264.208496,5695.08008,1,43,43,53,7,0,0,816.238892,705.44397,296.503693,-0.94011265,0.238961443,-0.239310935,-0.0426155329
2643,0,54b24045-e039-40ee-9ba6-824dbdc42f9e,StartingBlock,264.308105,5695.17969,1,43,43,53,7,0,0,819.218872,702.462891,302.0849,-0.940111756,0.238966972,-0.239306465,-0.0426291265
2644,0,54b24045-e039-40ee-9ba6-824dbdc42f9e,StartingBlock,264.408203,5695.27979,1,43,43,53,7,0,0,822.180908,699.45343,307.659454,-0.940116405,0.238949195,-0.239305854,-0.0426277518
2645,0,54b24045-e039-40ee-9ba6-824dbdc42f9e,StartingBlock,264.508301,5695.37988,1,43,43,53,7,0,0,825.125,696.415405,313.227295,-0.940122068,0.238933906,-0.239298552,-0.0426301397
2646,0,54b24045-e039-40ee-9ba6-824dbdc42f9e,StartingBlock,264.608398,5695.47998,1,43,43,53,7,0,0,828.051025,693.348999,318.788361,-0.9401263,0.238908127,-0.239305764,-0.0426404774
2647,0,54b24045-e039-40ee-9ba6-824dbdc42f9e,StartingBlock,264.708496,5695.58008,1,43,43,53,7,0,0,830.958984,690.254272,324.342407,-0.94012481,0.238916427,-0.239306778,-0.0426203758
2648,0,54b24045-e039-40ee-9ba6-824dbdc42f9e,StartingBlock,264.808105,5695.67969,1,43,43,53,7,0,0,833.848755,687.131165,329.889465,-0.940131366,0.238899857,-0.239301801,-0.0425957739
2649,0,54b24045-e039-40ee-9ba6-824dbdc42f9e,StartingBlock,264.908203,5695.77979,1,43,43,53,7,0,0,836.720337,683.980042,335.429291,-0.94012779,0.238913894,-0.239295319,-0.0426346101
2650,0,54b24045-e039-40ee-9ba6-824dbdc42f9e,StartingBlock,265.008301,5695.87988,1,43,43,53,7,0,0,839.573669,680.80072,340.961823,-0.940139115,0.238883987,-0.239287764,-0.042596098
2651,0,54b24045-e039-40ee-9ba6-824dbdc42f9e,StartingBlock,265.108398,5695.97998,1,43,43,53,7,0,0,842.408569,677.593445,346.486877,-0.940133989,0.238904923,-0.23928453,-0.042609334
2652,0,54b24045-e039-40ee-9ba6-824dbdc42f9e,StartingBlock,265.208496,5696.08008,1,43,43,53,7,0,0,845.225037,674.358215,352.004395,-0.94014436,0.238879368,-0.239266858,-0.0426233783
2653,0,54b24045-e039-40ee-9ba6-824dbdc42f9e,StartingBlock,265.308105,5696.17969,1,43,43,53,7,0,0,848.023254,671.095093,357.514252,-0.940148234,0.238866523,-0.239265516,-0.042616751
2654,0,54b24045-e039-40ee-9ba6-824dbdc42f9e,StartingBlock,265.408203,5696.27979,1,43,43,53,7,0,0,850.802856,667.804199,363.016357,-0.940151453,0.238840282,-0.239278838,-0.042618636
2655,0,54b24045-e039-40ee-9ba6-824dbdc42f9e,StartingBlock,265.508301,5696.37988,1,43,43,53,7,0,0,853.563843,664.485474,368.510529,-0.940151334,0.238850102,-0.239267811,-0.0426268205
2656,0,54b24045-e039-40ee-9ba6-824dbdc42f9e,StartingBlock,265.608398,5696.47998,1,43,43,53,7,0,0,856.306274,661.13916,373.996643,-0.940154552,0.238839552,-0.239260972,-0.0426539108
2657,0,54b24045-e039-40ee-9ba6-824dbdc42f9e,StartingBlock,265.708496,5696.58008,1,43,43,53,7,0,0,859.030029,657.765259,379.47467,-0.940155625,0.238851532,-0.239247486,-0.0426378772
2658,0,54b24045-e039-40ee-9ba6-824dbdc42f9e,StartingBlock,265.808105,5696.67969,1,43,43,53,7,0,0,861.734985,654.363953,384.944366,-0.940169096,0.238817468,-0.23923488,-0.0426030122
2659,0,54b24045-e039-40ee-9ba6-824dbdc42f9e,StartingBlock,265.908203,5696.77979,1,43,43,53,7,0,0,864.421204,650.935181,390.405762,-0.940165162,0.238826871,-0.239235789,-0.0426315628
2660,0,54b24045-e039-40ee-9ba6-824dbdc42f9e,StartingBlock,266.008301,5696.87988,1,43,43,53,7,0,0,867.088562,647.479004,395.858673,-0.940167129,0.238834262,-0.239222676,-0.0426214039
2661,0,54b24045-e039-40ee-9ba6-824dbdc42f9e,StartingBlock,266.108398,5696.97998,1,43,43,53,7,0,0,869.737061,643.995728,401.302948,-0.940177679,0.238791555,-0.239230901,-0.0425812453
2662,0,54b24045-e039-40ee-9ba6-824dbdc42f9e,StartingBlock,266.208496,5697.08008,1,43,43,53,7,0,0,872.366516,640.485168,406.738464,-0.94016093,0.23880814,-0.239270791,-0.0426337086
2663,0,54b24045-e039-40ee-9ba6-824dbdc42f9e,StartingBlock,266.308105,5697.17969,1,43,43,53,7,0,0,874.977051,636.947632,412.165161,-0.940166354,0.238801107,-0.239260882,-0.0426098406
2664,0,54b24045-e039-40ee-9ba6-824dbdc42f9e,StartingBlock,266.408203,5697.27979,1,43,43,53,7,0,0,877.56842,633.382996,417.582855,-0.940163851,0.2388096,-0.239264399,-0.0425965041
2665,0,54b24045-e039-40ee-9ba6-824dbdc42f9e,StartingBlock,266.508301,5697.37988,1,43,43,53,7,0,0,880.140747,629.791504,422.991516,-0.94017446,0.238769546,-0.239263177,-0.0425957553
2666,0,54b24045-e039-40ee-9ba6-824dbdc42f9e,StartingBlock,266.608398,5697.47998,1,43,43,53,7,0,0,882.693909,626.173096,428.39093,-0.940172195,0.238786086,-0.239257365,-0.0425843932
2667,0,54b24045-e039-40ee-9ba6-824dbdc42f9e,StartingBlock,266.708496,5697.58008,1,43,43,53,7,0,0,885.227844,622.527954,433.781067,-0.940173268,0.238787681,-0.239255011,-0.0425647236
2668,0,54b24045-e039-40ee-9ba6-824dbdc42f9e,StartingBlock,266.808105,5697.67969,1,43,43,53,7,0,0,887.742432,618.85614,439.161713,-0.940171063,0.238789201,-0.239249781,-0.0426346846
2669,0,54b24045-e039-40ee-9ba6-824dbdc42f9e,StartingBlock,266.908203,5697.77979,1,43,43,53,7,0,0,890.237732,615.157654,444.532867,-0.94017458,0.238783583,-0.239245415,-0.0426129811
2670,0,54b24045-e039-40ee-9ba6-824dbdc42f9e,StartingBlock,267.008301,5697.87988,1,43,43,53,7,0,0,892.713562,611.432739,449.894318,-0.940184355,0.238760635,-0.239230141,-0.042611368
2671,0,54b24045-e039-40ee-9ba6-824dbdc42f9e,StartingBlock,267.108398,5697.97998,1,43,43,53,7,0,0,895.169983,607.681274,455.246002,-0.940185547,0.238754675,-0.239235684,-0.0425883271
2672,0,54b24045-e039-40ee-9ba6-824dbdc42f9e,StartingBlock,267.208496,5698.08008,1,43,43,53,7,0,0,897.606934,603.903625,460.587769,-0.940194309,0.238725364,-0.239230677,-0.0425879247
2673,0,54b24045-e039-40ee-9ba6-824dbdc42f9e,StartingBlock,267.308105,5698.17969,1,43,43,53,7,0,0,900.024414,600.099609,465.919556,-0.940189302,0.238749847,-0.239226744,-0.0425817184
2674,0,54b24045-e039-40ee-9ba6-824dbdc42f9e,StartingBlock,267.408203,5698.27979,1,43,43,53,7,0,0,902.422241,596.269348,471.241241,-0.940193474,0.238739818,-0.239221692,-0.0425740741
2675,0,54b24045-e039-40ee-9ba6-824dbdc42f9e,StartingBlock,267.508301,5698.37988,1,43,43,53,7,0,0,904.800415,592.413147,476.552643,-0.940203369,0.238719776,-0.239206523,-0.0425543748
2676,0,54b24045-e039-40ee-9ba6-824dbdc42f9e,StartingBlock,267.608398,5698.47998,1,43,43,53,7,0,0,907.158936,588.530884,481.853699,-0.940202415,0.238734588,-0.239194959,-0.0425561108
2677,0,54b24045-e039-40ee-9ba6-824dbdc42f9e,StartingBlock,267.708496,5698.58008,1,43,43,53,7,0,0,909.49762,584.622681,487.144287,-0.940204382,0.238716647,-0.239204183,-0.0425602719
2678,0,54b24045-e039-40ee-9ba6-824dbdc42f9e,StartingBlock,267.808105,5698.67969,1,43,43,53,7,0,0,911.816528,580.68866,492.424286,-0.940203846,0.238715693,-0.239205912,-0.0425697826
2679,0,54b24045-e039-40ee-9ba6-824dbdc42f9e,StartingBlock,267.908203,5698.77979,1,43,43,53,7,0,0,914.115601,576.728882,497.693573,-0.940210283,0.238699183,-0.239196673,-0.0425724238
2680,0,54b24045-e039-40ee-9ba6-824dbdc42f9e,StartingBlock,268.008301,5698.87988,1,43,43,53,7,0,0,916.394836,572.743408,502.952026,-0.940205872,0.238702416,-0.239208534,-0.0425836444
2681,0,54b24045-e039-40ee-9ba6-824dbdc42f9e,StartingBlock,268.108398,5698.97998,1,43,43,53,7,0,0,918.654114,568.7323,508.199585,-0.940211535,0.238684416,-0.239204377,-0.0425838195
2682,0,54b24045-e039-40ee-9ba6-824dbdc42f9e,StartingBlock,268.208496,5699.08008,1,43,43,53,7,0,0,920.893372,564.69574,513.436035,-0.940209985,0.238704845,-0.239191636,-0.0425740294
2683,0,54b24045-e039-40ee-9ba6-824dbdc42f9e,StartingBlock,268.308105,5699.17969,1,43,43,53,7,0,0,923.112549,560.633789,518.661377,-0.940226436,0.238660082,-0.239179149,-0.0425309092
2684,0,54b24045-e039-40ee-9ba6-824dbdc42f9e,StartingBlock,268.408203,5699.27979,1,43,43,53,7,0,0,925.311707,556.54657,523.875427,-0.940213621,0.238674581,-0.239205852,-0.0425846279
2685,0,54b24045-e039-40ee-9ba6-824dbdc42f9e,StartingBlock,268.508301,5699.37988,1,43,43,53,7,0,0,927.490723,552.434143,529.078064,-0.940219283,0.238684207,-0.239184797,-0.0425224341
2686,0,54b24045-e039-40ee-9ba6-824dbdc42f9e,StartingBlock,268.608398,5699.47998,1,43,43,53,7,0,0,929.649475,548.296509,534.269226,-0.940220237,0.238672674,-0.239185214,-0.0425661355
2687,0,54b24045-e039-40ee-9ba6-824dbdc42f9e,StartingBlock,268.708496,5699.58008,1,43,43,53,7,0,0,931.788086,544.13385,539.448792,-0.940228522,0.238643035,-0.239186525,-0.0425397977
2688,0,54b24045-e039-40ee-9ba6-824dbdc42f9e,StartingBlock,268.808105,5699.67969,1,43,43,53,7,0,0,933.906433,539.946106,544.616638,-0.940234303,0.238637507,-0.239172146,-0.0425256006
2689,0,54b24045-e039-40ee-9ba6-824dbdc42f9e,StartingBlock,268.908203,5699.77979,1,43,43,53,7,0,0,936.004395,535.733643,549.772644,-0.940232933,0.238620684,-0.239195973,-0.0425157398
2690,0,54b24045-e039-40ee-9ba6-824dbdc42f9e,StartingBlock,269.008301,5699.87988,1,43,43,53,7,0,0,938.08197,531.496399,554.916626,-0.9402228,0.238642931,-0.239205644,-0.042561315
2691,0,54b24045-e039-40ee-9ba6-824dbdc42f9e,StartingBlock,269.108398,5699.97998,1,43,43,53,7,0,0,940.13916,527.234497,560.048584,-0.940238297,0.238606855,-0.239185303,-0.0425346866
2692,0,54b24045-e039-40ee-9ba6-824dbdc42f9e,StartingBlock,269.208496,5700.08008,1,43,43,53,7,0,0,942.175903,522.947998,565.168396,-0.940240324,0.238602147,-0.239182711,-0.0425306745
2693,0,54b24045-e039-40ee-9ba6-824dbdc42f9e,StartingBlock,269.308105,5700.17969,1,43,43,53,7,0,0,944.192139,518.636963,570.275879,-0.94024092,0.238596752,-0.239183351,-0.0425427556
2694,0,54b24045-e039-40ee-9ba6-824dbdc42f9e,StartingBlock,269.408203,5700.27979,1,43,43,53,7,0,0,946.187805,514.301514,575.371033,-0.940238297,0.238615811,-0.239180878,-0.042508211
2695,0,54b24045-e039-40ee-9ba6-824dbdc42f9e,StartingBlock,269.508301,5700.37988,1,43,43,53,7,0,0,948.162842,509.941803,580.453613,-0.940234482,0.238632604,-0.239179775,-0.0425046086
2696,0,54b24045-e039-40ee-9ba6-824dbdc42f9e,StartingBlock,269.608398,5700.47998,1,43,43,53,7,0,0,950.117249,505.557831,585.52356,-0.94023782,0.238598451,-0.239196524,-0.042529922
2697,0,54b24045-e039-40ee-9ba6-824dbdc42f9e,StartingBlock,269.708496,5700.58008,1,43,43,53,7,0,0,952.051025,501.14975,590.580872,-0.94024545,0.238590658,-0.239177495,-0.0425105989
2698,0,54b24045-e039-40ee-9ba6-824dbdc42f9e,StartingBlock,269.808105,5700.67969,1,43,43,53,7,0,0,953.963989,496.717651,595.625305,-0.940247357,0.23857975,-0.239184022,-0.0424936078
2699,0,54b24045-e039-40ee-9ba6-824dbdc42f9e,StartingBlock,269.908203,5700.77979,1,43,43,53,7,0,0,955.856201,492.261627,600.656677,-0.940249026,0.238572627,-0.239184916,-0.0424909405
2700,0,54b24045-e039-40ee-9ba6-824dbdc42f9e,StartingBlock,270.008301,5700.87988,1,43,43,53,7,0,0,957.7276,487.781708,605.675049,-0.940260589,0.238555014,-0.239159122,-0.0424784236
2701,0,54b24045-e039-40ee-9ba6-824dbdc42f9e,StartingBlock,270.108398,5700.97998,1,43,43,53,7,0,0,959.578125,483.278107,610.680298,-0.940262496,0.238525704,-0.239177465,-0.042498298
2702,0,54b24045-e039-40ee-9ba6-824dbdc42f9e,StartingBlock,270.208496,5701.08008,1,43,43,53,7,0,0,961.407776,478.750824,615.672241,-0.940259397,0.23855412,-0.239156857,-0.0425238423
2703,0,54b24045-e039-40ee-9ba6-824dbdc42f9e,StartingBlock,270.308105,5701.17969,1,43,43,53,7,0,0,963.216492,474.199982,620.650818,-0.940268874,0.238531828,-0.23914507,-0.0425053313
2704,0,54b24045-e039-40ee-9ba6-824dbdc42f9e,StartingBlock,270.408203,5701.27979,1,43,43,53,7,0,0,965.004211,469.625702,625.615784,-0.940274775,0.238523319,-0.239133075,-0.0424905866
2705,0,54b24045-e039-40ee-9ba6-824dbdc42f9e,StartingBlock,270.508301,5701.37988,1,43,43,53,7,0,0,966.770874,465.028015,630.5672,-0.940268636,0.23853682,-0.239141017,-0.0425058417
2706,0,54b24045-e039-40ee-9ba6-824dbdc42f9e,StartingBlock,270.608398,5701.47998,1,43,43,53,7,0,0,968.516541,460.407135,635.504883,-0.940271318,0.238517776,-0.239153221,-0.0424840823
2707,0,54b24045-e039-40ee-9ba6-824dbdc42f9e,StartingBlock,270.708496,5701.58008,1,43,43,53,7,0,0,970.241089,455.763092,640.428711,-0.940279067,0.2384893,-0.239148185,-0.0425014459
2708,0,54b24045-e039-40ee-9ba6-824dbdc42f9e,StartingBlock,270.808105,5701.67969,1,43,43,53,7,0,0,971.944458,451.095917,645.338623,-0.940276444,0.238495722,-0.239149421,-0.0425159112
2709,0,54b24045-e039-40ee-9ba6-824dbdc42f9e,StartingBlock,270.908203,5701.77979,1,43,43,53,7,0,0,973.626648,446.405792,650.234436,-0.940275133,0.238509238,-0.239143923,-0.0424993746
2710,0,54b24045-e039-40ee-9ba6-824dbdc42f9e,StartingBlock,271.008301,5701.87988,1,43,43,53,7,0,0,975.287598,441.692841,655.11615,-0.940275967,0.238522351,-0.239134446,-0.0424602441
2711,0,54b24045-e039-40ee-9ba6-824dbdc42f9e,StartingBlock,271.108398,5701.97998,1,43,43,53,7,0,0,976.927246,436.957062,659.983521,-0.940279365,0.238484979,-0.239152059,-0.0424962714
2712,0,54b24045-e039-40ee-9ba6-824dbdc42f9e,StartingBlock,271.208496,5702.08008,1,43,43,53,7,0,0,978.545593,432.198608,664.836548,-0.940289319,0.238466546,-0.239135772,-0.0424717627
2713,0,54b24045-e039-40ee-9ba6-824dbdc42f9e,StartingBlock,271.308105,5702.17969,1,43,43,53,7,0,0,980.142578,427.417633,669.675049,-0.940280378,0.238499179,-0.239134163,-0.042494718
2714,0,54b24045-e039-40ee-9ba6-824dbdc42f9e,StartingBlock,271.408203,5702.27979,1,43,43,53,7,0,0,981.718201,422.614136,674.498962,-0.940284133,0.238474607,-0.239140019,-0.0425156429
2715,0,54b24045-e039-40ee-9ba6-824dbdc42f9e,StartingBlock,271.508301,5702.37988,1,43,43,53,7,0,0,983.2724,417.7883,679.308167,-0.94029963,0.238452509,-0.239105299,-0.0424929261
2716,0,54b24045-e039-40ee-9ba6-824dbdc42f9e,StartingBlock,271.608398,5702.47998,1,43,43,53,7,0,0,984.805115,412.940186,684.1026,-0.940301359,0.238439485,-0.239112973,-0.0424861461
2717,0,54b24045-e039-40ee-9ba6-824dbdc42f9e,StartingBlock,271.708496,5702.58008,1,43,43,53,7,0,0,986.316284,408.069946,688.88208,-0.940297723,0.238453016,-0.239118561,-0.0424590632
2718,0,54b24045-e039-40ee-9ba6-824dbdc42f9e,StartingBlock,271.808105,5702.67969,1,43,43,53,7,0,0,987.80603,403.177551,693.646545,-0.940303326,0.23845008,-0.239096403,-0.0424753502
2719,0,54b24045-e039-40ee-9ba6-824dbdc42f9e,StartingBlock,271.908203,5702.77979,1,43,43,53,7,0,0,989.274109,398.263306,698.395813,-0.940301716,0.238460124,-0.239093825,-0.042469494
2720,0,54b24045-e039-40ee-9ba6-824dbdc42f9e,StartingBlock,272.008301,5702.87988,1,43,43,53,7,0,0,990.720642,393.327118,703.130005,-0.940311849,0.238401279,-0.239109635,-0.042485781
2721,0,54b24045-e039-40ee-9ba6-824dbdc42f9e,StartingBlock,272.108398,5702.97998,1,43,43,53,7,0,0,992.145447,388.369202,707.848633,-0.940306306,0.238438562,-0.239098996,-0.0424585119
2722,0,54b24045-e039-40ee-9ba6-824dbdc42f9e,StartingBlock,272.208496,5703.08008,1,43,43,53,7,0,0,993.548645,383.389587,712.551941,-0.94031179,0.238414556,-0.239102229,-0.0424562208
2723,0,54b24045-e039-40ee-9ba6-824dbdc42f9e,StartingBlock,272.308105,5703.17969,1,43,43,53,7,0,0,994.930054,378.388458,717.239624,-0.940314651,0.238393009,-0.239115939,-0.0424355529
2724,0,54b24045-e039-40ee-9ba6-824dbdc42f9e,StartingBlock,272.408203,5703.27979,1,43,43,53,7,0,0,996.289734,373.365875,721.911682,-0.940315604,0.238380894,-0.239120752,-0.0424539037
2725,0,54b24045-e039-40ee-9ba6-824dbdc42f9e,StartingBlock,272.508301,5703.37988,1,43,43,53,7,0,0,997.627686,368.32193,726.567932,-0.94031024,0.238423333,-0.239104733,-0.04242469
2726,0,54b24045-e039-40ee-9ba6-824dbdc42f9e,StartingBlock,272.608398,5703.47998,1,43,43,53,7,0,0,998.943787,363.256805,731.208313,-0.940314233,0.238387227,-0.239119768,-0.0424561352
2727,0,54b24045-e039-40ee-9ba6-824dbdc42f9e,StartingBlock,272.708496,5703.58008,1,43,43,53,7,0,0,1000.23798,358.170502,735.832703,-0.940311074,0.23841694,-0.239103556,-0.0424503945
2728,0,54b24045-e039-40ee-9ba6-824dbdc42f9e,StartingBlock,272.808105,5703.67969,1,43,43,53,7,0,0,1001.51025,353.063202,740.44104,-0.940322816,0.238379762,-0.239091679,-0.0424651913
2729,0,54b24045-e039-40ee-9ba6-824dbdc42f9e,StartingBlock,272.908203,5703.77979,1,43,43,53,7,0,0,1002.76062,347.934998,745.033081,-0.940330267,0.238370046,-0.239069134,-0.0424809009
2730,0,54b24045-e039-40ee-9ba6-824dbdc42f9e,StartingBlock,273.008301,5703.87988,1,43,43,53,7,0,0,1003.98907,342.785889,749.608887,-0.940326691,0.238385215,-0.239067703,-0.0424840301
2731,0,54b24045-e039-40ee-9ba6-824dbdc42f9e,StartingBlock,273.108398,5703.97998,1,43,43,53,7,0,0,1005.19543,337.61618,754.168274,-0.94032824,0.238360003,-0.239083558,-0.0425010324
2732,0,54b24045-e039-40ee-9ba6-824dbdc42f9e,StartingBlock,273.208496,5704.08008,1,43,43,53,7,0,0,1006.37994,332.425842,758.711121,-0.940330923,0.238384575,-0.239057779,-0.0424499847
2733,0,54b24045-e039-40ee-9ba6-824dbdc42f9e,StartingBlock,273.308105,5704.17969,1,43,43,53,7,0,0,1007.54224,327.214996,763.237366,-0.940325141,0.238381341,-0.23907961,-0.042473767
2734,0,54b24045-e039-40ee-9ba6-824dbdc42f9e,StartingBlock,273.408203,5704.27979,1,43,43,53,7,0,0,1008.6825,321.983765,767.746887,-0.94033134,0.238352403,-0.239079669,-0.0424972363
2735,0,54b24045-e039-40ee-9ba6-824dbdc42f9e,StartingBlock,273.508301,5704.37988,1,43,43,53,7,0,0,1009.80066,316.73233,772.239563,-0.940331876,0.23837176,-0.239061967,-0.0424772203
2736,0,54b24045-e039-40ee-9ba6-824dbdc42f9e,StartingBlock,273.608398,5704.47998,1,43,43,53,7,0,0,1010.89661,311.460663,776.715393,-0.940335214,0.23835589,-0.239065081,-0.0424742922
2737,0,54b24045-e039-40ee-9ba6-824dbdc42f9e,StartingBlock,273.708496,5704.58008,1,43,43,53,7,0,0,1011.97034,306.168976,781.174133,-0.94032836,0.238387808,-0.239062801,-0.0424610078
2738,0,54b24045-e039-40ee-9ba6-824dbdc42f9e,StartingBlock,273.808105,5704.67969,1,43,43,53,7,0,0,1013.02191,300.857269,785.615723,-0.940342665,0.238339901,-0.239057064,-0.0424448922
2739,0,54b24045-e039-40ee-9ba6-824dbdc42f9e,StartingBlock,273.908203,5704.77979,1,43,43,53,7,0,0,1014.05121,295.525787,790.0401,-0.940343499,0.238347366,-0.239042595,-0.0424653776
2740,0,54b24045-e039-40ee-9ba6-824dbdc42f9e,StartingBlock,274.008301,5704.87988,1,43,43,53,7,0,0,1015.05829,290.174591,794.447083,-0.940349996,0.238318935,-0.239043161,-0.0424766541
2741,0,54b24045-e039-40ee-9ba6-824dbdc42f9e,StartingBlock,274.108398,5704.97998,1,43,43,53,7,0,0,1016.04303,284.803802,798.83667,-0.940356493,0.238312095,-0.239028633,-0.0424533784
2742,0,54b24045-e039-40ee-9ba6-824dbdc42f9e,StartingBlock,274.208496,5705.08008,1,43,43,53,7,0,0,1017.00537,279.413483,803.20874,-0.940348864,0.238313705,-0.239048302,-0.0425035544
2743,0,54b24045-e039-40ee-9ba6-824dbdc42f9e,StartingBlock,274.308105,5705.17969,1,43,43,53,7,0,0,1017.94543,274.003784,807.56311,-0.940357804,0.23830317,-0.239035845,-0.0424343869
2744,0,54b24045-e039-40ee-9ba6-824dbdc42f9e,StartingBlock,274.408203,5705.27979,1,43,43,53,7,0,0,1018.8631,268.574768,811.899719,-0.940358937,0.238301262,-0.239027932,-0.0424641035
2745,0,54b24045-e039-40ee-9ba6-824dbdc42f9e,StartingBlock,274.508301,5705.37988,1,43,43,53,7,0,0,1019.7583,263.126587,816.218506,-0.940355182,0.238323197,-0.239024743,-0.0424427353
2746,0,54b24045-e039-40ee-9ba6-824dbdc42f9e,StartingBlock,274.608398,5705.47998,1,43,43,53,7,0,0,1020.63104,257.659424,820.519348,-0.940353453,0.238318399,-0.239034295,-0.0424543545
2747,0,54b24045-e039-40ee-9ba6-824dbdc42f9e,StartingBlock,274.708496,5705.58008,1,43,43,53,7,0,0,1021.48132,252.173264,824.802063,-0.940361738,0.238309979,-0.23901546,-0.0424235277
2748,0,54b24045-e039-40ee-9ba6-824dbdc42f9e,StartingBlock,274.808105,5705.67969,1,43,43,53,7,0,0,1022.30902,246.668289,829.066711,-0.940361738,0.238296568,-0.23901853,-0.0424825586
2749,0,54b24045-e039-40ee-9ba6-824dbdc42f9e,StartingBlock,274.908203,5705.77979,1,43,43,53,7,0,0,1023.11432,241.144592,833.313049,-0.940375686,0.238285288,-0.238984108,-0.0424316227
2750,0,54b24045-e039-40ee-9ba6-824dbdc42f9e,StartingBlock,275.008301,5705.87988,1,43,43,53,7,0,0,1023.89703,235.602325,837.541016,-0.940361559,0.238326162,-0.239000231,-0.0424235463
2751,0,54b24045-e039-40ee-9ba6-824dbdc42f9e,StartingBlock,275.108398,5705.97998,1,43,43,53,7,0,0,1024.65723,230.04155,841.750549,-0.940367579,0.23831661,-0.238991082,-0.0423934944
2752,0,54b24045-e039-40ee-9ba6-824dbdc42f9e,StartingBlock,275.208496,5706.08008,1,43,43,53,7,0,0,1025.39465,224.462418,845.941467,-0.940373063,0.238313884,-0.238966867,-0.0424255468
2753,0,54b24045-e039-40ee-9ba6-824dbdc42f9e,StartingBlock,275.308105,5706.17969,1,43,43,53,7,0,0,1026.1095,218.86499,850.11377,-0.940374613,0.238287643,-0.238989711,-0.0424083136
2754,0,54b24045-e039-40ee-9ba6-824dbdc42f9e,StartingBlock,275.408203,5706.27979,1,43,43,53,7,0,0,1026.80176,213.249481,854.267273,-0.940380633,0.238291398,-0.238958597,-0.0424303152
2755,0,54b24045-e039-40ee-9ba6-824dbdc42f9e,StartingBlock,275.508301,5706.37988,1,43,43,53,7,0,0,1027.47131,207.615936,858.401978,-0.940385103,0.238278612,-0.238952607,-0.0424351841
2756,0,54b24045-e039-40ee-9ba6-824dbdc42f9e,StartingBlock,275.608398,5706.47998,1,43,43,53,7,0,0,1028.11816,201.964493,862.5177,-0.94038707,0.23828508,-0.238940045,-0.0424272418
2757,0,54b24045-e039-40ee-9ba6-824dbdc42f9e,StartingBlock,275.708496,5706.58008,1,43,43,53,7,0,0,1028.74219,196.295242,866.61438,-0.940398037,0.238275066,-0.23890461,-0.042438712
2758,0,54b24045-e039-40ee-9ba6-824dbdc42f9e,StartingBlock,275.808105,5706.67969,1,43,43,53,7,0,0,1029.34351,190.608353,870.691772,-0.940389156,0.238290936,-0.238919377,-0.0424643271
2759,0,54b24045-e039-40ee-9ba6-824dbdc42f9e,StartingBlock,275.908203,5706.77979,1,43,43,53,7,0,0,1029.92212,184.903931,874.75,-0.940398276,0.238292187,-0.238882616,-0.0424625203
2760,0,54b24045-e039-40ee-9ba6-824dbdc42f9e,StartingBlock,276.008301,5706.87988,1,43,43,53,7,0,0,1030.47778,179.182068,878.788879,-0.940394521,0.238309249,-0.238878086,-0.0424741544
2761,0,54b24045-e039-40ee-9ba6-824dbdc42f9e,StartingBlock,276.108398,5706.97998,1,43,43,53,7,0,0,1031.01062,173.442841,882.808289,-0.940407515,0.238283813,-0.238863394,-0.0424140058
2762,0,54b24045-e039-40ee-9ba6-824dbdc42f9e,StartingBlock,276.208496,5707.08008,1,43,43,53,7,0,0,1031.52075,167.686432,886.808228,-0.940426111,0.238216683,-0.238853544,-0.0424327403
2763,0,54b24045-e039-40ee-9ba6-824dbdc42f9e,StartingBlock,276.308105,5707.17969,1,43,43,53,7,0,0,1032.00781,161.912994,890.788391,-0.940410137,0.238242134,-0.23887068,-0.0425478593
2764,0,54b24045-e039-40ee-9ba6-824dbdc42f9e,StartingBlock,276.408203,5707.27979,1,43,43,53,7,0,0,1032.47205,156.122604,894.748779,-0.940408707,0.23825863,-0.238859579,-0.042550765
2765,0,54b24045-e039-40ee-9ba6-824dbdc42f9e,StartingBlock,276.508301,5707.37988,1,43,43,53,7,0,0,1032.91345,150.315338,898.689392,-0.940418839,0.238245726,-0.238849223,-0.0424546376
2766,0,54b24045-e039-40ee-9ba6-824dbdc42f9e,StartingBlock,276.608398,5707.47998,1,43,43,53,7,0,0,1033.33179,144.491379,902.610046,-0.940417171,0.238252908,-0.238843977,-0.0424825512
2767,0,54b24045-e039-40ee-9ba6-824dbdc42f9e,StartingBlock,276.708496,5707.58008,1,43,43,53,7,0,0,1033.72729,138.650848,906.510681,-0.940406561,0.238254473,-0.238870114,-0.0425604917
2768,0,54b24045-e039-40ee-9ba6-824dbdc42f9e,StartingBlock,276.808105,5707.67969,1,43,43,53,7,0,0,1034.09973,132.793793,910.391113,-0.940411806,0.238257796,-0.238858208,-0.0424938574
2769,0,54b24045-e039-40ee-9ba6-824dbdc42f9e,StartingBlock,276.908203,5707.77979,1,43,43,53,7,0,0,1034.44922,126.920403,914.251343,-0.940413237,0.238257319,-0.238845661,-0.042535685
2770,0,54b24045-e039-40ee-9ba6-824dbdc42f9e,StartingBlock,277.008301,5707.87988,1,43,43,53,7,0,0,1034.77563,121.030777,918.091248,-0.940419614,0.238256872,-0.238828406,-0.0424931757
2771,0,54b24045-e039-40ee-9ba6-824dbdc42f9e,StartingBlock,277.108398,5707.97998,1,43,43,53,7,0,0,1035.07898,115.125069,921.910706,-0.940416455,0.238273174,-0.23882547,-0.0424888171
2772,0,54b24045-e039-40ee-9ba6-824dbdc42f9e,StartingBlock,277.208496,5708.08008,1,43,43,53,7,0,0,1035.35938,109.203362,925.709717,-0.940419137,0.238249287,-0.238843054,-0.0424642116
2773,0,54b24045-e039-40ee-9ba6-824dbdc42f9e,StartingBlock,277.308105,5708.17969,1,43,43,53,7,0,0,1035.6167,103.2658,929.487976,-0.940414667,0.238257274,-0.238853022,-0.042462483
2774,0,54b24045-e039-40ee-9ba6-824dbdc42f9e,StartingBlock,277.408203,5708.27979,1,43,43,53,7,0,0,1035.85071,97.3125076,933.245667,-0.940420628,0.238227367,-0.238859504,-0.0424614958
2775,0,54b24045-e039-40ee-9ba6-824dbdc42f9e,StartingBlock,277.508301,5708.37988,1,43,43,53,7,0,0,1036.06189,91.3436279,936.982422,-0.940416455,0.238236338,-0.238866076,-0.0424662344
2776,0,54b24045-e039-40ee-9ba6-824dbdc42f9e,StartingBlock,277.608398,5708.47998,1,43,43,53,7,0,0,1036.24976,85.3592606,940.698364,-0.940415144,0.238236159,-0.238862976,-0.0425149873
2777,0,54b24045-e039-40ee-9ba6-824dbdc42f9e,StartingBlock,277.708496,5708.58008,1,43,43,53,7,0,0,1036.41467,79.3595047,944.39325,-0.940419793,0.238232911,-0.23885642,-0.0424650721
2778,0,54b24045-e039-40ee-9ba6-824dbdc42f9e,StartingBlock,277.808105,5708.67969,1,43,43,53,7,0,0,1036.55615,73.3445435,948.067078,-0.940410972,0.238236189,-0.238883391,-0.0424925759
2779,0,54b24045-e039-40ee-9ba6-824dbdc42f9e,StartingBlock,277.908203,5708.77979,1,43,43,53,7,0,0,1036.67456,67.3144913,951.719727,-0.940408587,0.238253161,-0.2388722,-0.0425111875
2780,0,54b24045-e039-40ee-9ba6-824dbdc42f9e,StartingBlock,278.008301,5708.87988,1,43,43,53,7,0,0,1036.7699,61.2694435,955.351074,-0.940408051,0.238252997,-0.238876939,-0.0424980111
2781,0,54b24045-e039-40ee-9ba6-824dbdc42f9e,StartingBlock,278.108398,5708.97998,1,43,43,53,7,0,0,1036.84192,55.2095337,958.960999,-0.940413892,0.238252655,-0.238864422,-0.0424399599
2782,0,54b24045-e039-40ee-9ba6-824dbdc42f9e,StartingBlock,278.208496,5709.08008,1,43,43,53,7,0,0,1036.89063,49.1348953,962.5495,-0.940417409,0.238241181,-0.238856629,-0.0424707718
2783,0,54b24045-e039-40ee-9ba6-824dbdc42f9e,StartingBlock,278.308105,5709.17969,1,43,43,53,7,0,0,1036.91638,43.0456734,966.116394,-0.94041878,0.238239065,-0.238855958,-0.0424563251
2784,0,54b24045-e039-40ee-9ba6-824dbdc42f9e,StartingBlock,278.408203,5709.27979,1,43,43,53,7,0,0,1036.91858,36.9419975,969.661621,-0.94041276,0.238265008,-0.238846183,-0.0424994305
2785,0,54b24045-e039-40ee-9ba6-824dbdc42f9e,StartingBlock,278.508301,5709.37988,1,43,43,53,7,0,0,1036.89771,30.8239403,973.185181,-0.940417647,0.238266304,-0.238834321,-0.042451635
2786,0,54b24045-e039-40ee-9ba6-824dbdc42f9e,StartingBlock,278.608398,5709.47998,1,43,43,53,7,0,0,1036.85352,24.691679,976.68689,-0.94042325,0.238243982,-0.238837615,-0.0424329527
2787,0,54b24045-e039-40ee-9ba6-824dbdc42f9e,StartingBlock,278.708496,5709.58008,1,43,43,53,7,0,0,1036.78589,18.5453453,980.166565,-0.940412939,0.238267869,-0.238845214,-0.0424853042
2788,0,54b24045-e039-40ee-9ba6-824dbdc42f9e,StartingBlock,278.808105,5709.67969,1,43,43,53,7,0,0,1036.69507,12.3850527,983.624268,-0.94040978,0.23827602,-0.238845915,-0.0425035208
2789,0,54b24045-e039-40ee-9ba6-824dbdc42f9e,StartingBlock,278.908203,5709.77979,1,43,43,53,7,0,0,1036.58093,6.21088886,987.059937,-0.940424442,0.238223478,-0.238848045,-0.0424642377
2790,0,54b24045-e039-40ee-9ba6-824dbdc42f9e,StartingBlock,279.008301,5709.87988,1,43,43,53,7,0,0,1036.44336,0.0230813026,990.473389,-0.940421462,0.238266334,-0.238820478,-0.0424430259
2791,0,54b24045-e039-40ee-9ba6-824dbdc42f9e,StartingBlock,279.108398,5709.97998,1,43,43,53,7,0,0,1036.28247,-6.1782732,993.864441,-0.940409541,0.238304049,-0.238825426,-0.042467963
2792,0,54b24045-e039-40ee-9ba6-824dbdc42f9e,StartingBlock,279.208496,5710.08008,1,43,43,53,7,0,0,1036.09827,-12.3930817,997.233093,-0.940404594,0.238310233,-0.23883599,-0.042484805
2793,0,54b24045-e039-40ee-9ba6-824dbdc42f9e,StartingBlock,279.308105,5710.17969,1,43,43,53,7,0,0,1035.89075,-18.6212063,1000.57935,-0.940406919,0.238296807,-0.23884137,-0.0424778685
2794,0,54b24045-e039-40ee-9ba6-824dbdc42f9e,StartingBlock,279.408203,5710.27979,1,43,43,53,7,0,0,1035.65979,-24.8624878,1003.90302,-0.940417647,0.238293409,-0.238808289,-0.0424460135
2795,0,54b24045-e039-40ee-9ba6-824dbdc42f9e,StartingBlock,279.508301,5710.37988,1,43,43,53,7,0,0,1035.40527,-31.1168137,1007.20404,-0.940418124,0.238273054,-0.238817111,-0.0424976237
2796,0,54b24045-e039-40ee-9ba6-824dbdc42f9e,StartingBlock,279.608398,5710.47998,1,43,43,53,7,0,0,1035.12756,-37.3840294,1010.4823,-0.940416634,0.238278314,-0.238814324,-0.0425174981
2797,0,54b24045-e039-40ee-9ba6-824dbdc42f9e,StartingBlock,279.708496,5710.58008,1,43,43,53,7,0,0,1034.82642,-43.6640244,1013.73767,-0.940416336,0.238279149,-0.238815412,-0.0425147712
2798,0,54b24045-e039-40ee-9ba6-824dbdc42f9e,StartingBlock,279.808105,5710.67969,1,43,43,53,7,0,0,1034.50183,-49.9566269,1016.97015,-0.940413833,0.238326326,-0.238783687,-0.0424830094
2799,0,54b24045-e039-40ee-9ba6-824dbdc42f9e,StartingBlock,279.908203,5710.77979,1,43,43,53,7,0,0,1034.15381,-56.261776,1020.17969,-0.94042021,0.238325715,-0.238759488,-0.0424817838
2800,0,54b24045-e039-40ee-9ba6-824dbdc42f9e,StartingBlock,280.008301,5710.87988,1,43,43,53,7,0,0,1033.78235,-62.5792923,1023.36609,-0.940426469,0.238319159,-0.23874858,-0.0424421467
2801,0,54b24045-e039-40ee-9ba6-824dbdc42f9e,StartingBlock,280.108398,5710.97998,1,43,43,53,7,0,0,1033.38733,-68.9090195,1026.52917,-0.940427244,0.238327354,-0.238728866,-0.0424888507
2802,0,54b24045-e039-40ee-9ba6-824dbdc42f9e,StartingBlock,280.208496,5711.08008,1,43,43,53,7,0,0,1032.96899,-75.2508774,1029.66907,-0.940427721,0.238318801,-0.238734812,-0.0424926877
2803,0,54b24045-e039-40ee-9ba6-824dbdc42f9e,StartingBlock,280.308105,5711.17969,1,43,43,53,7,0,0,1032.5271,-81.6047287,1032.78564,-0.940433681,0.238288417,-0.238736391,-0.042521175
2804,0,54b24045-e039-40ee-9ba6-824dbdc42f9e,StartingBlock,280.408203,5711.27979,1,43,43,53,7,0,0,1032.06189,-87.9703217,1035.87866,-0.940404594,0.23840028,-0.238736019,-0.0425413698
2805,0,54b24045-e039-40ee-9ba6-824dbdc42f9e,StartingBlock,280.508301,5711.37988,1,43,43,53,7,0,0,1031.57324,-94.3476791,1038.94812,-0.940416813,0.238398448,-0.238694936,-0.0425118059
2806,0,54b24045-e039-40ee-9ba6-824dbdc42f9e,StartingBlock,280.608398,5711.47998,1,43,43,53,7,0,0,1031.06091,-100.736588,1041.99402,-0.94041723,0.238389522,-0.238699183,-0.0425269678
2807,0,54b24045-e039-40ee-9ba6-824dbdc42f9e,StartingBlock,280.708496,5711.58008,1,43,43,53,7,0,0,1030.52515,-107.136932,1045.01636,-0.94043231,0.238327324,-0.238697052,-0.0425531343
2808,0,54b24045-e039-40ee-9ba6-824dbdc42f9e,StartingBlock,280.808105,5711.67969,1,43,43,53,7,0,0,1029.96594,-113.548531,1048.01465,-0.940430999,0.238336071,-0.238689542,-0.0425759852
2809,0,54b24045-e039-40ee-9ba6-824dbdc42f9e,StartingBlock,280.908203,5711.77979,1,43,43,53,7,0,0,1029.38318,-119.97126,1050.98901,-0.940425754,0.238351688,-0.238703042,-0.0425296314
2810,0,54b24045-e039-40ee-9ba6-824dbdc42f9e,StartingBlock,281.008301,5711.87988,1,43,43,53,7,0,0,1028.77722,-126.405029,1053.93958,-0.940431833,0.23834011,-0.238697529,-0.0424918719
2811,0,54b24045-e039-40ee-9ba6-824dbdc42f9e,StartingBlock,281.108398,5711.97998,1,43,43,53,7,0,0,1028.14746,-132.84964,1056.86584,-0.940423846,0.238382831,-0.238681942,-0.0425161272
2812,0,54b24045-e039-40ee-9ba6-824dbdc42f9e,StartingBlock,281.208496,5712.08008,1,43,43,53,7,0,0,1027.49438,-139.305023,1059.76807,-0.94043386,0.238343239,-0.238681182,-0.0425193869
2813,0,54b24045-e039-40ee-9ba6-824dbdc42f9e,StartingBlock,281.308105,5712.17969,1,43,43,53,7,0,0,1026.8175,-145.770996,1062.64624,-0.94044286,0.238334,-0.238665238,-0.0424624868
2814,0,54b24045-e039-40ee-9ba6-824dbdc42f9e,StartingBlock,281.408203,5712.27979,1,43,43,53,7,0,0,1026.11743,-152.247391,1065.49988,-0.940427363,0.238347933,-0.238697022,-0.0425489433
2815,0,54b24045-e039-40ee-9ba6-824dbdc42f9e,StartingBlock,281.508301,5712.37988,1,43,43,53,7,0,0,1025.39368,-158.734131,1068.32935,-0.940429211,0.238349944,-0.238679692,-0.0425927192
2816,0,54b24045-e039-40ee-9ba6-824dbdc42f9e,StartingBlock,281.608398,5712.47998,1,43,43,53,7,0,0,1024.64636,-165.231049,1071.13416,-0.940432191,0.238344789,-0.238681853,-0.0425464436
2817,0,54b24045-e039-40ee-9ba6-824dbdc42f9e,StartingBlock,281.708496,5712.58008,1,43,43,53,7,0,0,1023.87561,-171.737961,1073.91431,-0.940443575,0.238314122,-0.238672495,-0.0425176658
2818,0,54b24045-e039-40ee-9ba6-824dbdc42f9e,StartingBlock,281.808105,5712.67969,1,43,43,53,7,0,0,1023.08136,-178.254715,1076.66992,-0.94043225,0.23835656,-0.238672197,-0.0425311215
2819,0,54b24045-e039-40ee-9ba6-824dbdc42f9e,StartingBlock,281.908203,5712.77979,1,43,43,53,7,0,0,1022.26361,-184.781281,1079.40076,-0.940450311,0.238282353,-0.238681927,-0.0424921624
2820,0,54b24045-e039-40ee-9ba6-824dbdc42f9e,StartingBlock,282.008301,5712.87988,1,43,43,53,7,0,0,1021.4223,-191.317352,1082.10681,-0.940432131,0.238421738,-0.238616005,-0.0424850136
2821,0,54b24045-e039-40ee-9ba6-824dbdc42f9e,StartingBlock,282.108398,5712.97998,1,43,43,53,7,0,0,1020.5575,-197.862946,1084.78796,-0.940454483,0.238331407,-0.238611743,-0.0425221547
2822,0,54b24045-e039-40ee-9ba6-824dbdc42f9e,StartingBlock,282.208496,5713.08008,1,43,43,53,7,0,0,1019.66913,-204.417862,1087.44409,-0.940465093,0.238335967,-0.238567784,-0.0425082073
2823,0,54b24045-e039-40ee-9ba6-824dbdc42f9e,StartingBlock,282.308105,5713.17969,1,43,43,53,7,0,0,1018.75732,-210.981934,1090.0752,-0.940462649,0.238352895,-0.23856084,-0.0425063893
2824,0,54b24045-e039-40ee-9ba6-824dbdc42f9e,StartingBlock,282.408203,5713.27979,1,43,43,53,7,0,0,1017.8219,-217.555008,1092.68103,-0.940462768,0.23835519,-0.238557488,-0.0425088331
2825,0,54b24045-e039-40ee-9ba6-824dbdc42f9e,StartingBlock,282.508301,5713.37988,1,43,43,53,7,0,0,1016.8631,-224.137039,1095.26184,-0.940469027,0.23834309,-0.238549009,-0.0424856879
2826,0,54b24045-e039-40ee-9ba6-824dbdc42f9e,StartingBlock,282.608398,5713.47998,1,43,43,53,7,0,0,1015.88062,-230.727768,1097.81726,-0.940467358,0.238344595,-0.238549814,-0.0425083898
2827,0,54b24045-e039-40ee-9ba6-824dbdc42f9e,StartingBlock,282.708496,5713.58008,1,43,43,53,7,0,0,1014.87476,-237.327103,1100.34717,-0.940465689,0.238395885,-0.238516033,-0.0424466431
2828,0,54b24045-e039-40ee-9ba6-824dbdc42f9e,StartingBlock,282.808105,5713.67969,1,43,43,53,7,0,0,1013.8454,-243.934921,1102.85168,-0.94048208,0.238298789,-0.238539338,-0.0424988531
2829,0,54b24045-e039-40ee-9ba6-824dbdc42f9e,StartingBlock,282.908203,5713.77979,1,43,43,53,7,0,0,1012.79248,-250.55101,1105.33057,-0.940473676,0.238345698,-0.238530144,-0.0424734727
2830,0,54b24045-e039-40ee-9ba6-824dbdc42f9e,StartingBlock,283.008301,5713.87988,1,43,43,53,7,0,0,1011.71619,-257.175262,1107.78394,-0.940475047,0.238331914,-0.238541842,-0.0424557179
2831,0,54b24045-e039-40ee-9ba6-824dbdc42f9e,StartingBlock,283.108398,5713.97998,1,43,43,53,7,0,0,1010.61633,-263.807526,1110.21155,-0.940480351,0.23837392,-0.238470763,-0.0425000675
2832,0,54b24045-e039-40ee-9ba6-824dbdc42f9e,StartingBlock,283.208496,5714.08008,1,43,43,53,7,0,0,1009.49298,-270.447693,1112.61353,-0.940494239,0.23828043,-0.238503352,-0.0425350219
2833,0,54b24045-e039-40ee-9ba6-824dbdc42f9e,StartingBlock,283.308105,5714.17969,1,43,43,53,7,0,0,1008.34619,-277.095459,1114.9895,-0.940491199,0.238317683,-0.238481924,-0.0425137356
2834,0,54b24045-e039-40ee-9ba6-824dbdc42f9e,StartingBlock,283.408203,5714.27979,1,43,43,53,7,0,0,1007.1759,-283.750854,1117.33948,-0.940485835,0.238348156,-0.238476709,-0.0424905457
2835,0,54b24045-e039-40ee-9ba6-824dbdc42f9e,StartingBlock,283.508301,5714.37988,1,43,43,53,7,0,0,1005.98218,-290.413666,1119.66357,-0.940473318,0.238378227,-0.238495737,-0.0424920022
2836,0,54b24045-e039-40ee-9ba6-824dbdc42f9e,StartingBlock,283.608398,5714.47998,1,43,43,53,7,0,0,1004.76495,-297.08374,1121.96143,-0.940480173,0.238332331,-0.238518268,-0.0424725749
2837,0,54b24045-e039-40ee-9ba6-824dbdc42f9e,StartingBlock,283.708496,5714.58008,1,43,43,53,7,0,0,1003.52423,-303.760895,1124.23328,-0.940471232,0.238375738,-0.238505885,-0.0424952097
2838,0,54b24045-e039-40ee-9ba6-824dbdc42f9e,StartingBlock,283.808105,5714.67969,1,43,43,53,7,0,0,1002.26013,-310.445068,1126.47876,-0.940469205,0.238404483,-0.238483489,-0.0425031297
2839,0,54b24045-e039-40ee-9ba6-824dbdc42f9e,StartingBlock,283.908203,5714.77979,1,43,43,53,7,0,0,1000.9726,-317.136139,1128.698,-0.94048965,0.238339573,-0.238460302,-0.0425471738
2840,0,54b24045-e039-40ee-9ba6-824dbdc42f9e,StartingBlock,284.008301,5714.87988,1,43,43,53,7,0,0,999.661621,-323.833771,1130.89075,-0.94050175,0.238324597,-0.238439575,-0.0424784683
2841,0,54b24045-e039-40ee-9ba6-824dbdc42f9e,StartingBlock,284.108398,5714.97998,1,43,43,53,7,0,0,998.327148,-330.537933,1133.05701,-0.940502167,0.238323078,-0.238434643,-0.0425072052
2842,0,54b24045-e039-40ee-9ba6-824dbdc42f9e,StartingBlock,284.208496,5715.08008,1,43,43,53,7,0,0,996.96936,-337.248444,1135.19678,-0.940504849,0.238352343,-0.238399088,-0.0424831957
2843,0,54b24045-e039-40ee-9ba6-824dbdc42f9e,StartingBlock,284.318359,5715.18994,1,43,43,53,7,0,0,995.448792,-344.637207,1137.51965,-0.940487206,0.238411859,-0.238410011,-0.0424756631
2844,0,54b24045-e039-40ee-9ba6-824dbdc42f9e,StartingBlock,284.408203,5715.27979,1,43,43,53,7,0,0,994.183594,-350.687988,1139.39612,-0.940506756,0.238367036,-0.238378167,-0.0424744934
2845,0,54b24045-e039-40ee-9ba6-824dbdc42f9e,StartingBlock,284.508301,5715.37988,1,43,43,53,7,0,0,992.755615,-357.416748,1141.45581,-0.940495551,0.238442674,-0.238350138,-0.0424570292
2846,0,54b24045-e039-40ee-9ba6-824dbdc42f9e,StartingBlock,284.608398,5715.47998,1,43,43,53,7,0,0,991.30426,-364.151245,1143.48853,-0.940503478,0.238374293,-0.238380998,-0.0424909145
2847,0,54b24045-e039-40ee-9ba6-824dbdc42f9e,StartingBlock,284.708496,5715.58008,1,43,43,53,7,0,0,989.82959,-370.891296,1145.49426,-0.940493643,0.238424063,-0.238374859,-0.0424633659
2848,0,54b24045-e039-40ee-9ba6-824dbdc42f9e,StartingBlock,284.818359,5715.68994,1,43,43,53,7,0,0,988.180603,-378.311737,1147.66943,-0.94049263,0.238448545,-0.238354102,-0.0424651727
2849,0,54b24045-e039-40ee-9ba6-824dbdc42f9e,StartingBlock,284.908203,5715.77979,1,43,43,53,7,0,0,986.810303,-384.387756,1149.4248,-0.940491974,0.238459319,-0.238351941,-0.0424303971
2850,0,54b24045-e039-40ee-9ba6-824dbdc42f9e,StartingBlock,285.008301,5715.87988,1,43,43,53,7,0,0,985.265625,-391.143738,1151.34949,-0.940503776,0.238406032,-0.238351926,-0.0424681269
2851,0,54b24045-e039-40ee-9ba6-824dbdc42f9e,StartingBlock,285.108398,5715.97998,1,43,43,53,7,0,0,983.697693,-397.904694,1153.24683,-0.940492392,0.238453582,-0.238347873,-0.042477496
2852,0,54b24045-e039-40ee-9ba6-824dbdc42f9e,StartingBlock,285.208496,5716.08008,1,43,43,53,7,0,0,982.106384,-404.670532,1155.11707,-0.940499127,0.238417149,-0.238356188,-0.0424861535
2853,0,54b24045-e039-40ee-9ba6-824dbdc42f9e,StartingBlock,285.318359,5716.18994,1,43,43,53,7,0,0,980.329102,-412.118317,1157.14246,-0.94051367,0.238425002,-0.23830159,-0.042426914
2854,0,54b24045-e039-40ee-9ba6-824dbdc42f9e,StartingBlock,285.408203,5716.27979,1,43,43,53,7,0,0,978.854065,-418.216064,1158.77515,-0.9405182,0.238384396,-0.238318771,-0.0424578935
2855,0,54b24045-e039-40ee-9ba6-824dbdc42f9e,StartingBlock,285.508301,5716.37988,1,43,43,53,7,0,0,977.192993,-424.995422,1160.56287,-0.940506756,0.238416538,-0.238327339,-0.0424822792
2856,0,54b24045-e039-40ee-9ba6-824dbdc42f9e,StartingBlock,285.608398,5716.47998,1,43,43,53,7,0,0,975.508789,-431.778961,1162.32312,-0.940518677,0.238400593,-0.238297686,-0.0424741842
2857,0,54b24045-e039-40ee-9ba6-824dbdc42f9e,StartingBlock,285.708496,5716.58008,1,43,43,53,7,0,0,973.801331,-438.56662,1164.05566,-0.940520108,0.238403648,-0.238291338,-0.0424602777
2858,0,54b24045-e039-40ee-9ba6-824dbdc42f9e,StartingBlock,285.818359,5716.68994,1,43,43,53,7,0,0,971.896362,-446.037506,1165.92957,-0.940526545,0.238370761,-0.23828961,-0.0425114632
2859,0,54b24045-e039-40ee-9ba6-824dbdc42f9e,StartingBlock,285.918457,5716.79004,1,43,43,53,7,0,0,970.140198,-452.83316,1167.604,-0.940540791,0.238349587,-0.238255069,-0.0425104573
2860,0,54b24045-e039-40ee-9ba6-824dbdc42f9e,StartingBlock,286.008301,5716.87988,1,43,43,53,7,0,0,968.539917,-458.952271,1169.08704,-0.940534353,0.238356337,-0.238279894,-0.0424756445
2861,0,54b24045-e039-40ee-9ba6-824dbdc42f9e,StartingBlock,286.108398,5716.97998,1,43,43,53,7,0,0,966.739807,-465.754486,1170.70837,-0.940544903,0.238349631,-0.238243282,-0.0424834974
2862,0,54b24045-e039-40ee-9ba6-824dbdc42f9e,StartingBlock,286.208496,5717.08008,1,43,43,53,7,0,0,964.916565,-472.559967,1172.30176,-0.940542698,0.238372609,-0.238220185,-0.0425338857
2863,0,54b24045-e039-40ee-9ba6-824dbdc42f9e,StartingBlock,286.318359,5717.18994,1,43,43,53,7,0,0,962.884338,-480.049591,1174.02209,-0.940549791,0.238330826,-0.238239363,-0.0425044633
2864,0,54b24045-e039-40ee-9ba6-824dbdc42f9e,StartingBlock,286.418457,5717.29004,1,43,43,53,7,0,0,961.012695,-486.861359,1175.55652,-0.940537632,0.238377824,-0.238246366,-0.042470146
2865,0,54b24045-e039-40ee-9ba6-824dbdc42f9e,StartingBlock,286.508301,5717.37988,1,43,43,53,7,0,0,959.308411,-492.994324,1176.91333,-0.940525413,0.23847051,-0.238207802,-0.0424370468
2866,0,54b24045-e039-40ee-9ba6-824dbdc42f9e,StartingBlock,286.608398,5717.47998,1,43,43,53,7,0,0,957.392944,-499.811218,1178.39417,-0.940516412,0.238499224,-0.23821114,-0.0424562916
2867,0,54b24045-e039-40ee-9ba6-824dbdc42f9e,StartingBlock,286.708496,5717.58008,1,43,43,53,7,0,0,955.454468,-506.630615,1179.84656,-0.940519214,0.238484979,-0.238214031,-0.042456042
2868,0,54b24045-e039-40ee-9ba6-824dbdc42f9e,StartingBlock,286.818359,5717.68994,1,43,43,53,7,0,0,953.295532,-514.134644,1181.4115,-0.940531075,0.238434538,-0.238210261,-0.0424986705
2869,0,54b24045-e039-40ee-9ba6-824dbdc42f9e,StartingBlock,286.918457,5717.79004,1,43,43,53,7,0,0,951.308838,-520.958618,1182.80432,-0.940535665,0.238456503,-0.238170102,-0.0424994566
2870,0,54b24045-e039-40ee-9ba6-824dbdc42f9e,StartingBlock,287.008301,5717.87988,1,43,43,53,7,0,0,949.50116,-527.101929,1184.03345,-0.940533757,0.238459125,-0.238178134,-0.042481456
2871,0,54b24045-e039-40ee-9ba6-824dbdc42f9e,StartingBlock,287.108398,5717.97998,1,43,43,53,7,0,0,947.470825,-533.929443,1185.37207,-0.940534115,0.238467023,-0.23817201,-0.0424629487
2872,0,54b24045-e039-40ee-9ba6-824dbdc42f9e,StartingBlock,287.208496,5718.08008,1,43,43,53,7,0,0,945.417603,-540.758728,1186.68188,-0.940544188,0.23842977,-0.23817721,-0.0424204655
2873,0,54b24045-e039-40ee-9ba6-824dbdc42f9e,StartingBlock,287.318359,5718.18994,1,43,43,53,7,0,0,943.13269,-548.272583,1188.08984,-0.940543711,0.238404289,-0.238194868,-0.0424750112
2874,0,54b24045-e039-40ee-9ba6-824dbdc42f9e,StartingBlock,287.418457,5718.29004,1,43,43,53,7,0,0,941.031433,-555.104797,1189.33948,-0.940521955,0.238466814,-0.238215804,-0.0424888507
2875,0,54b24045-e039-40ee-9ba6-824dbdc42f9e,StartingBlock,287.518066,5718.38965,1,43,43,53,7,0,0,938.907471,-561.938049,1190.56018,-0.940524518,0.238463074,-0.23821497,-0.0424571857
2876,0,54b24045-e039-40ee-9ba6-824dbdc42f9e,StartingBlock,287.608398,5718.47998,1,43,43,53,7,0,0,936.976379,-568.088928,1191.63428,-0.94052273,0.238462567,-0.238212302,-0.0425156727
2877,0,54b24045-e039-40ee-9ba6-824dbdc42f9e,StartingBlock,287.708496,5718.58008,1,43,43,53,7,0,0,934.809082,-574.923889,1192.80005,-0.940524399,0.238454118,-0.238218233,-0.0424926281
2878,0,54b24045-e039-40ee-9ba6-824dbdc42f9e,StartingBlock,287.818359,5718.68994,1,43,43,53,7,0,0,932.398865,-582.443176,1194.04883,-0.940511286,0.238500655,-0.2382254,-0.0424818844
2879,0,54b24045-e039-40ee-9ba6-824dbdc42f9e,StartingBlock,287.918457,5718.79004,1,43,43,53,7,0,0,930.183899,-589.279358,1195.15381,-0.940512717,0.238520429,-0.238200843,-0.0424757116
2880,0,54b24045-e039-40ee-9ba6-824dbdc42f9e,StartingBlock,288.018066,5718.88965,1,43,43,53,7,0,0,927.946228,-596.115845,1196.22949,-0.940506816,0.238501832,-0.238242105,-0.042481456
2881,0,54b24045-e039-40ee-9ba6-824dbdc42f9e,StartingBlock,288.108398,5718.97998,1,43,43,53,7,0,0,925.913025,-602.268982,1197.17285,-0.940531731,0.238446832,-0.238194197,-0.0425058007
2882,0,54b24045-e039-40ee-9ba6-824dbdc42f9e,StartingBlock,288.208496,5719.08008,1,43,43,53,7,0,0,923.632385,-609.105591,1198.19299,-0.940523446,0.238490209,-0.238183513,-0.0425062329
2883,0,54b24045-e039-40ee-9ba6-824dbdc42f9e,StartingBlock,288.318359,5719.18994,1,43,43,53,7,0,0,921.097534,-616.625671,1199.28149,-0.940529346,0.238473371,-0.238180697,-0.0424865112
2884,0,54b24045-e039-40ee-9ba6-824dbdc42f9e,StartingBlock,288.418457,5719.29004,1,43,43,53,7,0,0,918.769409,-623.461731,1200.24023,-0.940516233,0.238525867,-0.238175869,-0.0425092205
2885,0,54b24045-e039-40ee-9ba6-824dbdc42f9e,StartingBlock,288.518066,5719.38965,1,43,43,53,7,0,0,916.418823,-630.297302,1201.16943,-0.94053036,0.238519862,-0.238127023,-0.0425037108
2886,0,54b24045-e039-40ee-9ba6-824dbdc42f9e,StartingBlock,288.608398,5719.47998,1,43,43,53,7,0,0,914.283997,-636.448669,1201.98059,-0.940524817,0.238527641,-0.238141179,-0.0425016619
2887,0,54b24045-e039-40ee-9ba6-824dbdc42f9e,StartingBlock,288.708496,5719.58008,1,43,43,53,7,0,0,911.890686,-643.282715,1202.85364,-0.940526307,0.238587171,-0.238084108,-0.0424552485
2888,0,54b24045-e039-40ee-9ba6-824dbdc42f9e,StartingBlock,288.818359,5719.68994,1,43,43,53,7,0,0,909.232178,-650.799011,1203.78003,-0.940531492,0.238563284,-0.238074213,-0.042530708
2889,0,54b24045-e039-40ee-9ba6-824dbdc42f9e,StartingBlock,288.918457,5719.79004,1,43,43,53,7,0,0,906.791809,-657.630859,1204.59119,-0.940544844,0.238520071,-0.23806107,-0.0425518192
2890,0,54b24045-e039-40ee-9ba6-824dbdc42f9e,StartingBlock,289.018066,5719.88965,1,43,43,53,7,0,0,904.329041,-664.461121,1205.37244,-0.94053787,0.23856093,-0.238045186,-0.0425648428
2891,0,54b24045-e039-40ee-9ba6-824dbdc42f9e,StartingBlock,289.118164,5719.98975,1,43,43,53,7,0,0,901.843994,-671.290039,1206.12402,-0.940537989,0.238595366,-0.238014936,-0.0425384045
2892,0,54b24045-e039-40ee-9ba6-824dbdc42f9e,StartingBlock,289.208496,5720.08008,1,43,43,53,7,0,0,899.588379,-677.434448,1206.7749,-0.940535605,0.238634884,-0.237992465,-0.0424950719
2893,0,54b24045-e039-40ee-9ba6-824dbdc42f9e,StartingBlock,289.318359,5720.18994,1,43,43,53,7,0,0,896.807007,-684.942261,1207.53772,-0.94053793,0.238603979,-0.238002509,-0.0425616987
2894,0,54b24045-e039-40ee-9ba6-824dbdc42f9e,StartingBlock,289.418457,5720.29004,1,43,43,53,7,0,0,894.255188,-691.765503,1208.19971,-0.94054687,0.238592491,-0.237976223,-0.0425758846
2895,0,54b24045-e039-40ee-9ba6-824dbdc42f9e,StartingBlock,289.518066,5720.38965,1,43,43,53,7,0,0,891.681213,-698.586426,1208.83167,-0.940540493,0.23863925,-0.237961978,-0.0425318629
2896,0,54b24045-e039-40ee-9ba6-824dbdc42f9e,StartingBlock,289.618164,5720.48975,1,43,43,53,7,0,0,889.085022,-705.404968,1209.43372,-0.94053334,0.238638088,-0.237983629,-0.0425769724
2897,0,54b24045-e039-40ee-9ba6-824dbdc42f9e,StartingBlock,289.708496,5720.58008,1,43,43,53,7,0,0,886.729553,-711.539429,1209.94983,-0.940539956,0.238643393,-0.237958118,-0.0425434001
2898,0,54b24045-e039-40ee-9ba6-824dbdc42f9e,StartingBlock,289.818359,5720.68994,1,43,43,53,7,0,0,883.826416,-719.034119,1210.54761,-0.940536797,0.238627091,-0.237977564,-0.0425965562
2899,0,54b24045-e039-40ee-9ba6-824dbdc42f9e,StartingBlock,289.918457,5720.79004,1,43,43,53,7,0,0,881.164063,-725.844421,1211.05945,-0.940552592,0.238582328,-0.237964958,-0.042567268
2900,0,54b24045-e039-40ee-9ba6-824dbdc42f9e,StartingBlock,290.018066,5720.88965,1,43,43,53,7,0,0,878.479675,-732.651611,1211.54089,-0.940541565,0.238627985,-0.237965167,-0.0425530635
2901,0,54b24045-e039-40ee-9ba6-824dbdc42f9e,StartingBlock,290.118164,5720.98975,1,43,43,53,7,0,0,875.773376,-739.455505,1211.99207,-0.940554261,0.238588735,-0.237957358,-0.0425363556
2902,0,54b24045-e039-40ee-9ba6-824dbdc42f9e,StartingBlock,290.208496,5721.08008,1,43,43,53,7,0,0,873.318909,-745.576111,1212.37219,-0.940549731,0.238606244,-0.237949237,-0.0425852314
2903,0,54b24045-e039-40ee-9ba6-824dbdc42f9e,StartingBlock,290.318359,5721.18994,1,43,43,53,7,0,0,870.295044,-753.052856,1212.80347,-0.94053787,0.238664478,-0.237941608,-0.0425642356
2904,0,54b24045-e039-40ee-9ba6-824dbdc42f9e,StartingBlock,290.418457,5721.29004,1,43,43,53,7,0,0,867.523193,-759.845886,1213.1637,-0.940538466,0.238656595,-0.237939402,-0.0426071361
2905,0,54b24045-e039-40ee-9ba6-824dbdc42f9e,StartingBlock,290.518066,5721.38965,1,43,43,53,7,0,0,864.729492,-766.635071,1213.49341,-0.940544724,0.238653913,-0.237925395,-0.0425602645
2906,0,54b24045-e039-40ee-9ba6-824dbdc42f9e,StartingBlock,290.618164,5721.48975,1,43,43,53,7,0,0,861.914124,-773.419922,1213.7926,-0.940539539,0.238703221,-0.237895757,-0.0425650813
2907,0,54b24045-e039-40ee-9ba6-824dbdc42f9e,StartingBlock,290.718262,5721.58984,1,43,43,53,7,0,0,859.076965,-780.200562,1214.06128,-0.940540314,0.23868382,-0.237906739,-0.0425957255
2908,0,54b24045-e039-40ee-9ba6-824dbdc42f9e,StartingBlock,290.818359,5721.68994,1,43,43,53,7,0,0,856.218262,-786.976685,1214.29932,-0.940544844,0.238685921,-0.237889886,-0.04257752
2909,0,54b24045-e039-40ee-9ba6-824dbdc42f9e,StartingBlock,290.918457,5721.79004,1,43,43,53,7,0,0,853.337891,-793.74823,1214.50684,-0.940550804,0.238617033,-0.237928942,-0.0426145829
2910,0,54b24045-e039-40ee-9ba6-824dbdc42f9e,StartingBlock,291.018066,5721.88965,1,43,43,53,7,0,0,850.435974,-800.514832,1214.68347,-0.940535069,0.238676086,-0.237940237,-0.0425680727
2911,0,54b24045-e039-40ee-9ba6-824dbdc42f9e,StartingBlock,291.118164,5721.98975,1,43,43,53,7,0,0,847.512573,-807.276367,1214.82959,-0.940527141,0.238654628,-0.237985775,-0.0426081717
2912,0,54b24045-e039-40ee-9ba6-824dbdc42f9e,StartingBlock,291.218262,5722.08984,1,43,43,53,7,0,0,844.567627,-814.032776,1214.94495,-0.940516889,0.2386823,-0.237997487,-0.042613633
2913,0,54b24045-e039-40ee-9ba6-824dbdc42f9e,StartingBlock,291.318359,5722.18994,1,43,43,53,7,0,0,841.601379,-820.783813,1215.02942,-0.940526664,0.238653854,-0.237986296,-0.0426202342
2914,0,54b24045-e039-40ee-9ba6-824dbdc42f9e,StartingBlock,291.418457,5722.29004,1,43,43,53,7,0,0,838.613647,-827.529236,1215.08313,-0.940534353,0.238625854,-0.237984791,-0.0426165909
2915,0,54b24045-e039-40ee-9ba6-824dbdc42f9e,StartingBlock,291.518066,5722.38965,1,43,43,53,7,0,0,835.604675,-834.26886,1215.10583,-0.9405182,0.238682151,-0.237987697,-0.0426413268
2916,0,54b24045-e039-40ee-9ba6-824dbdc42f9e,StartingBlock,291.618164,5722.48975,1,43,43,53,7,0,0,832.574463,-841.002625,1215.09778,-0.940505445,0.238721535,-0.238000751,-0.0426293164
2917,0,54b24045-e039-40ee-9ba6-824dbdc42f9e,StartingBlock,291.718262,5722.58984,1,43,43,53,7,0,0,829.522949,-847.730286,1215.05859,-0.940505207,0.238757625,-0.237966508,-0.0426235087
2918,0,54b24045-e039-40ee-9ba6-824dbdc42f9e,StartingBlock,291.818359,5722.68994,1,43,43,53,7,0,0,826.450317,-854.451843,1214.98865,-0.940530539,0.238698438,-0.237922072,-0.0426430963
2919,0,54b24045-e039-40ee-9ba6-824dbdc42f9e,StartingBlock,291.918457,5722.79004,1,43,43,53,7,0,0,823.356567,-861.166809,1214.88745,-0.940519333,0.238760278,-0.237909421,-0.0426146053
2920,0,54b24045-e039-40ee-9ba6-824dbdc42f9e,StartingBlock,292.018066,5722.88965,1,43,43,53,7,0,0,820.241699,-867.875122,1214.75525,-0.940514266,0.238772526,-0.237913325,-0.0426360667
2921,0,54b24045-e039-40ee-9ba6-824dbdc42f9e,StartingBlock,292.118164,5722.98975,1,43,43,53,7,0,0,817.105835,-874.57666,1214.59192,-0.940522671,0.238750577,-0.237898543,-0.0426573269
2922,0,54b24045-e039-40ee-9ba6-824dbdc42f9e,StartingBlock,292.218262,5723.08984,1,43,43,53,7,0,0,813.949036,-881.271179,1214.39746,-0.94052279,0.238786981,-0.237860531,-0.0426621437
2923,0,54b24045-e039-40ee-9ba6-824dbdc42f9e,StartingBlock,292.318359,5723.18994,1,43,43,53,7,0,0,810.77124,-887.958557,1214.17175,-0.940526366,0.23872821,-0.237901792,-0.0426833108
2924,0,54b24045-e039-40ee-9ba6-824dbdc42f9e,StartingBlock,292.418457,5723.29004,1,43,43,53,7,0,0,807.572693,-894.638489,1213.91492,-0.94053638,0.238687813,-0.23790431,-0.0426741093
2925,0,54b24045-e039-40ee-9ba6-824dbdc42f9e,StartingBlock,292.518066,5723.38965,1,43,43,53,7,0,0,804.353271,-901.310913,1213.62671,-0.940534115,0.238707304,-0.237893552,-0.0426756926
2926,0,54b24045-e039-40ee-9ba6-824dbdc42f9e,StartingBlock,292.618164,5723.48975,1,43,43,53,7,0,0,801.113159,-907.975586,1213.30737,-0.94054085,0.238696545,-0.237870038,-0.042717617
2927,0,54b24045-e039-40ee-9ba6-824dbdc42f9e,StartingBlock,292.718262,5723.58984,1,43,43,53,7,0,0,797.852356,-914.632324,1212.95654,-0.940536141,0.238737673,-0.237856537,-0.0426673181
2928,0,54b24045-e039-40ee-9ba6-824dbdc42f9e,StartingBlock,292.818359,5723.68994,1,43,43,53,7,0,0,794.570923,-921.281067,1212.57458,-0.940537214,0.238733619,-0.237857163,-0.0426625498
2929,0,54b24045-e039-40ee-9ba6-824dbdc42f9e,StartingBlock,292.918457,5723.79004,1,43,43,53,7,0,0,791.268982,-927.921448,1212.16101,-0.940519392,0.238778397,-0.237878665,-0.0426842012
2930,0,54b24045-e039-40ee-9ba6-824dbdc42f9e,StartingBlock,293.018066,5723.88965,1,43,43,53,7,0,0,787.946472,-934.553345,1211.71631,-0.940537393,0.238701656,-0.237878278,-0.0427195318
2931,0,54b24045-e039-40ee-9ba6-824dbdc42f9e,StartingBlock,293.118164,5723.98975,1,43,43,53,7,0,0,784.603516,-941.176636,1211.23999,-0.94053793,0.238725901,-0.237857997,-0.0426846445
2932,0,54b24045-e039-40ee-9ba6-824dbdc42f9e,StartingBlock,293.218262,5724.08984,1,43,43,53,7,0,0,781.240051,-947.791138,1210.73193,-0.940539658,0.238756388,-0.237825692,-0.0426553153
2933,0,54b24045-e039-40ee-9ba6-824dbdc42f9e,StartingBlock,293.318359,5724.18994,1,43,43,53,7,0,0,777.856384,-954.396606,1210.19263,-0.94052285,0.238796026,-0.237845108,-0.0426958539
2934,0,54b24045-e039-40ee-9ba6-824dbdc42f9e,StartingBlock,293.418457,5724.29004,1,43,43,53,7,0,0,774.452454,-960.993042,1209.62183,-0.940541685,0.238722786,-0.237846509,-0.0426835753
2935,0,54b24045-e039-40ee-9ba6-824dbdc42f9e,StartingBlock,293.518066,5724.38965,1,43,43,53,7,0,0,771.028259,-967.579834,1209.01941,-0.940514207,0.23881866,-0.237850964,-0.0427268669
2936,0,54b24045-e039-40ee-9ba6-824dbdc42f9e,StartingBlock,293.618164,5724.48975,1,43,43,53,7,0,0,767.583923,-974.157227,1208.38538,-0.940527558,0.238791257,-0.237826973,-0.0427196473
2937,0,54b24045-e039-40ee-9ba6-824dbdc42f9e,StartingBlock,293.718262,5724.58984,1,43,43,53,7,0,0,764.119507,-980.724915,1207.71997,-0.940541267,0.238731086,-0.237835482,-0.0427072644
2938,0,54b24045-e039-40ee-9ba6-824dbdc42f9e,StartingBlock,293.818359,5724.68994,1,43,43,53,7,0,0,760.63501,-987.282593,1207.02271,-0.940555155,0.238695145,-0.237819254,-0.0426931381
2939,0,54b24045-e039-40ee-9ba6-824dbdc42f9e,StartingBlock,293.918457,5724.79004,1,43,43,53,7,0,0,757.130676,-993.830139,1206.2937,-0.940538585,0.238748536,-0.237825319,-0.0427259207
2940,0,54b24045-e039-40ee-9ba6-824dbdc42f9e,StartingBlock,294.018066,5724.88965,1,43,43,53,7,0,0,753.606384,-1000.36731,1205.5332,-0.940522254,0.238840461,-0.237801254,-0.0427049994
2941,0,54b24045-e039-40ee-9ba6-824dbdc42f9e,StartingBlock,294.118164,5724.98975,1,43,43,53,7,0,0,750.062256,-1006.89404,1204.74097,-0.94053632,0.238810077,-0.237777352,-0.0426985025
2942,0,54b24045-e039-40ee-9ba6-824dbdc42f9e,StartingBlock,294.218262,5725.08984,1,43,43,53,7,0,0,746.498413,-1013.41016,1203.91687,-0.940538704,0.238827273,-0.237744868,-0.0427314974
2943,0,54b24045-e039-40ee-9ba6-824dbdc42f9e,StartingBlock,294.318359,5725.18994,1,43,43,53,7,0,0,742.914795,-1019.91528,1203.06104,-0.94054997,0.238825798,-0.237703815,-0.0427197628
2944,0,54b24045-e039-40ee-9ba6-824dbdc42f9e,StartingBlock,294.418457,5725.29004,1,43,43,53,7,0,0,739.311523,-1026.40942,1202.17346,-0.940528274,0.23888059,-0.237731472,-0.0427368097
2945,0,54b24045-e039-40ee-9ba6-824dbdc42f9e,StartingBlock,294.518066,5725.38965,1,43,43,53,7,0,0,735.688843,-1032.89246,1201.25415,-0.940527558,0.238891259,-0.23772718,-0.0427170694
2946,0,54b24045-e039-40ee-9ba6-824dbdc42f9e,StartingBlock,294.618164,5725.48975,1,43,43,53,7,0,0,732.04657,-1039.36365,1200.30298,-0.940526783,0.238890588,-0.237727687,-0.0427350886
2947,0,54b24045-e039-40ee-9ba6-824dbdc42f9e,StartingBlock,294.718262,5725.58984,1,43,43,53,7,0,0,728.384827,-1045.82361,1199.31995,-0.940510631,0.238918737,-0.237763733,-0.0427325368
2948,0,54b24045-e039-40ee-9ba6-824dbdc42f9e,StartingBlock,294.818359,5725.68994,1,43,43,53,7,0,0,724.703857,-1052.27185,1198.30505,-0.940512598,0.238938555,-0.237743288,-0.0426933244
2949,0,54b24045-e039-40ee-9ba6-824dbdc42f9e,StartingBlock,294.918457,5725.79004,1,43,43,53,7,0,0,721.003601,-1058.70789,1197.2583,-0.940512776,0.238905787,-0.237763047,-0.0427618176
2950,0,54b24045-e039-40ee-9ba6-824dbdc42f9e,StartingBlock,295.018066,5725.88965,1,43,43,53,7,0,0,717.284058,-1065.13184,1196.17969,-0.940514922,0.238893673,-0.237763628,-0.0427787416
2951,0,54b24045-e039-40ee-9ba6-824dbdc42f9e,StartingBlock,295.118164,5725.98975,1,43,43,53,7,0,0,713.54541,-1071.54346,1195.06921,-0.940494716,0.238952488,-0.23778829,-0.0427573286
2952,0,54b24045-e039-40ee-9ba6-824dbdc42f9e,StartingBlock,295.218262,5726.08984,1,43,43,53,7,0,0,709.78772,-1077.9425,1193.92688,-0.940488279,0.238991573,-0.237780258,-0.0427257344
2953,0,54b24045-e039-40ee-9ba6-824dbdc42f9e,StartingBlock,295.318359,5726.18994,1,43,43,53,7,0,0,706.011108,-1084.32886,1192.75244,-0.940485775,0.238987848,-0.237786889,-0.042764999
2954,0,54b24045-e039-40ee-9ba6-824dbdc42f9e,StartingBlock,295.418457,5726.29004,1,43,43,53,7,0,0,702.215515,-1090.70203,1191.54614,-0.940484226,0.23898235,-0.23780261,-0.0427419655
2955,0,54b24045-e039-40ee-9ba6-824dbdc42f9e,StartingBlock,295.518066,5726.38965,1,43,43,53,7,0,0,698.401062,-1097.06226,1190.30786,-0.940487862,0.238991812,-0.237773165,-0.0427711792
2956,0,54b24045-e039-40ee-9ba6-824dbdc42f9e,StartingBlock,295.618164,5726.48975,1,43,43,53,7,0,0,694.56781,-1103.4093,1189.0376,-0.940474749,0.239050239,-0.237769142,-0.0427558608
2957,0,54b24045-e039-40ee-9ba6-824dbdc42f9e,StartingBlock,295.718262,5726.58984,1,43,43,53,7,0,0,690.71582,-1109.74268,1187.73547,-0.940476239,0.239019811,-0.23779203,-0.0427669883
2958,0,54b24045-e039-40ee-9ba6-824dbdc42f9e,StartingBlock,295.818359,5726.68994,1,43,43,53,7,0,0,686.845337,-1116.06238,1186.40125,-0.940460861,0.239129677,-0.237740025,-0.0427805893
2959,0,54b24045-e039-40ee-9ba6-824dbdc42f9e,StartingBlock,295.918457,5726.79004,1,43,43,53,7,0,0,682.95636,-1122.36829,1185.03503,-0.940457821,0.239076495,-0.237807885,-0.0427669585
2960,0,54b24045-e039-40ee-9ba6-824dbdc42f9e,StartingBlock,296.018066,5726.88965,1,43,43,53,7,0,0,679.048828,-1128.65991,1183.63672,-0.940469027,0.239052385,-0.237791508,-0.042747058
2961,0,54b24045-e039-40ee-9ba6-824dbdc42f9e,StartingBlock,296.118164,5726.98975,1,43,43,53,7,0,0,675.122925,-1134.9375,1182.20642,-0.940467238,0.239065856,-0.237786978,-0.0427354239
2962,0,54b24045-e039-40ee-9ba6-824dbdc42f9e,StartingBlock,296.218262,5727.08984,1,43,43,53,7,0,0,671.178772,-1141.20044,1180.74402,-0.940459132,0.239104509,-0.237778783,-0.0427420922
2963,0,54b24045-e039-40ee-9ba6-824dbdc42f9e,StartingBlock,296.318359,5727.18994,1,43,43,53,7,0,0,667.216431,-1147.44897,1179.24976,-0.940450311,0.239106074,-0.237809017,-0.0427604057
2964,0,54b24045-e039-40ee-9ba6-824dbdc42f9e,StartingBlock,296.418457,5727.29004,1,43,43,53,7,0,0,663.235901,-1153.6825,1177.72327,-0.940463245,0.239085808,-0.237777516,-0.0427641235
2965,0,54b24045-e039-40ee-9ba6-824dbdc42f9e,StartingBlock,296.518066,5727.38965,1,43,43,53,7,0,0,659.237366,-1159.90112,1176.16479,-0.940461755,0.239080399,-0.237788722,-0.0427642986
2966,0,54b24045-e039-40ee-9ba6-824dbdc42f9e,StartingBlock,296.618164,5727.48975,1,43,43,53,7,0,0,655.220825,-1166.10437,1174.57434,-0.940459788,0.239087865,-0.237786651,-0.0427770503
2967,0,54b24045-e039-40ee-9ba6-824dbdc42f9e,StartingBlock,296.718262,5727.58984,1,43,43,53,7,0,0,651.186523,-1172.29236,1172.95178,-0.940440714,0.239143804,-0.237808362,-0.0427636951
2968,0,54b24045-e039-40ee-9ba6-824dbdc42f9e,StartingBlock,296.818359,5727.68994,1,43,43,53,7,0,0,647.134338,-1178.4646,1171.29724,-0.940429807,0.239173651,-0.237815768,-0.0427952036
2969,0,54b24045-e039-40ee-9ba6-824dbdc42f9e,StartingBlock,296.918457,5727.79004,1,43,43,53,7,0,0,643.064392,-1184.62122,1169.61035,-0.940431118,0.239151746,-0.237833411,-0.0427922904
2970,0,54b24045-e039-40ee-9ba6-824dbdc42f9e,StartingBlock,297.018066,5727.88965,1,43,43,53,7,0,0,638.976929,-1190.76172,1167.89172,-0.940429747,0.23916097,-0.237832487,-0.0427742302
2971,0,54b24045-e039-40ee-9ba6-824dbdc42f9e,StartingBlock,297.118164,5727.98975,1,43,43,53,7,0,0,634.871826,-1196.88611,1166.14099,-0.940429986,0.239136741,-0.237850159,-0.0428052247
2972,0,54b24045-e039-40ee-9ba6-824dbdc42f9e,StartingBlock,297.218262,5728.08984,1,43,43,53,7,0,0,630.749268,-1202.99402,1164.35815,-0.940428078,0.239129826,-0.237873942,-0.0427539833
2973,0,54b24045-e039-40ee-9ba6-824dbdc42f9e,StartingBlock,297.318359,5728.18994,1,43,43,53,7,0,0,626.609314,-1209.08545,1162.54321,-0.940417707,0.239163205,-0.237883762,-0.0427411906
2974,0,54b24045-e039-40ee-9ba6-824dbdc42f9e,StartingBlock,297.418457,5728.29004,1,43,43,53,7,0,0,622.452148,-1215.16016,1160.69641,-0.940433562,0.239095598,-0.23788251,-0.0427787714
2975,0,54b24045-e039-40ee-9ba6-824dbdc42f9e,StartingBlock,297.518066,5728.38965,1,43,43,53,7,0,0,618.277832,-1221.2179,1158.81738,-0.940427601,0.239135891,-0.237867057,-0.0427703336
2976,0,54b24045-e039-40ee-9ba6-824dbdc42f9e,StartingBlock,297.618164,5728.48975,1,43,43,53,7,0,0,614.086304,-1227.25842,1156.90637,-0.940416038,0.239179358,-0.237869427,-0.0427687056
2977,0,54b24045-e039-40ee-9ba6-824dbdc42f9e,StartingBlock,297.718262,5728.58984,1,43,43,53,7,0,0,609.877808,-1233.28174,1154.96338,-0.940431178,0.239114538,-0.237877816,-0.0427495688
2978,0,54b24045-e039-40ee-9ba6-824dbdc42f9e,StartingBlock,297.818359,5728.68994,1,43,43,53,7,0,0,605.652405,-1239.2876,1152.98828,-0.940413058,0.239165887,-0.237888828,-0.0428003035
2979,0,54b24045-e039-40ee-9ba6-824dbdc42f9e,StartingBlock,297.918457,5728.79004,1,43,43,53,7,0,0,601.410217,-1245.27563,1150.98132,-0.940410495,0.239180103,-0.237894014,-0.0427478813
2980,0,54b24045-e039-40ee-9ba6-824dbdc42f9e,StartingBlock,298.018066,5728.88965,1,43,43,53,7,0,0,597.151245,-1251.24585,1148.94214,-0.940402329,0.239220068,-0.237883836,-0.0427605212
2981,0,54b24045-e039-40ee-9ba6-824dbdc42f9e,StartingBlock,298.118164,5728.98975,1,43,43,53,7,0,0,592.875671,-1257.198,1146.87109,-0.940406501,0.23921974,-0.237864077,-0.0427802652
2982,0,54b24045-e039-40ee-9ba6-824dbdc42f9e,StartingBlock,298.218262,5729.08984,1,43,43,53,7,0,0,588.583557,-1263.13171,1144.76807,-0.940415859,0.239189029,-0.237850875,-0.0428197235
2983,0,54b24045-e039-40ee-9ba6-824dbdc42f9e,StartingBlock,298.318359,5729.18994,1,43,43,53,7,0,0,584.274963,-1269.04675,1142.63293,-0.940422952,0.239183918,-0.237824932,-0.0428380743
2984,0,54b24045-e039-40ee-9ba6-824dbdc42f9e,StartingBlock,298.418457,5729.29004,1,43,43,53,7,0,0,579.950073,-1274.94336,1140.46594,-0.94041431,0.239256397,-0.237796053,-0.0427832492
2985,0,54b24045-e039-40ee-9ba6-824dbdc42f9e,StartingBlock,298.518066,5729.38965,1,43,43,53,7,0,0,575.608948,-1280.82117,1138.26697,-0.940416396,0.239224389,-0.237811923,-0.0428273194
2986,0,54b24045-e039-40ee-9ba6-824dbdc42f9e,StartingBlock,298.618164,5729.48975,1,43,43,53,7,0,0,571.251648,-1286.67969,1136.03601,-0.940406203,0.239275709,-0.237806693,-0.0427945219
2987,0,54b24045-e039-40ee-9ba6-824dbdc42f9e,StartingBlock,298.718262,5729.58984,1,43,43,53,7,0,0,566.878235,-1292.51917,1133.77319,-0.940397084,0.239259094,-0.23785083,-0.0428430103
2988,0,54b24045-e039-40ee-9ba6-824dbdc42f9e,StartingBlock,298.818359,5729.68994,1,43,43,53,7,0,0,562.488892,-1298.33899,1131.47839,-0.940399289,0.239285305,-0.237824142,-0.042795293
2989,0,54b24045-e039-40ee-9ba6-824dbdc42f9e,StartingBlock,298.918457,5729.79004,1,43,43,53,7,0,0,558.08374,-1304.1394,1129.15173,-0.940397799,0.239289641,-0.237821296,-0.0428185463
2990,0,54b24045-e039-40ee-9ba6-824dbdc42f9e,StartingBlock,299.018066,5729.88965,1,43,43,53,7,0,0,553.662781,-1309.9198,1126.79321,-0.940401793,0.239292562,-0.237804025,-0.0428124405
2991,0,54b24045-e039-40ee-9ba6-824dbdc42f9e,StartingBlock,299.118164,5729.98975,1,43,43,53,7,0,0,549.226196,-1315.68018,1124.40283,-0.940391064,0.239321068,-0.237809077,-0.0428593457
2992,0,54b24045-e039-40ee-9ba6-824dbdc42f9e,StartingBlock,299.218262,5730.08984,1,43,43,53,7,0,0,544.774048,-1321.42029,1121.98071,-0.940379381,0.239319101,-0.237851635,-0.0428905301
2993,0,54b24045-e039-40ee-9ba6-824dbdc42f9e,StartingBlock,299.318359,5730.18994,1,43,43,53,7,0,0,540.306519,-1327.14014,1119.52661,-0.940388978,0.239339218,-0.237803116,-0.0428374857
2994,0,54b24045-e039-40ee-9ba6-824dbdc42f9e,StartingBlock,299.418457,5730.29004,1,43,43,53,7,0,0,535.823608,-1332.83923,1117.04077,-0.940377951,0.239349917,-0.237827569,-0.0428834707
2995,0,54b24045-e039-40ee-9ba6-824dbdc42f9e,StartingBlock,299.518066,5730.38965,1,43,43,53,7,0,0,531.325378,-1338.51758,1114.52319,-0.940385282,0.239360645,-0.237789273,-0.0428757481
2996,0,54b24045-e039-40ee-9ba6-824dbdc42f9e,StartingBlock,299.618164,5730.48975,1,43,43,53,7,0,0,526.812134,-1344.1748,1111.97388,-0.940383315,0.239333585,-0.237826899,-0.0428612307
2997,0,54b24045-e039-40ee-9ba6-824dbdc42f9e,StartingBlock,299.718262,5730.58984,1,43,43,53,7,0,0,522.283752,-1349.81116,1109.39282,-0.940385163,0.239333093,-0.237809315,-0.0429219976
2998,0,54b24045-e039-40ee-9ba6-824dbdc42f9e,StartingBlock,299.818359,5730.68994,1,43,43,53,7,0,0,517.74054,-1355.42578,1106.77991,-0.940373838,0.239380538,-0.23781848,-0.042853266
2999,0,54b24045-e039-40ee-9ba6-824dbdc42f9e,StartingBlock,299.918457,5730.79004,1,43,43,53,7,0,0,513.182434,-1361.01904,1104.1355,-0.940374553,0.239403203,-0.237790629,-0.042865362
3000,0,54b24045-e039-40ee-9ba6-824dbdc42f9e,StartingBlock,300.018066,5730.88965,1,43,43,53,7,0,0,508.60965,-1366.59045,1101.45947,-0.940357625,0.239456728,-0.237801999,-0.0428751707
3001,0,54b24045-e039-40ee-9ba6-824dbdc42f9e,StartingBlock,300.118164,5730.98975,1,43,43,53,7,0,0,504.022247,-1372.13977,1098.75171,-0.940373123,0.239390194,-0.237809837,-0.0428645909
3002,0,54b24045-e039-40ee-9ba6-824dbdc42f9e,StartingBlock,300.218262,5731.08984,1,43,43,53,7,0,0,499.42041,-1377.66699,1096.01257,-0.940386295,0.239316791,-0.237824097,-0.0429046154
3003,0,54b24045-e039-40ee-9ba6-824dbdc42f9e,StartingBlock,300.318359,5731.18994,1,43,43,53,7,0,0,494.804169,-1383.17212,1093.24158,-0.940365434,0.239417031,-0.237805903,-0.0429028459
3004,0,54b24045-e039-40ee-9ba6-824dbdc42f9e,StartingBlock,300.418457,5731.29004,1,43,43,53,7,0,0,490.173615,-1388.65454,1090.43933,-0.94037962,0.239352882,-0.237817198,-0.0428883061
3005,0,54b24045-e039-40ee-9ba6-824dbdc42f9e,StartingBlock,300.518066,5731.38965,1,43,43,53,7,0,0,485.528992,-1394.11414,1087.60547,-0.940374851,0.239355326,-0.237829432,-0.0429114103
3006,0,54b24045-e039-40ee-9ba6-824dbdc42f9e,StartingBlock,300.618164,5731.48975,1,43,43,53,7,0,0,480.8703,-1399.55078,1084.74023,-0.940371692,0.239381701,-0.237814978,-0.0429148078
3007,0,54b24045-e039-40ee-9ba6-824dbdc42f9e,StartingBlock,300.718262,5731.58984,1,43,43,53,7,0,0,476.197693,-1404.96436,1081.84351,-0.940359592,0.239401981,-0.237838089,-0.0429375879
3008,0,54b24045-e039-40ee-9ba6-824dbdc42f9e,StartingBlock,300.818359,5731.68994,1,43,43,53,7,0,0,471.51123,-1410.35474,1078.91553,-0.940357268,0.2394187,-0.237829387,-0.0429429188
3009,0,54b24045-e039-40ee-9ba6-824dbdc42f9e,StartingBlock,300.918457,5731.79004,1,43,43,53,7,0,0,466.811096,-1415.72156,1075.95593,-0.940341771,0.239456013,-0.237855718,-0.0429294631
3010,0,54b24045-e039-40ee-9ba6-824dbdc42f9e,StartingBlock,301.018066,5731.88965,1,43,43,53,7,0,0,462.097351,-1421.0647,1072.96521,-0.940334976,0.239469171,-0.237869427,-0.0429272689
3011,0,54b24045-e039-40ee-9ba6-824dbdc42f9e,StartingBlock,301.118164,5731.98975,1,43,43,53,7,0,0,457.370148,-1426.38391,1069.94336,-0.940344572,0.239436671,-0.237866789,-0.0429142937
3012,0,54b24045-e039-40ee-9ba6-824dbdc42f9e,StartingBlock,301.218262,5732.08984,1,43,43,53,7,0,0,452.629669,-1431.67896,1066.89014,-0.940335751,0.239447385,-0.237889171,-0.0429236777
3013,0,54b24045-e039-40ee-9ba6-824dbdc42f9e,StartingBlock,301.318359,5732.18994,1,43,43,53,7,0,0,447.875854,-1436.94983,1063.80579,-0.940327942,0.239467233,-0.237899661,-0.0429244488
3014,0,54b24045-e039-40ee-9ba6-824dbdc42f9e,StartingBlock,301.418457,5732.29004,1,43,43,53,7,0,0,443.109009,-1442.19617,1060.69019,-0.940308869,0.239530429,-0.237915859,-0.0429014079
3015,0,54b24045-e039-40ee-9ba6-824dbdc42f9e,StartingBlock,301.518066,5732.38965,1,43,43,53,7,0,0,438.329132,-1447.41797,1057.54358,-0.940303504,0.239554688,-0.237913221,-0.0428978056
3016,0,54b24045-e039-40ee-9ba6-824dbdc42f9e,StartingBlock,301.618164,5732.48975,1,43,43,53,7,0,0,433.536407,-1452.61487,1054.36597,-0.94030714,0.239539415,-0.237911835,-0.0429116935
3017,0,54b24045-e039-40ee-9ba6-824dbdc42f9e,StartingBlock,301.718262,5732.58984,1,43,43,53,7,0,0,428.730865,-1457.78662,1051.15723,-0.940304279,0.239553556,-0.237911969,-0.0428929329
3018,0,54b24045-e039-40ee-9ba6-824dbdc42f9e,StartingBlock,301.818359,5732.68994,1,43,43,53,7,0,0,423.91272,-1462.93323,1047.91748,-0.940306962,0.239564463,-0.237887815,-0.0429087877
3019,0,54b24045-e039-40ee-9ba6-824dbdc42f9e,StartingBlock,301.918457,5732.79004,1,43,43,53,7,0,0,419.082031,-1468.05432,1044.64709,-0.940314293,0.239521608,-0.237905279,-0.0428911187
3020,0,54b24045-e039-40ee-9ba6-824dbdc42f9e,StartingBlock,302.018066,5732.88965,1,43,43,53,7,0,0,414.239014,-1473.14978,1041.34558,-0.940300822,0.239567712,-0.237908378,-0.0429092906
3021,0,54b24045-e039-40ee-9ba6-824dbdc42f9e,StartingBlock,302.118164,5732.98975,1,43,43,53,7,0,0,409.383789,-1478.21948,1038.01343,-0.940302074,0.239544749,-0.237929463,-0.0428943709
3022,0,54b24045-e039-40ee-9ba6-824dbdc42f9e,StartingBlock,302.218262,5733.08984,1,43,43,53,7,0,0,404.516357,-1483.26318,1034.65039,-0.940304697,0.23954019,-0.237927318,-0.042875737
3023,0,54b24045-e039-40ee-9ba6-824dbdc42f9e,StartingBlock,302.318359,5733.18994,1,43,43,53,7,0,0,399.636932,-1488.28088,1031.25659,-0.940298378,0.239551038,-0.237941489,-0.0428735353
3024,0,54b24045-e039-40ee-9ba6-824dbdc42f9e,StartingBlock,302.418457,5733.29004,1,43,43,53,7,0,0,394.745636,-1493.27197,1027.8324,-0.940292895,0.239535853,-0.237968579,-0.0429286398
3025,0,54b24045-e039-40ee-9ba6-824dbdc42f9e,StartingBlock,302.518066,5733.38965,1,43,43,53,7,0,0,389.84259,-1498.23669,1024.37732,-0.940292776,0.239561722,-0.237947911,-0.0429012254
3026,0,54b24045-e039-40ee-9ba6-824dbdc42f9e,StartingBlock,302.618164,5733.48975,1,43,43,53,7,0,0,384.927948,-1503.17444,1020.89178,-0.940281868,0.239615887,-0.23793593,-0.0429045893
3027,0,54b24045-e039-40ee-9ba6-824dbdc42f9e,StartingBlock,302.718262,5733.58984,1,43,43,53,7,0,0,380.00177,-1508.08533,1017.37585,-0.940273941,0.239634305,-0.237952515,-0.042883452
3028,0,54b24045-e039-40ee-9ba6-824dbdc42f9e,StartingBlock,302.818359,5733.68994,1,43,43,53,7,0,0,375.064301,-1512.96912,1013.82947,-0.940287411,0.239580527,-0.237952843,-0.0428864397
3029,0,54b24045-e039-40ee-9ba6-824dbdc42f9e,StartingBlock,302.918457,5733.79004,1,43,43,53,7,0,0,370.11554,-1517.82556,1010.25269,-0.940297127,0.239556551,-0.237934127,-0.0429106019
3030,0,54b24045-e039-40ee-9ba6-824dbdc42f9e,StartingBlock,303.018066,5733.88965,1,43,43,53,7,0,0,365.155731,-1522.65454,1006.64557,-0.940295398,0.239589468,-0.23790957,-0.0429012328
3031,0,54b24045-e039-40ee-9ba6-824dbdc42f9e,StartingBlock,303.118164,5733.98975,1,43,43,53,7,0,0,360.184906,-1527.45581,1003.0083,-0.940280616,0.239634216,-0.237917706,-0.0429300033
3032,0,54b24045-e039-40ee-9ba6-824dbdc42f9e,StartingBlock,303.218262,5734.08984,1,43,43,53,7,0,0,355.203308,-1532.22925,999.340759,-0.940273046,0.23966901,-0.237917274,-0.0429040194
3033,0,54b24045-e039-40ee-9ba6-824dbdc42f9e,StartingBlock,303.318359,5734.18994,1,43,43,53,7,0,0,350.210938,-1536.97461,995.643127,-0.940281808,0.239643291,-0.237905666,-0.0429212302
3034,0,54b24045-e039-40ee-9ba6-824dbdc42f9e,StartingBlock,303.418457,5734.29004,1,43,43,53,7,0,0,345.208038,-1541.69165,991.915466,-0.940266907,0.239675045,-0.237937346,-0.0428941697
3035,0,54b24045-e039-40ee-9ba6-824dbdc42f9e,StartingBlock,303.518066,5734.38965,1,43,43,53,7,0,0,340.194702,-1546.38025,988.157776,-0.940250814,0.239708617,-0.23795864,-0.0429416038
3036,0,54b24045-e039-40ee-9ba6-824dbdc42f9e,StartingBlock,303.618164,5734.48975,1,43,43,53,7,0,0,335.171051,-1551.04041,984.370178,-0.940259755,0.239667878,-0.237965658,-0.0429339819
3037,0,54b24045-e039-40ee-9ba6-824dbdc42f9e,StartingBlock,303.718262,5734.58984,1,43,43,53,7,0,0,330.137207,-1555.67163,980.552734,-0.940260112,0.239659205,-0.237974688,-0.0429241545
3038,0,54b24045-e039-40ee-9ba6-824dbdc42f9e,StartingBlock,303.818359,5734.68994,1,43,43,53,7,0,0,325.093384,-1560.2738,976.705566,-0.940252304,0.239679635,-0.237986445,-0.0429158583
3039,0,54b24045-e039-40ee-9ba6-824dbdc42f9e,StartingBlock,303.918457,5734.79004,1,43,43,53,7,0,0,320.039703,-1564.8468,972.828613,-0.940242231,0.239726648,-0.237975553,-0.0429330282
3040,0,54b24045-e039-40ee-9ba6-824dbdc42f9e,StartingBlock,304.018066,5734.88965,1,43,43,53,7,0,0,314.976227,-1569.39038,968.921997,-0.940239549,0.239722401,-0.237988144,-0.0429463498
3041,0,54b24045-e039-40ee-9ba6-824dbdc42f9e,StartingBlock,304.118164,5734.98975,1,43,43,53,7,0,0,309.903198,-1573.90454,964.985901,-0.940243006,0.239708826,-0.237987146,-0.0429521389
3042,0,54b24045-e039-40ee-9ba6-824dbdc42f9e,StartingBlock,304.218262,5735.08984,1,43,43,53,7,0,0,304.820679,-1578.38904,961.020386,-0.940237284,0.239740625,-0.237978742,-0.0429485962
3043,0,54b24045-e039-40ee-9ba6-824dbdc42f9e,StartingBlock,304.318359,5735.18994,1,43,43,53,7,0,0,299.728821,-1582.84351,957.025391,-0.940233529,0.239749327,-0.237981513,-0.042966228
3044,0,54b24045-e039-40ee-9ba6-824dbdc42f9e,StartingBlock,304.418457,5735.29004,1,43,43,53,7,0,0,294.627747,-1587.26794,953.001038,-0.940218151,0.239812151,-0.237982884,-0.042944409
3045,0,54b24045-e039-40ee-9ba6-824dbdc42f9e,StartingBlock,304.518066,5735.38965,1,43,43,53,7,0,0,289.517639,-1591.66211,948.947449,-0.940225959,0.239780933,-0.237982661,-0.0429486483
3046,0,54b24045-e039-40ee-9ba6-824dbdc42f9e,StartingBlock,304.618164,5735.48975,1,43,43,53,7,0,0,284.398651,-1596.02576,944.864685,-0.940229535,0.239795953,-0.237951934,-0.0429562144
3047,0,54b24045-e039-40ee-9ba6-824dbdc42f9e,StartingBlock,304.718262,5735.58984,1,43,43,53,7,0,0,279.270935,-1600.35864,940.752808,-0.940236807,0.239760622,-0.23796156,-0.0429397598
3048,0,54b24045-e039-40ee-9ba6-824dbdc42f9e,StartingBlock,304.818359,5735.68994,1,43,43,53,7,0,0,274.134552,-1604.66089,936.611877,-0.94023627,0.239761576,-0.23795864,-0.042963054
3049,0,54b24045-e039-40ee-9ba6-824dbdc42f9e,StartingBlock,304.918457,5735.79004,1,43,43,53,7,0,0,268.989746,-1608.93213,932.442078,-0.940225601,0.239807695,-0.237955198,-0.0429583453
3050,0,54b24045-e039-40ee-9ba6-824dbdc42f9e,StartingBlock,305.018066,5735.88965,1,43,43,53,7,0,0,263.836639,-1613.17212,928.243408,-0.940234303,0.23977752,-0.237953141,-0.0429475754
3051,0,54b24045-e039-40ee-9ba6-824dbdc42f9e,StartingBlock,305.118164,5735.98975,1,43,43,53,7,0,0,258.675415,-1617.38086,924.015991,-0.940217078,0.239853263,-0.237940431,-0.0429722071
3052,0,54b24045-e039-40ee-9ba6-824dbdc42f9e,StartingBlock,305.218262,5736.08984,1,43,43,53,7,0,0,253.506073,-1621.55786,919.76001,-0.940205514,0.239880696,-0.237959117,-0.0429698974
3053,0,54b24045-e039-40ee-9ba6-824dbdc42f9e,StartingBlock,305.318359,5736.18994,1,43,43,53,7,0,0,248.328903,-1625.70325,915.475342,-0.940198183,0.239906549,-0.237961426,-0.0429725833
3054,0,54b24045-e039-40ee-9ba6-824dbdc42f9e,StartingBlock,305.418457,5736.29004,1,43,43,53,7,0,0,243.143997,-1629.81677,911.162231,-0.940203547,0.239880487,-0.237965241,-0.04297892
3055,0,54b24045-e039-40ee-9ba6-824dbdc42f9e,StartingBlock,305.518066,5736.38965,1,43,43,53,7,0,0,237.951508,-1633.89807,906.820618,-0.940211833,0.239862084,-0.237949014,-0.0429893062
3056,0,54b24045-e039-40ee-9ba6-824dbdc42f9e,StartingBlock,305.618164,5736.48975,1,43,43,53,7,0,0,232.751617,-1637.94727,902.450806,-0.940206289,0.23988539,-0.237951115,-0.042971082
3057,0,54b24045-e039-40ee-9ba6-824dbdc42f9e,StartingBlock,305.718262,5736.58984,1,43,43,53,7,0,0,227.544449,-1641.96399,898.052734,-0.940193117,0.239913598,-0.237971604,-0.0429879799
3058,0,54b24045-e039-40ee-9ba6-824dbdc42f9e,StartingBlock,305.818359,5736.68994,1,43,43,53,7,0,0,222.330154,-1645.94824,893.626526,-0.940188408,0.239947855,-0.23795718,-0.0429778621
3059,0,54b24045-e039-40ee-9ba6-824dbdc42f9e,StartingBlock,305.918457,5736.79004,1,43,43,53,7,0,0,217.108841,-1649.89966,889.172241,-0.940190375,0.239932805,-0.237964645,-0.0429801233
3060,0,54b24045-e039-40ee-9ba6-824dbdc42f9e,StartingBlock,306.018066,5736.88965,1,43,43,53,7,0,0,211.880753,-1653.81812,884.690186,-0.940205514,0.23984465,-0.237993419,-0.0429813452
3061,0,54b24045-e039-40ee-9ba6-824dbdc42f9e,StartingBlock,306.118164,5736.98975,1,43,43,53,7,0,0,206.646042,-1657.70337,880.180237,-0.940189242,0.239929482,-0.237974629,-0.0429673977
3062,0,54b24045-e039-40ee-9ba6-824dbdc42f9e,StartingBlock,306.218262,5737.08984,1,43,43,53,7,0,0,201.4048,-1661.55542,875.642578,-0.940195024,0.239892647,-0.237988055,-0.0429713055
3063,0,54b24045-e039-40ee-9ba6-824dbdc42f9e,StartingBlock,306.318359,5737.18994,1,43,43,53,7,0,0,196.157227,-1665.3739,871.077332,-0.940191865,0.239920035,-0.237972632,-0.042973876
3064,0,54b24045-e039-40ee-9ba6-824dbdc42f9e,StartingBlock,306.418457,5737.29004,1,43,43,53,7,0,0,190.903458,-1669.15881,866.484497,-0.940194428,0.239886805,-0.237996593,-0.0429708995
3065,0,54b24045-e039-40ee-9ba6-824dbdc42f9e,StartingBlock,306.518066,5737.38965,1,43,43,53,7,0,0,185.643646,-1672.90991,861.864258,-0.940196574,0.239885747,-0.237987891,-0.0429780781
3066,0,54b24045-e039-40ee-9ba6-824dbdc42f9e,StartingBlock,306.618164,5737.48975,1,43,43,53,7,0,0,180.377975,-1676.62708,857.216736,-0.940186143,0.239929199,-0.237985045,-0.0429775603
3067,0,54b24045-e039-40ee-9ba6-824dbdc42f9e,StartingBlock,306.718262,5737.58984,1,43,43,53,7,0,0,175.106598,-1680.31006,852.541992,-0.940188944,0.239907458,-0.237996072,-0.0429769307
3068,0,54b24045-e039-40ee-9ba6-824dbdc42f9e,StartingBlock,306.818359,5737.68994,1,43,43,53,7,0,0,169.829636,-1683.95874,847.840149,-0.940181255,0.239935145,-0.23799859,-0.0429777391
3069,0,54b24045-e039-40ee-9ba6-824dbdc42f9e,StartingBlock,306.918457,5737.79004,1,43,43,53,7,0,0,164.547272,-1687.57275,843.111389,-0.940180123,0.239915565,-0.238025531,-0.0429629907
3070,0,54b24045-e039-40ee-9ba6-824dbdc42f9e,StartingBlock,307.018066,5737.88965,1,43,43,53,7,0,0,159.259644,-1691.15234,838.355652,-0.940176785,0.239906773,-0.238046601,-0.042968668
3071,0,54b24045-e039-40ee-9ba6-824dbdc42f9e,StartingBlock,307.118164,5737.98975,1,43,43,53,7,0,0,153.96698,-1694.69714,833.573181,-0.940165997,0.239962876,-0.238033831,-0.0429614782
3072,0,54b24045-e039-40ee-9ba6-824dbdc42f9e,StartingBlock,307.218262,5738.08984,1,43,43,53,7,0,0,148.669403,-1698.20691,828.764099,-0.940152943,0.240004316,-0.238041788,-0.0429698899
3073,0,54b24045-e039-40ee-9ba6-824dbdc42f9e,StartingBlock,307.318359,5738.18994,1,43,43,53,7,0,0,143.367065,-1701.6814,823.928406,-0.940134346,0.240083113,-0.238038301,-0.0429576077
3074,0,54b24045-e039-40ee-9ba6-824dbdc42f9e,StartingBlock,307.418457,5738.29004,1,43,43,53,7,0,0,138.060135,-1705.12073,819.066345,-0.940149426,0.24002862,-0.238030985,-0.0429714397
3075,0,54b24045-e039-40ee-9ba6-824dbdc42f9e,StartingBlock,307.518066,5738.38965,1,43,43,53,7,0,0,132.748795,-1708.52454,814.177979,-0.940143049,0.240058899,-0.238023147,-0.0429870673
3076,0,54b24045-e039-40ee-9ba6-824dbdc42f9e,StartingBlock,307.618164,5738.48975,1,43,43,53,7,0,0,127.433174,-1711.8927,809.263306,-0.940146446,0.240060955,-0.238007396,-0.0429881476
3077,0,54b24045-e039-40ee-9ba6-824dbdc42f9e,StartingBlock,307.718262,5738.58984,1,43,43,53,7,0,0,122.113434,-1715.22498,804.322632,-0.94015646,0.240019813,-0.238008335,-0.0429946333
3078,0,54b24045-e039-40ee-9ba6-824dbdc42f9e,StartingBlock,307.818359,5738.68994,1,43,43,53,7,0,0,116.789803,-1718.52148,799.356018,-0.940148115,0.24004665,-0.23801358,-0.0429966375
3079,0,54b24045-e039-40ee-9ba6-824dbdc42f9e,StartingBlock,307.918457,5738.79004,1,43,43,53,7,0,0,111.462364,-1721.78174,794.363525,-0.940146625,0.240058735,-0.23800984,-0.0429834016
3080,0,54b24045-e039-40ee-9ba6-824dbdc42f9e,StartingBlock,308.018066,5738.88965,1,43,43,53,7,0,0,106.131363,-1725.00574,789.345398,-0.94014138,0.240066156,-0.238022625,-0.0429845229
3081,0,54b24045-e039-40ee-9ba6-824dbdc42f9e,StartingBlock,308.118164,5738.98975,1,43,43,53,7,0,0,100.796906,-1728.19336,784.301636,-0.940144658,0.240060911,-0.238014221,-0.0429900512
3082,0,54b24045-e039-40ee-9ba6-824dbdc42f9e,StartingBlock,308.218262,5739.08984,1,43,43,53,7,0,0,95.459198,-1731.34436,779.232483,-0.940146625,0.240060553,-0.238004491,-0.0430013537
3083,0,54b24045-e039-40ee-9ba6-824dbdc42f9e,StartingBlock,308.318359,5739.18994,1,43,43,53,7,0,0,90.1183777,-1734.4585,774.138,-0.940143645,0.240059942,-0.238020897,-0.0429806896
3084,0,54b24045-e039-40ee-9ba6-824dbdc42f9e,StartingBlock,308.418457,5739.29004,1,43,43,53,7,0,0,84.7746429,-1737.53577,769.01825,-0.940147161,0.240037724,-0.238028705,-0.0429846942
3085,0,54b24045-e039-40ee-9ba6-824dbdc42f9e,StartingBlock,308.518066,5739.38965,1,43,43,53,7,0,0,79.4281693,-1740.57617,763.873535,-0.940133274,0.240085572,-0.238035873,-0.0429795012
3086,0,54b24045-e039-40ee-9ba6-824dbdc42f9e,StartingBlock,308.618164,5739.48975,1,43,43,53,7,0,0,74.0790863,-1743.57922,758.703857,-0.940138519,0.240054175,-0.238044247,-0.0429938547
3087,0,54b24045-e039-40ee-9ba6-824dbdc42f9e,StartingBlock,308.718262,5739.58984,1,43,43,53,7,0,0,68.7275925,-1746.54492,753.509277,-0.940138996,0.240056291,-0.238041997,-0.0429854318
3088,0,54b24045-e039-40ee-9ba6-824dbdc42f9e,StartingBlock,308.818359,5739.68994,1,43,43,53,7,0,0,63.3738899,-1749.47302,748.2901,-0.940140605,0.240062535,-0.238028049,-0.0429920442
3089,0,54b24045-e039-40ee-9ba6-824dbdc42f9e,StartingBlock,308.918457,5739.79004,1,43,43,53,7,0,0,58.0181236,-1752.36353,743.046448,-0.940139771,0.240075216,-0.238017574,-0.0429980829
3090,0,54b24045-e039-40ee-9ba6-824dbdc42f9e,StartingBlock,309.018066,5739.88965,1,43,43,53,7,0,0,52.6604652,-1755.21619,737.77832,-0.940150917,0.240041569,-0.238004282,-0.0430151634
3091,0,54b24045-e039-40ee-9ba6-824dbdc42f9e,StartingBlock,309.118164,5739.98975,1,43,43,53,7,0,0,47.3010559,-1758.03076,732.485962,-0.94015485,0.240047723,-0.237984791,-0.0430028848
3092,0,54b24045-e039-40ee-9ba6-824dbdc42f9e,StartingBlock,309.218262,5740.08984,1,43,43,53,7,0,0,41.9401436,-1760.80737,727.169556,-0.940150499,0.240050837,-0.237996668,-0.0430149101
3093,0,54b24045-e039-40ee-9ba6-824dbdc42f9e,StartingBlock,309.318359,5740.18994,1,43,43,53,7,0,0,36.5778351,-1763.54578,721.829102,-0.94015348,0.240040079,-0.237995461,-0.0430179909
3094,0,54b24045-e039-40ee-9ba6-824dbdc42f9e,StartingBlock,309.418457,5740.29004,1,43,43,53,7,0,0,31.2142944,-1766.24573,716.464905,-0.940157235,0.240032643,-0.237989441,-0.0430079401
3095,0,54b24045-e039-40ee-9ba6-824dbdc42f9e,StartingBlock,309.518066,5740.38965,1,43,43,53,7,0,0,25.8497677,-1768.90698,711.076904,-0.940156698,0.240057424,-0.237965107,-0.0430168584
3096,0,54b24045-e039-40ee-9ba6-824dbdc42f9e,StartingBlock,309.618164,5740.48975,1,43,43,53,7,0,0,20.4844131,-1771.52966,705.665405,-0.940149546,0.240073934,-0.237976953,-0.0430166647
3097,0,54b24045-e039-40ee-9ba6-824dbdc42f9e,StartingBlock,309.718262,5740.58984,1,43,43,53,7,0,0,15.118372,-1774.11353,700.23053,-0.940155208,0.240058467,-0.237969622,-0.0430195518
3098,0,54b24045-e039-40ee-9ba6-824dbdc42f9e,StartingBlock,309.818359,5740.68994,1,43,43,53,7,0,0,9.75185204,-1776.65833,694.772339,-0.940152407,0.240094006,-0.237944514,-0.0430212058
3099,0,54b24045-e039-40ee-9ba6-824dbdc42f9e,StartingBlock,309.918457,5740.79004,1,43,43,53,7,0,0,4.38503218,-1779.16418,689.291199,-0.940134704,0.240136966,-0.237968564,-0.0430354215
3100,0,54b24045-e039-40ee-9ba6-824dbdc42f9e,StartingBlock,310.018066,5740.88965,1,43,43,53,7,0,0,-0.98200655,-1781.63062,683.786926,-0.94014293,0.240102589,-0.237977982,-0.0429955833
3101,0,54b24045-e039-40ee-9ba6-824dbdc42f9e,StartingBlock,310.118164,5740.98975,1,43,43,53,7,0,0,-6.34892416,-1784.05774,678.259888,-0.940151095,0.240084261,-0.237961516,-0.0430085994
3102,0,54b24045-e039-40ee-9ba6-824dbdc42f9e,StartingBlock,310.218262,5741.08984,1,43,43,53,7,0,0,-11.7155781,-1786.44519,672.710205,-0.940145135,0.240113974,-0.237953007,-0.0430224836
3103,0,54b24045-e039-40ee-9ba6-824dbdc42f9e,StartingBlock,310.318359,5741.18994,1,43,43,53,7,0,0,-17.0818539,-1788.79309,667.138062,-0.940146506,0.240140796,-0.237920195,-0.0430244729
3104,0,54b24045-e039-40ee-9ba6-824dbdc42f9e,StartingBlock,310.418457,5741.29004,1,43,43,53,7,0,0,-22.4475594,-1791.1012,661.543579,-0.940152586,0.240105689,-0.237930149,-0.043032486
3105,0,54b24045-e039-40ee-9ba6-824dbdc42f9e,StartingBlock,310.518066,5741.38965,1,43,43,53,7,0,0,-27.8124924,-1793.36951,655.92688,-0.940135539,0.240170822,-0.23793155,-0.0430313759
3106,0,54b24045-e039-40ee-9ba6-824dbdc42f9e,StartingBlock,310.618164,5741.48975,1,43,43,53,7,0,0,-33.1764832,-1795.59753,650.288147,-0.940140545,0.240143791,-0.237939671,-0.0430297628
3107,0,54b24045-e039-40ee-9ba6-824dbdc42f9e,StartingBlock,310.718262,5741.58984,1,43,43,53,7,0,0,-38.5393295,-1797.7854,644.627563,-0.94013685,0.240147725,-0.237950817,-0.0430265106
3108,0,54b24045-e039-40ee-9ba6-824dbdc42f9e,StartingBlock,310.818359,5741.68994,1,43,43,53,7,0,0,-43.9008789,-1799.93286,638.945251,-0.94014889,0.240112752,-0.237940341,-0.0430159532
3109,0,54b24045-e039-40ee-9ba6-824dbdc42f9e,StartingBlock,310.918457,5741.79004,1,43,43,53,7,0,0,-49.2608871,-1802.04016,633.241455,-0.940139532,0.240159214,-0.237928852,-0.0430260599
3110,0,54b24045-e039-40ee-9ba6-824dbdc42f9e,StartingBlock,311.018066,5741.88965,1,43,43,53,7,0,0,-54.6192589,-1804.10657,627.516174,-0.940147161,0.24013415,-0.237924173,-0.0430243835
3111,0,54b24045-e039-40ee-9ba6-824dbdc42f9e,StartingBlock,311.118164,5741.98975,1,43,43,53,7,0,0,-59.9757423,-1806.13245,621.769775,-0.940145254,0.240118563,-0.237947643,-0.0430225767
3112,0,54b24045-e039-40ee-9ba6-824dbdc42f9e,StartingBlock,311.218262,5742.08984,1,43,43,53,7,0,0,-65.3302002,-1808.11731,616.002319,-0.940134764,0.24015452,-0.237955987,-0.0430035479
3113,0,54b24045-e039-40ee-9ba6-824dbdc42f9e,StartingBlock,311.318359,5742.18994,1,43,43,53,7,0,0,-70.6823807,-1810.0614,610.213989,-0.940142155,0.240116507,-0.237962916,-0.0430162847
3114,0,54b24045-e039-40ee-9ba6-824dbdc42f9e,StartingBlock,311.418457,5742.29004,1,43,43,53,7,0,0,-76.0321426,-1811.96436,604.404907,-0.940141439,0.240129367,-0.237951756,-0.0430236608
3115,0,54b24045-e039-40ee-9ba6-824dbdc42f9e,StartingBlock,311.518066,5742.38965,1,43,43,53,7,0,0,-81.3793106,-1813.82617,598.575256,-0.940142691,0.240142867,-0.237932488,-0.0430275425
3116,0,54b24045-e039-40ee-9ba6-824dbdc42f9e,StartingBlock,311.618164,5742.48975,1,43,43,53,7,0,0,-86.7237167,-1815.64673,592.725281,-0.940133393,0.240169555,-0.237943217,-0.0430210903
3117,0,54b24045-e039-40ee-9ba6-824dbdc42f9e,StartingBlock,311.718262,5742.58984,1,43,43,53,7,0,0,-92.0651321,-1817.42566,586.855042,-0.940143585,0.240131512,-0.237940058,-0.0430302992
3118,0,54b24045-e039-40ee-9ba6-824dbdc42f9e,StartingBlock,311.818359,5742.68994,1,43,43,53,7,0,0,-97.403389,-1819.16321,580.964844,-0.940145969,0.240141064,-0.237919018,-0.0430389941
3119,0,54b24045-e039-40ee-9ba6-824dbdc42f9e,StartingBlock,311.918457,5742.79004,1,43,43,53,7,0,0,-102.738312,-1820.85913,575.054749,-0.940150082,0.240121484,-0.237923071,-0.0430368409
3120,0,54b24045-e039-40ee-9ba6-824dbdc42f9e,StartingBlock,312.018066,5742.88965,1,43,43,53,7,0,0,-108.069695,-1822.51306,569.124878,-0.940155983,0.240117297,-0.237906903,-0.0430208221
3121,0,54b24045-e039-40ee-9ba6-824dbdc42f9e,StartingBlock,312.118164,5742.98975,1,43,43,53,7,0,0,-113.397316,-1824.12537,563.17572,-0.940151334,0.240112185,-0.237928972,-0.0430293679
3122,0,54b24045-e039-40ee-9ba6-824dbdc42f9e,StartingBlock,312.218262,5743.08984,1,43,43,53,7,0,0,-118.721031,-1825.69556,557.207153,-0.94014138,0.240153611,-0.237925187,-0.0430354103
3123,0,54b24045-e039-40ee-9ba6-824dbdc42f9e,StartingBlock,312.318359,5743.18994,1,43,43,53,7,0,0,-124.040665,-1827.22351,551.219421,-0.940143824,0.24013485,-0.237937048,-0.043021962
3124,0,54b24045-e039-40ee-9ba6-824dbdc42f9e,StartingBlock,312.418457,5743.29004,1,43,43,53,7,0,0,-129.356033,-1828.70935,545.212769,-0.940143943,0.24015668,-0.237915635,-0.0430145487
3125,0,54b24045-e039-40ee-9ba6-824dbdc42f9e,StartingBlock,312.518066,5743.38965,1,43,43,53,7,0,0,-134.666916,-1830.15283,539.187317,-0.9401474,0.240157887,-0.237897664,-0.0430326276
3126,0,54b24045-e039-40ee-9ba6-824dbdc42f9e,StartingBlock,312.618164,5743.48975,1,43,43,53,7,0,0,-139.973129,-1831.55408,533.143372,-0.940138817,0.240202859,-0.237887561,-0.0430244431
3127,0,54b24045-e039-40ee-9ba6-824dbdc42f9e,StartingBlock,312.718262,5743.58984,1,43,43,53,7,0,0,-145.274475,-1832.9126,527.080872,-0.940137625,0.2401779,-0.237920597,-0.0430072471
3128,0,54b24045-e039-40ee-9ba6-824dbdc42f9e,StartingBlock,312.818359,5743.68994,1,43,43,53,7,0,0,-150.570816,-1834.22864,521.000244,-0.940152645,0.240121201,-0.237912253,-0.0430431403
3129,0,54b24045-e039-40ee-9ba6-824dbdc42f9e,StartingBlock,312.918457,5743.79004,1,43,43,53,7,0,0,-155.861908,-1835.50171,514.901489,-0.940158904,0.240110368,-0.237901434,-0.0430255011
3130,0,54b24045-e039-40ee-9ba6-824dbdc42f9e,StartingBlock,313.018066,5743.88965,1,43,43,53,7,0,0,-161.147568,-1836.73218,508.784943,-0.940146029,0.240152597,-0.237913206,-0.0430049524
3131,0,54b24045-e039-40ee-9ba6-824dbdc42f9e,StartingBlock,313.118164,5743.98975,1,43,43,53,7,0,0,-166.427612,-1837.91968,502.650787,-0.940143824,0.240171701,-0.237901688,-0.0430117957
3132,0,54b24045-e039-40ee-9ba6-824dbdc42f9e,StartingBlock,313.218262,5744.08984,1,43,43,53,7,0,0,-171.701859,-1839.06409,496.499084,-0.940150559,0.240153447,-0.237893015,-0.0430153683
3133,0,54b24045-e039-40ee-9ba6-824dbdc42f9e,StartingBlock,313.318359,5744.18994,1,43,43,53,7,0,0,-176.970062,-1840.16541,490.3302,-0.940146565,0.240148902,-0.237914562,-0.043008104
3134,0,54b24045-e039-40ee-9ba6-824dbdc42f9e,StartingBlock,313.418457,5744.29004,1,43,43,53,7,0,0,-182.232132,-1841.22351,484.144165,-0.940148234,0.240153387,-0.237903744,-0.0430048294
3135,0,54b24045-e039-40ee-9ba6-824dbdc42f9e,StartingBlock,313.518066,5744.38965,1,43,43,53,7,0,0,-187.487778,-1842.23828,477.941254,-0.940145552,0.24016346,-0.237904206,-0.0430071242
3136,0,54b24045-e039-40ee-9ba6-824dbdc42f9e,StartingBlock,313.618164,5744.48975,1,43,43,53,7,0,0,-192.736877,-1843.20972,471.721649,-0.940152347,0.240146294,-0.23789534,-0.04300211
3137,0,54b24045-e039-40ee-9ba6-824dbdc42f9e,StartingBlock,313.718262,5744.58984,1,43,43,53,7,0,0,-197.979218,-1844.1377,465.485596,-0.94015342,0.240165457,-0.237869814,-0.043013338
3138,0,54b24045-e039-40ee-9ba6-824dbdc42f9e,StartingBlock,313.818359,5744.68994,1,43,43,53,7,0,0,-203.2146,-1845.02209,459.233246,-0.940158069,0.240160659,-0.237859577,-0.042993851
3139,0,54b24045-e039-40ee-9ba6-824dbdc42f9e,StartingBlock,313.918457,5744.79004,1,43,43,53,7,0,0,-208.442825,-1845.86279,452.964783,-0.940155804,0.240157411,-0.237871736,-0.0429958478
3140,0,54b24045-e039-40ee-9ba6-824dbdc42f9e,StartingBlock,314.018066,5744.88965,1,43,43,53,7,0,0,-213.663712,-1846.65979,446.680389,-0.940153778,0.240158603,-0.23787874,-0.0429934561
3141,0,54b24045-e039-40ee-9ba6-824dbdc42f9e,StartingBlock,314.118164,5744.98975,1,43,43,53,7,0,0,-218.877045,-1847.41296,440.380341,-0.940160275,0.240137503,-0.237875149,-0.0429902561
3142,0,54b24045-e039-40ee-9ba6-824dbdc42f9e,StartingBlock,314.218262,5745.08984,1,43,43,53,7,0,0,-224.082703,-1848.12219,434.064819,-0.940162838,0.240131259,-0.237872377,-0.0429829322
3143,0,54b24045-e039-40ee-9ba6-824dbdc42f9e,StartingBlock,314.318359,5745.18994,1,43,43,53,7,0,0,-229.280396,-1848.78748,427.733978,-0.94015795,0.240171909,-0.237852842,-0.0429702997
3144,0,54b24045-e039-40ee-9ba6-824dbdc42f9e,StartingBlock,314.418457,5745.29004,1,43,43,53,7,0,0,-234.469986,-1849.40881,421.388092,-0.940156162,0.24015747,-0.237874359,-0.0429722331
3145,0,54b24045-e039-40ee-9ba6-824dbdc42f9e,StartingBlock,314.518066,5745.38965,1,43,43,53,7,0,0,-239.651245,-1849.98596,415.027374,-0.940158784,0.240152836,-0.237868771,-0.0429714322
3146,0,54b24045-e039-40ee-9ba6-824dbdc42f9e,StartingBlock,314.618164,5745.48975,1,43,43,53,7,0,0,-244.824036,-1850.51892,408.651947,-0.940156817,0.240172222,-0.237858489,-0.0429643579
3147,0,54b24045-e039-40ee-9ba6-824dbdc42f9e,StartingBlock,314.718262,5745.58984,1,43,43,53,7,0,0,-249.988113,-1851.00769,402.262054,-0.94016099,0.240160182,-0.23785539,-0.0429572426
3148,0,54b24045-e039-40ee-9ba6-824dbdc42f9e,StartingBlock,314.818359,5745.68994,1,43,43,53,7,0,0,-255.143326,-1851.45203,395.857941,-0.940162182,0.240153193,-0.237857416,-0.042958267
3149,0,54b24045-e039-40ee-9ba6-824dbdc42f9e,StartingBlock,314.918457,5745.79004,1,43,43,53,7,0,0,-260.289429,-1851.85193,389.439758,-0.940154016,0.240163341,-0.237877116,-0.0429709181
3150,0,54b24045-e039-40ee-9ba6-824dbdc42f9e,StartingBlock,315.018066,5745.88965,1,43,43,53,7,0,0,-265.426331,-1852.20752,383.007782,-0.940149307,0.24014014,-0.237921476,-0.0429570526
3151,0,54b24045-e039-40ee-9ba6-824dbdc42f9e,StartingBlock,315.118164,5745.98975,1,43,43,53,7,0,0,-270.553711,-1852.51855,376.562195,-0.940150738,0.240175679,-0.237881124,-0.0429510996
3152,0,54b24045-e039-40ee-9ba6-824dbdc42f9e,StartingBlock,315.218262,5746.08984,1,43,43,53,7,0,0,-275.671417,-1852.78491,370.10318,-0.940152287,0.240182459,-0.237873107,-0.0429236703
3153,0,54b24045-e039-40ee-9ba6-824dbdc42f9e,StartingBlock,315.318359,5746.18994,1,43,43,53,7,0,0,-280.779358,-1853.00659,363.630981,-0.940156579,0.240132332,-0.2379058,-0.0429301225
3154,0,54b24045-e039-40ee-9ba6-824dbdc42f9e,StartingBlock,315.418457,5746.29004,1,43,43,53,7,0,0,-285.877197,-1853.18359,357.145782,-0.940164387,0.240111604,-0.237900883,-0.0429010019
3155,0,54b24045-e039-40ee-9ba6-824dbdc42f9e,StartingBlock,315.518066,5746.38965,1,43,43,53,7,0,0,-290.964752,-1853.3158,350.647888,-0.940161586,0.240120232,-0.237902462,-0.0429069549
3156,0,54b24045-e039-40ee-9ba6-824dbdc42f9e,StartingBlock,315.618164,5746.48975,1,43,43,53,7,0,0,-296.041901,-1853.40332,344.137451,-0.94016844,0.240120679,-0.237872899,-0.0429164693
3157,0,54b24045-e039-40ee-9ba6-824dbdc42f9e,StartingBlock,315.718262,5746.58984,1,43,43,53,7,0,0,-301.108429,-1853.4458,337.614777,-0.940160155,0.240150899,-0.237872452,-0.0429325104
3158,0,54b24045-e039-40ee-9ba6-824dbdc42f9e,StartingBlock,315.818359,5746.68994,1,43,43,53,7,0,0,-306.164124,-1853.44348,331.079956,-0.940160275,0.240150675,-0.237875208,-0.0429163687
3159,0,54b24045-e039-40ee-9ba6-824dbdc42f9e,StartingBlock,315.918457,5746.79004,1,43,43,53,7,0,0,-311.208801,-1853.39624,324.533295,-0.940150857,0.240181059,-0.237881362,-0.0429183617
3160,0,54b24045-e039-40ee-9ba6-824dbdc42f9e,StartingBlock,316.018066,5746.88965,1,43,43,53,7,0,0,-316.24231,-1853.30383,317.974915,-0.940166593,0.240133628,-0.237866923,-0.0429188088
3161,0,54b24045-e039-40ee-9ba6-824dbdc42f9e,StartingBlock,316.118164,5746.98975,1,43,43,53,7,0,0,-321.264374,-1853.16626,311.405182,-0.94016993,0.24011679,-0.237874821,-0.0428968668
3162,0,54b24045-e039-40ee-9ba6-824dbdc42f9e,StartingBlock,316.218262,5747.08984,1,43,43,53,7,0,0,-326.274841,-1852.98389,304.824249,-0.940169036,0.240136325,-0.237856701,-0.0429070294
3163,0,54b24045-e039-40ee-9ba6-824dbdc42f9e,StartingBlock,316.318359,5747.18994,1,43,43,53,7,0,0,-331.273529,-1852.7561,298.232361,-0.94016391,0.240139797,-0.237874493,-0.0429020002
3164,0,54b24045-e039-40ee-9ba6-824dbdc42f9e,StartingBlock,316.418457,5747.29004,1,43,43,53,7,0,0,-336.260223,-1852.48328,291.62973,-0.940155506,0.240165725,-0.237879798,-0.0429098196
3165,0,54b24045-e039-40ee-9ba6-824dbdc42f9e,StartingBlock,316.518066,5747.38965,1,43,43,53,7,0,0,-341.234802,-1852.16504,285.016602,-0.940170228,0.240115404,-0.237875104,-0.0428954698
3166,0,54b24045-e039-40ee-9ba6-824dbdc42f9e,StartingBlock,316.618164,5747.48975,1,43,43,53,7,0,0,-346.19696,-1851.80176,278.393188,-0.940159917,0.240145743,-0.237885356,-0.0428955927
3167,0,54b24045-e039-40ee-9ba6-824dbdc42f9e,StartingBlock,316.718262,5747.58984,1,43,43,53,7,0,0,-351.146545,-1851.39294,271.759735,-0.940160096,0.240147948,-0.237882733,-0.0428920798
3168,0,54b24045-e039-40ee-9ba6-824dbdc42f9e,StartingBlock,316.818359,5747.68994,1,43,43,53,7,0,0,-356.083374,-1850.93909,265.116425,-0.940161288,0.240150228,-0.237879142,-0.0428729728
3169,0,54b24045-e039-40ee-9ba6-824dbdc42f9e,StartingBlock,316.918457,5747.79004,1,43,43,53,7,0,0,-361.007294,-1850.43982,258.463562,-0.940161109,0.240159437,-0.237870455,-0.0428743586
3170,0,54b24045-e039-40ee-9ba6-824dbdc42f9e,StartingBlock,317.018066,5747.88965,1,43,43,53,7,0,0,-365.91803,-1849.89502,251.801285,-0.940164268,0.240142941,-0.237874582,-0.0428744853
3171,0,54b24045-e039-40ee-9ba6-824dbdc42f9e,StartingBlock,317.118164,5747.98975,1,43,43,53,7,0,0,-370.81546,-1849.30481,245.129913,-0.940157413,0.240171254,-0.237874627,-0.0428672358
3172,0,54b24045-e039-40ee-9ba6-824dbdc42f9e,StartingBlock,317.218262,5748.08984,1,43,43,53,7,0,0,-375.699371,-1848.66919,238.4496,-0.940165699,0.240141645,-0.237874746,-0.0428506285
3173,0,54b24045-e039-40ee-9ba6-824dbdc42f9e,StartingBlock,317.318359,5748.18994,1,43,43,53,7,0,0,-380.56958,-1847.98828,231.760681,-0.940160692,0.240157619,-0.237875581,-0.0428655706
3174,0,54b24045-e039-40ee-9ba6-824dbdc42f9e,StartingBlock,317.418457,5748.29004,1,43,43,53,7,0,0,-385.425873,-1847.26196,225.063339,-0.940161943,0.240166619,-0.237865016,-0.0428469777
3175,0,54b24045-e039-40ee-9ba6-824dbdc42f9e,StartingBlock,317.518066,5748.38965,1,43,43,53,7,0,0,-390.268097,-1846.48987,218.357758,-0.940169692,0.240141913,-0.237854779,-0.0428722501
3176,0,54b24045-e039-40ee-9ba6-824dbdc42f9e,StartingBlock,317.618164,5748.48975,1,43,43,53,7,0,0,-395.096008,-1845.67236,211.644257,-0.940171242,0.240147904,-0.237845838,-0.042853158
3177,0,54b24045-e039-40ee-9ba6-824dbdc42f9e,StartingBlock,317.718262,5748.58984,1,43,43,53,7,0,0,-399.909454,-1844.80933,204.923019,-0.940169573,0.240142345,-0.237857118,-0.0428588651
3178,0,54b24045-e039-40ee-9ba6-824dbdc42f9e,StartingBlock,317.818359,5748.68994,1,43,43,53,7,0,0,-404.708221,-1843.90076,198.194336,-0.940180242,0.240122035,-0.237839982,-0.0428324565
3179,0,54b24045-e039-40ee-9ba6-824dbdc42f9e,StartingBlock,317.918457,5748.79004,1,43,43,53,7,0,0,-409.492157,-1842.94666,191.458435,-0.940178812,0.24012658,-0.237843245,-0.0428204164
3180,0,54b24045-e039-40ee-9ba6-824dbdc42f9e,StartingBlock,318.018066,5748.88965,1,43,43,53,7,0,0,-414.261017,-1841.9469,184.715515,-0.940177679,0.240126565,-0.237846017,-0.0428305529
3181,0,54b24045-e039-40ee-9ba6-824dbdc42f9e,StartingBlock,318.118164,5748.98975,1,43,43,53,7,0,0,-419.014618,-1840.90173,177.965897,-0.940184593,0.240116343,-0.237829953,-0.0428257883
3182,0,54b24045-e039-40ee-9ba6-824dbdc42f9e,StartingBlock,318.218262,5749.08984,1,43,43,53,7,0,0,-423.752869,-1839.81091,171.209732,-0.940183461,0.240111202,-0.237836078,-0.0428458527
3183,0,54b24045-e039-40ee-9ba6-824dbdc42f9e,StartingBlock,318.318359,5749.18994,1,43,43,53,7,0,0,-428.475433,-1838.67456,164.447296,-0.940189779,0.240083545,-0.237844154,-0.042816028
3184,0,54b24045-e039-40ee-9ba6-824dbdc42f9e,StartingBlock,318.418457,5749.29004,1,43,43,53,7,0,0,-433.18222,-1837.49255,157.678818,-0.940193415,0.24006699,-0.237844333,-0.042830117
3185,0,54b24045-e039-40ee-9ba6-824dbdc42f9e,StartingBlock,318.518066,5749.38965,1,43,43,53,7,0,0,-437.873047,-1836.26526,150.904617,-0.940192044,0.240082696,-0.237832755,-0.0428335927
3186,0,54b24045-e039-40ee-9ba6-824dbdc42f9e,StartingBlock,318.618164,5749.48975,1,43,43,53,7,0,0,-442.547668,-1834.99219,144.124878,-0.940196395,0.240071803,-0.237827227,-0.0428326502
3187,0,54b24045-e039-40ee-9ba6-824dbdc42f9e,StartingBlock,318.718262,5749.58984,1,43,43,53,7,0,0,-447.205902,-1833.67371,137.339859,-0.940201938,0.240076602,-0.237800166,-0.0428337157
3188,0,54b24045-e039-40ee-9ba6-824dbdc42f9e,StartingBlock,318.818359,5749.68994,1,43,43,53,7,0,0,-451.847626,-1832.30957,130.549744,-0.940204799,0.240080655,-0.237784758,-0.0428330787
3189,0,54b24045-e039-40ee-9ba6-824dbdc42f9e,StartingBlock,318.918457,5749.79004,1,43,43,53,7,0,0,-456.472595,-1830.90002,123.754883,-0.940197945,0.240107328,-0.237780645,-0.0428571627
3190,0,54b24045-e039-40ee-9ba6-824dbdc42f9e,StartingBlock,319.018066,5749.88965,1,43,43,53,7,0,0,-461.080688,-1829.44482,116.955437,-0.940203428,0.24007912,-0.237795383,-0.0428117812
3191,0,54b24045-e039-40ee-9ba6-824dbdc42f9e,StartingBlock,319.118164,5749.98975,1,43,43,53,7,0,0,-465.671661,-1827.94421,110.151665,-0.94021076,0.240067318,-0.237777442,-0.0428179093
3192,0,54b24045-e039-40ee-9ba6-824dbdc42f9e,StartingBlock,319.218262,5750.08984,1,43,43,53,7,0,0,-470.245392,-1826.39807,103.343834,-0.94022274,0.240046144,-0.237750947,-0.0428195372
3193,0,54b24045-e039-40ee-9ba6-824dbdc42f9e,StartingBlock,319.318359,5750.18994,1,43,43,53,7,0,0,-474.801636,-1824.80652,96.5322189,-0.940232515,0.240030333,-0.237730086,-0.0428095311
3194,0,54b24045-e039-40ee-9ba6-824dbdc42f9e,StartingBlock,319.418457,5750.29004,1,43,43,53,7,0,0,-479.34021,-1823.16956,89.7170486,-0.940241575,0.240012676,-0.237713352,-0.0428022221
3195,0,54b24045-e039-40ee-9ba6-824dbdc42f9e,StartingBlock,319.518066,5750.38965,1,43,43,53,7,0,0,-483.860931,-1821.48718,82.8986206,-0.940235198,0.240032598,-0.237720117,-0.0427940488
3196,0,54b24045-e039-40ee-9ba6-824dbdc42f9e,StartingBlock,319.618164,5750.48975,1,43,43,53,7,0,0,-488.363647,-1819.7594,76.0771179,-0.940239549,0.240022317,-0.237712681,-0.0427969284
3197,0,54b24045-e039-40ee-9ba6-824dbdc42f9e,StartingBlock,319.718262,5750.58984,1,43,43,53,7,0,0,-492.848175,-1817.98621,69.2527924,-0.940241635,0.240019068,-0.237706572,-0.0428039171
3198,0,54b24045-e039-40ee-9ba6-824dbdc42f9e,StartingBlock,319.818359,5750.68994,1,43,43,53,7,0,0,-497.31427,-1816.16772,62.42593,-0.940251887,0.239985451,-0.237703323,-0.0427862629
3199,0,54b24045-e039-40ee-9ba6-824dbdc42f9e,StartingBlock,319.918457,5750.79004,1,43,43,53,7,0,0,-501.761871,-1814.30408,55.5968513,-0.940250397,0.240000263,-0.237696722,-0.0427723005
3200,0,54b24045-e039-40ee-9ba6-824dbdc42f9e,StartingBlock,320.018066,5750.88965,1,43,43,53,7,0,0,-506.190674,-1812.39514,48.7656822,-0.940257728,0.239997223,-0.237665296,-0.0428026989
3201,0,54b24045-e039-40ee-9ba6-824dbdc42f9e,StartingBlock,320.118164,5750.98975,1,43,43,53,7,0,0,-510.600586,-1810.44092,41.9327316,-0.940255523,0.239997625,-0.237676248,-0.0427875929
3202,0,54b24045-e039-40ee-9ba6-824dbdc42f9e,StartingBlock,320.218262,5751.08984,1,43,43,53,7,0,0,-514.991394,-1808.44153,35.0982399,-0.940255582,0.239990517,-0.237685964,-0.0427711494
3203,0,54b24045-e039-40ee-9ba6-824dbdc42f9e,StartingBlock,320.318359,5751.18994,1,43,43,53,7,0,0,-519.362915,-1806.39709,28.2624474,-0.94026047,0.239982486,-0.237676054,-0.0427650847
3204,0,54b24045-e039-40ee-9ba6-824dbdc42f9e,StartingBlock,320.418457,5751.29004,1,43,43,53,7,0,0,-523.714966,-1804.3075,21.4256134,-0.940263212,0.23995778,-0.237686396,-0.0427849852
3205,0,54b24045-e039-40ee-9ba6-824dbdc42f9e,StartingBlock,320.518066,5751.38965,1,43,43,53,7,0,0,-528.047424,-1802.17285,14.5880413,-0.940269291,0.239935547,-0.237687677,-0.0427704267
3206,0,54b24045-e039-40ee-9ba6-824dbdc42f9e,StartingBlock,320.618164,5751.48975,1,43,43,53,7,0,0,-532.359985,-1799.99329,7.7499733,-0.940272152,0.239927337,-0.237689555,-0.0427422486
3207,0,54b24045-e039-40ee-9ba6-824dbdc42f9e,StartingBlock,320.718262,5751.58984,1,43,43,53,7,0,0,-536.652649,-1797.76855,0.91162771,-0.940277338,0.239913762,-0.237679809,-0.0427587442
3208,0,54b24045-e039-40ee-9ba6-824dbdc42f9e,StartingBlock,320.818359,5751.68994,1,43,43,53,7,0,0,-540.925049,-1795.49915,-5.92667103,-0.940276384,0.239928871,-0.237669662,-0.0427508727
3209,0,54b24045-e039-40ee-9ba6-824dbdc42f9e,StartingBlock,320.918457,5751.79004,1,43,43,53,7,0,0,-545.177185,-1793.18481,-12.7647228,-0.940273225,0.239927933,-0.237682894,-0.0427512228
3210,0,54b24045-e039-40ee-9ba6-824dbdc42f9e,StartingBlock,321.018066,5751.88965,1,43,43,53,7,0,0,-549.408813,-1790.82593,-19.60219,-0.940262139,0.239982054,-0.237671241,-0.0427584015
3211,0,54b24045-e039-40ee-9ba6-824dbdc42f9e,StartingBlock,321.118164,5751.98975,1,43,43,53,7,0,0,-553.619751,-1788.42212,-26.4389744,-0.940278471,0.239930451,-0.23766762,-0.0427076444
3212,0,54b24045-e039-40ee-9ba6-824dbdc42f9e,StartingBlock,321.218262,5752.08984,1,43,43,53,7,0,0,-557.809875,-1785.97363,-33.2747116,-0.940278411,0.239944249,-0.237650141,-0.0427290872
3213,0,54b24045-e039-40ee-9ba6-824dbdc42f9e,StartingBlock,321.318359,5752.18994,1,43,43,53,7,0,0,-561.978943,-1783.48059,-40.1091461,-0.940289021,0.239924163,-0.237636328,-0.0426847674
3214,0,54b24045-e039-40ee-9ba6-824dbdc42f9e,StartingBlock,321.418457,5752.29004,1,43,43,53,7,0,0,-566.12677,-1780.94299,-46.9420776,-0.940292835,0.239907652,-0.237632513,-0.0427143164
3215,0,54b24045-e039-40ee-9ba6-824dbdc42f9e,StartingBlock,321.518066,5752.38965,1,43,43,53,7,0,0,-570.253296,-1778.36096,-53.7731743,-0.940292716,0.239892304,-0.23764354,-0.0427405015
3216,0,54b24045-e039-40ee-9ba6-824dbdc42f9e,StartingBlock,321.618164,5752.48975,1,43,43,53,7,0,0,-574.358276,-1775.73462,-60.6022224,-0.940304041,0.239870846,-0.237625808,-0.0427110456
3217,0,54b24045-e039-40ee-9ba6-824dbdc42f9e,StartingBlock,321.718262,5752.58984,1,43,43,53,7,0,0,-578.441528,-1773.06372,-67.4289322,-0.940305233,0.23985453,-0.237638101,-0.0427089073
3218,0,54b24045-e039-40ee-9ba6-824dbdc42f9e,StartingBlock,321.818359,5752.68994,1,43,43,53,7,0,0,-582.502869,-1770.34875,-74.2530746,-0.940319359,0.239822924,-0.23761791,-0.0426890105
3219,0,54b24045-e039-40ee-9ba6-824dbdc42f9e,StartingBlock,321.918457,5752.79004,1,43,43,53,7,0,0,-586.542236,-1767.58972,-81.0743179,-0.940319598,0.239851579,-0.237585634,-0.042701263
3220,0,54b24045-e039-40ee-9ba6-824dbdc42f9e,StartingBlock,322.018066,5752.88965,1,43,43,53,7,0,0,-590.559448,-1764.7865,-87.8925171,-0.940327823,0.23981376,-0.237592429,-0.0426940955
3221,0,54b24045-e039-40ee-9ba6-824dbdc42f9e,StartingBlock,322.118164,5752.98975,1,43,43,53,7,0,0,-594.55426,-1761.93921,-94.7073364,-0.940330088,0.239804149,-0.237597689,-0.0426711105
3222,0,54b24045-e039-40ee-9ba6-824dbdc42f9e,StartingBlock,322.218262,5753.08984,1,43,43,53,7,0,0,-598.52655,-1759.0481,-101.518555,-0.94033879,0.239795372,-0.237572089,-0.042669788
3223,0,54b24045-e039-40ee-9ba6-824dbdc42f9e,StartingBlock,322.318359,5753.18994,1,43,43,53,7,0,0,-602.476196,-1756.11316,-108.325859,-0.940333664,0.239797592,-0.237588495,-0.0426789224
3224,0,54b24045-e039-40ee-9ba6-824dbdc42f9e,StartingBlock,322.418457,5753.29004,1,43,43,53,7,0,0,-606.402954,-1753.13452,-115.129051,-0.940340757,0.239794225,-0.237568736,-0.0426511168
3225,0,54b24045-e039-40ee-9ba6-824dbdc42f9e,StartingBlock,322.518066,5753.38965,1,43,43,53,7,0,0,-610.306763,-1750.11206,-121.927818,-0.940345824,0.239788547,-0.237555698,-0.0426439978
3226,0,54b24045-e039-40ee-9ba6-824dbdc42f9e,StartingBlock,322.618164,5753.48975,1,43,43,53,7,0,0,-614.187317,-1747.04614,-128.722,-0.940358281,0.239729986,-0.237563267,-0.0426578075
3227,0,54b24045-e039-40ee-9ba6-824dbdc42f9e,StartingBlock,322.718262,5753.58984,1,43,43,53,7,0,0,-618.044556,-1743.93677,-135.511215,-0.940361142,0.239713848,-0.237569913,-0.0426484384
3228,0,54b24045-e039-40ee-9ba6-824dbdc42f9e,StartingBlock,322.818359,5753.68994,1,43,43,53,7,0,0,-621.878296,-1740.78394,-142.295212,-0.940365791,0.239704043,-0.237563089,-0.0426377654
3229,0,54b24045-e039-40ee-9ba6-824dbdc42f9e,StartingBlock,322.918457,5753.79004,1,43,43,53,7,0,0,-625.688416,-1737.58789,-149.073792,-0.940374553,0.239683211,-0.237555414,-0.0426055342
3230,0,54b24045-e039-40ee-9ba6-824dbdc42f9e,StartingBlock,323.018066,5753.88965,1,43,43,53,7,0,0,-629.474731,-1734.34875,-155.84668,-0.940363884,0.239710212,-0.237566248,-0.0426267125
3231,0,54b24045-e039-40ee-9ba6-824dbdc42f9e,StartingBlock,323.118164,5753.98975,1,43,43,53,7,0,0,-633.237122,-1731.06641,-162.613663,-0.940379143,0.239654407,-0.237562045,-0.0426277295
3232,0,54b24045-e039-40ee-9ba6-824dbdc42f9e,StartingBlock,323.218262,5754.08984,1,43,43,53,7,0,0,-636.975342,-1727.74146,-169.374313,-0.940386474,0.239671007,-0.23752144,-0.0425989553
3233,0,54b24045-e039-40ee-9ba6-824dbdc42f9e,StartingBlock,323.318359,5754.18994,1,43,43,53,7,0,0,-640.689392,-1724.37329,-176.128525,-0.940384805,0.239682183,-0.237515405,-0.0426064059
3234,0,54b24045-e039-40ee-9ba6-824dbdc42f9e,StartingBlock,323.418457,5754.29004,1,43,43,53,7,0,0,-644.378967,-1720.96252,-182.876022,-0.940392315,0.239666417,-0.237503722,-0.042595081
3235,0,54b24045-e039-40ee-9ba6-824dbdc42f9e,StartingBlock,323.518066,5754.38965,1,43,43,53,7,0,0,-648.044067,-1717.50903,-189.616516,-0.940398812,0.239626944,-0.237518996,-0.0425880328
3236,0,54b24045-e039-40ee-9ba6-824dbdc42f9e,StartingBlock,323.618164,5754.48975,1,43,43,53,7,0,0,-651.684387,-1714.01306,-196.349762,-0.940407276,0.239618063,-0.237492681,-0.0425972454
3237,0,54b24045-e039-40ee-9ba6-824dbdc42f9e,StartingBlock,323.718262,5754.58984,1,43,43,53,7,0,0,-655.299866,-1710.47473,-203.075409,-0.940415502,0.239607275,-0.237478316,-0.0425581001
3238,0,54b24045-e039-40ee-9ba6-824dbdc42f9e,StartingBlock,323.818359,5754.68994,1,43,43,53,7,0,0,-658.89032,-1706.89417,-209.793335,-0.940419436,0.239595026,-0.23747021,-0.0425850935
3239,0,54b24045-e039-40ee-9ba6-824dbdc42f9e,StartingBlock,323.918457,5754.79004,1,43,43,53,7,0,0,-662.455627,-1703.27136,-216.503204,-0.940421581,0.239582598,-0.23747845,-0.0425603539
3240,0,54b24045-e039-40ee-9ba6-824dbdc42f9e,StartingBlock,324.018066,5754.88965,1,43,43,53,7,0,0,-665.995667,-1699.60645,-223.204773,-0.940428019,0.239581645,-0.237453356,-0.0425648913
3241,0,54b24045-e039-40ee-9ba6-824dbdc42f9e,StartingBlock,324.118164,5754.98975,1,43,43,53,7,0,0,-669.510254,-1695.89966,-229.897842,-0.940434515,0.239557922,-0.237447932,-0.0425848439
3242,0,54b24045-e039-40ee-9ba6-824dbdc42f9e,StartingBlock,324.218262,5755.08984,1,43,43,53,7,0,0,-672.999207,-1692.15137,-236.582016,-0.940444648,0.239539877,-0.237435535,-0.0425322242
3243,0,54b24045-e039-40ee-9ba6-824dbdc42f9e,StartingBlock,324.318359,5755.18994,1,43,43,53,7,0,0,-676.462463,-1688.36121,-243.257126,-0.940450728,0.239532188,-0.237418413,-0.0425361805
3244,0,54b24045-e039-40ee-9ba6-824dbdc42f9e,StartingBlock,324.418457,5755.29004,1,43,43,53,7,0,0,-679.899902,-1684.52942,-249.922928,-0.940460563,0.23950927,-0.237403676,-0.0425308049
3245,0,54b24045-e039-40ee-9ba6-824dbdc42f9e,StartingBlock,324.518066,5755.38965,1,43,43,53,7,0,0,-683.311279,-1680.65625,-256.579163,-0.94046253,0.239506826,-0.237398878,-0.0425274447
3246,0,54b24045-e039-40ee-9ba6-824dbdc42f9e,StartingBlock,324.618164,5755.48975,1,43,43,53,7,0,0,-686.696533,-1676.74194,-263.225464,-0.940473914,0.239459664,-0.237409845,-0.0424792804
3247,0,54b24045-e039-40ee-9ba6-824dbdc42f9e,StartingBlock,324.718262,5755.58984,1,43,43,53,7,0,0,-690.055542,-1672.7865,-269.861786,-0.940468192,0.239471599,-0.237415999,-0.0425037704
3248,0,54b24045-e039-40ee-9ba6-824dbdc42f9e,StartingBlock,324.818359,5755.68994,1,43,43,53,7,0,0,-693.388123,-1668.79004,-276.487701,-0.940467358,0.239450127,-0.237442195,-0.0424971953
3249,0,54b24045-e039-40ee-9ba6-824dbdc42f9e,StartingBlock,324.918457,5755.79004,1,43,43,53,7,0,0,-696.694031,-1664.75305,-283.102936,-0.940469205,0.239482701,-0.237405837,-0.0424770042
3250,0,54b24045-e039-40ee-9ba6-824dbdc42f9e,StartingBlock,325.018066,5755.88965,1,43,43,53,7,0,0,-699.973328,-1660.67505,-289.707397,-0.94047004,0.239449292,-0.237440526,-0.0424519181
3251,0,54b24045-e039-40ee-9ba6-824dbdc42f9e,StartingBlock,325.118164,5755.98975,1,43,43,53,7,0,0,-703.22583,-1656.55664,-296.300659,-0.94047749,0.239423156,-0.237435311,-0.0424649008
3252,0,54b24045-e039-40ee-9ba6-824dbdc42f9e,StartingBlock,325.218262,5756.08984,1,43,43,53,7,0,0,-706.451416,-1652.39771,-302.882629,-0.940477908,0.239432707,-0.237419963,-0.0424861759
3253,0,54b24045-e039-40ee-9ba6-824dbdc42f9e,StartingBlock,325.318359,5756.18994,1,43,43,53,7,0,0,-709.64978,-1648.19861,-309.452881,-0.940485835,0.239404738,-0.237422094,-0.0424569026
3254,0,54b24045-e039-40ee-9ba6-824dbdc42f9e,StartingBlock,325.418457,5756.29004,1,43,43,53,7,0,0,-712.821045,-1643.95947,-316.01123,-0.940491259,0.23939918,-0.237407759,-0.0424489975
3255,0,54b24045-e039-40ee-9ba6-824dbdc42f9e,StartingBlock,325.518066,5756.38965,1,43,43,53,7,0,0,-715.964966,-1639.6803,-322.557526,-0.940491319,0.239398196,-0.237410024,-0.0424402282
3256,0,54b24045-e039-40ee-9ba6-824dbdc42f9e,StartingBlock,325.618164,5756.48975,1,43,43,53,7,0,0,-719.081421,-1635.36145,-329.09137,-0.940501273,0.23936215,-0.237400115,-0.042476885
3257,0,54b24045-e039-40ee-9ba6-824dbdc42f9e,StartingBlock,325.718262,5756.58984,1,43,43,53,7,0,0,-722.170288,-1631.00317,-335.612488,-0.940496147,0.239391223,-0.237393364,-0.0424662642
3258,0,54b24045-e039-40ee-9ba6-824dbdc42f9e,StartingBlock,325.818359,5756.68994,1,43,43,53,7,0,0,-725.231506,-1626.60522,-342.120789,-0.940518975,0.23934792,-0.237357587,-0.0424040481
3259,0,54b24045-e039-40ee-9ba6-824dbdc42f9e,StartingBlock,325.918457,5756.79004,1,43,43,53,7,0,0,-728.264954,-1622.16785,-348.615967,-0.940512002,0.239363402,-0.237362728,-0.0424428694
3260,0,54b24045-e039-40ee-9ba6-824dbdc42f9e,StartingBlock,326.018066,5756.88965,1,43,43,53,7,0,0,-731.270264,-1617.69153,-355.097687,-0.94052738,0.239313111,-0.237351358,-0.0424487293
3261,0,54b24045-e039-40ee-9ba6-824dbdc42f9e,StartingBlock,326.118164,5756.98975,1,43,43,53,7,0,0,-734.24762,-1613.17615,-361.565826,-0.940519273,0.239327401,-0.237369105,-0.0424493663
3262,0,54b24045-e039-40ee-9ba6-824dbdc42f9e,StartingBlock,326.218262,5757.08984,1,43,43,53,7,0,0,-737.196777,-1608.62207,-368.019958,-0.940511942,0.23933816,-0.237388358,-0.0424424186
3263,0,54b24045-e039-40ee-9ba6-824dbdc42f9e,StartingBlock,326.318359,5757.18994,1,43,43,53,7,0,0,-740.117615,-1604.02942,-374.459961,-0.940522909,0.239322811,-0.23736088,-0.0424391218
3264,0,54b24045-e039-40ee-9ba6-824dbdc42f9e,StartingBlock,326.418457,5757.29004,1,43,43,53,7,0,0,-743.010071,-1599.39819,-380.885559,-0.940532625,0.239278153,-0.237368509,-0.042433653
3265,0,54b24045-e039-40ee-9ba6-824dbdc42f9e,StartingBlock,326.518066,5757.38965,1,43,43,53,7,0,0,-745.873962,-1594.72876,-387.296539,-0.940544903,0.239224583,-0.237378895,-0.042406287
3266,0,54b24045-e039-40ee-9ba6-824dbdc42f9e,StartingBlock,326.618164,5757.48975,1,43,43,53,7,0,0,-748.70929,-1590.02124,-393.692596,-0.940549493,0.239226729,-0.237366006,-0.042364087
3267,0,54b24045-e039-40ee-9ba6-824dbdc42f9e,StartingBlock,326.718262,5757.58984,1,43,43,53,7,0,0,-751.515808,-1585.27576,-400.073517,-0.940553546,0.239211783,-0.237363026,-0.042374108
3268,0,54b24045-e039-40ee-9ba6-824dbdc42f9e,StartingBlock,326.818359,5757.68994,1,43,43,53,7,0,0,-754.293518,-1580.49231,-406.439056,-0.940559328,0.239197344,-0.237351075,-0.0423929617
3269,0,54b24045-e039-40ee-9ba6-824dbdc42f9e,StartingBlock,326.918457,5757.79004,1,43,43,53,7,0,0,-757.042114,-1575.67175,-412.788879,-0.940549076,0.239236534,-0.237351671,-0.042397324
3270,0,54b24045-e039-40ee-9ba6-824dbdc42f9e,StartingBlock,327.018066,5757.88965,1,43,43,53,7,0,0,-759.761719,-1570.8136,-419.122864,-0.940553069,0.239219666,-0.237348229,-0.0424223319
3271,0,54b24045-e039-40ee-9ba6-824dbdc42f9e,StartingBlock,327.118164,5757.98975,1,43,43,53,7,0,0,-762.452209,-1565.91809,-425.440735,-0.940559268,0.239192098,-0.237356588,-0.0423938856
3272,0,54b24045-e039-40ee-9ba6-824dbdc42f9e,StartingBlock,327.218262,5758.08984,1,43,43,53,7,0,0,-765.113403,-1560.98572,-431.742279,-0.940557301,0.239174172,-0.237378433,-0.042416852
3273,0,54b24045-e039-40ee-9ba6-824dbdc42f9e,StartingBlock,327.318359,5758.18994,1,43,43,53,7,0,0,-767.745178,-1556.01648,-438.027161,-0.940575957,0.239130795,-0.237354159,-0.0423845872
3274,0,54b24045-e039-40ee-9ba6-824dbdc42f9e,StartingBlock,327.418457,5758.29004,1,43,43,53,7,0,0,-770.347412,-1551.01062,-444.295197,-0.940576732,0.239146665,-0.237343267,-0.0423388556
3275,0,54b24045-e039-40ee-9ba6-824dbdc42f9e,StartingBlock,327.518066,5758.38965,1,43,43,53,7,0,0,-772.920105,-1545.96851,-450.546143,-0.940583646,0.239126027,-0.237333909,-0.0423538201
3276,0,54b24045-e039-40ee-9ba6-824dbdc42f9e,StartingBlock,327.618164,5758.48975,1,43,43,53,7,0,0,-775.463135,-1540.88989,-456.779785,-0.940585077,0.239104435,-0.237348735,-0.0423614457
3277,0,54b24045-e039-40ee-9ba6-824dbdc42f9e,StartingBlock,327.718262,5758.58984,1,43,43,53,7,0,0,-777.976379,-1535.77539,-462.995819,-0.940590501,0.239124998,-0.237308949,-0.0423464477
3278,0,54b24045-e039-40ee-9ba6-824dbdc42f9e,StartingBlock,327.818359,5758.68994,1,43,43,53,7,0,0,-780.459778,-1530.625,-469.194061,-0.940605998,0.239071965,-0.237298429,-0.0423617065
3279,0,54b24045-e039-40ee-9ba6-824dbdc42f9e,StartingBlock,327.918457,5758.79004,1,43,43,53,7,0,0,-782.913147,-1525.43896,-475.374237,-0.940603852,0.239095718,-0.237289116,-0.0423268527
3280,0,54b24045-e039-40ee-9ba6-824dbdc42f9e,StartingBlock,328.018066,5758.88965,1,43,43,53,7,0,0,-785.336487,-1520.21741,-481.536163,-0.940606236,0.23907502,-0.237301618,-0.0423209332
3281,0,54b24045-e039-40ee-9ba6-824dbdc42f9e,StartingBlock,328.118164,5758.98975,1,43,43,53,7,0,0,-787.729736,-1514.96094,-487.679565,-0.940608203,0.239059508,-0.237313107,-0.0423001312
3282,0,54b24045-e039-40ee-9ba6-824dbdc42f9e,StartingBlock,328.218262,5759.08984,1,43,43,53,7,0,0,-790.09259,-1509.66919,-493.804199,-0.940610528,0.239066795,-0.237298861,-0.0422883555
3283,0,54b24045-e039-40ee-9ba6-824dbdc42f9e,StartingBlock,328.318359,5759.18994,1,43,43,53,7,0,0,-792.425232,-1504.34265,-499.909912,-0.940614879,0.239048362,-0.237293631,-0.0423244536
3284,0,54b24045-e039-40ee-9ba6-824dbdc42f9e,StartingBlock,328.418457,5759.29004,1,43,43,53,7,0,0,-794.727417,-1498.98145,-505.996429,-0.940628707,0.239025518,-0.237269253,-0.0422822982
3285,0,54b24045-e039-40ee-9ba6-824dbdc42f9e,StartingBlock,328.518066,5759.38965,1,43,43,53,7,0,0,-796.999084,-1493.58582,-512.063416,-0.940633535,0.238985062,-0.237288028,-0.0422976017
3286,0,54b24045-e039-40ee-9ba6-824dbdc42f9e,StartingBlock,328.618164,5759.48975,1,43,43,53,7,0,0,-799.240234,-1488.15601,-518.11084,-0.940633297,0.239009812,-0.237264335,-0.0422956944
3287,0,54b24045-e039-40ee-9ba6-824dbdc42f9e,StartingBlock,328.718262,5759.58984,1,43,43,53,7,0,0,-801.450623,-1482.69226,-524.138245,-0.940646172,0.238975227,-0.237250254,-0.0422848649
3288,0,54b24045-e039-40ee-9ba6-824dbdc42f9e,StartingBlock,328.818359,5759.68994,1,43,43,53,7,0,0,-803.63031,-1477.1947,-530.14563,-0.940643251,0.238999963,-0.237240329,-0.0422661081
3289,0,54b24045-e039-40ee-9ba6-824dbdc42f9e,StartingBlock,328.918457,5759.79004,1,43,43,53,7,0,0,-805.779114,-1471.6637,-536.132507,-0.940664351,0.238944888,-0.237206489,-0.0422974974
3290,0,54b24045-e039-40ee-9ba6-824dbdc42f9e,StartingBlock,329.018066,5759.88965,1,43,43,53,7,0,0,-807.897095,-1466.09937,-542.098938,-0.940651238,0.238973469,-0.237224206,-0.0423286222
3291,0,54b24045-e039-40ee-9ba6-824dbdc42f9e,StartingBlock,329.118164,5759.98975,1,43,43,53,7,0,0,-809.984131,-1460.50183,-548.044495,-0.940655231,0.238993078,-0.237200946,-0.0422598608
3292,0,54b24045-e039-40ee-9ba6-824dbdc42f9e,StartingBlock,329.218262,5760.08984,1,43,43,53,7,0,0,-812.0401,-1454.87134,-553.968994,-0.940659821,0.238972783,-0.23719959,-0.0422799066
3293,0,54b24045-e039-40ee-9ba6-824dbdc42f9e,StartingBlock,329.318359,5760.18994,1,43,43,53,7,0,0,-814.064941,-1449.20825,-559.872253,-0.940664291,0.238969877,-0.237191305,-0.042241808
3294,0,54b24045-e039-40ee-9ba6-824dbdc42f9e,StartingBlock,329.418457,5760.29004,1,43,43,53,7,0,0,-816.058594,-1443.51257,-565.754028,-0.940659225,0.238955557,-0.237218857,-0.0422806479
3295,0,54b24045-e039-40ee-9ba6-824dbdc42f9e,StartingBlock,329.518066,5760.38965,1,43,43,53,7,0,0,-818.020996,-1437.78479,-571.614136,-0.940678239,0.23891297,-0.237192571,-0.0422475114
3296,0,54b24045-e039-40ee-9ba6-824dbdc42f9e,StartingBlock,329.618164,5760.48975,1,43,43,53,7,0,0,-819.952087,-1432.02502,-577.452332,-0.940669835,0.238946557,-0.237190127,-0.0422570184
3297,0,54b24045-e039-40ee-9ba6-824dbdc42f9e,StartingBlock,329.718262,5760.58984,1,43,43,53,7,0,0,-821.851746,-1426.23364,-583.268372,-0.940689087,0.238893285,-0.237163872,-0.0422774777
3298,0,54b24045-e039-40ee-9ba6-824dbdc42f9e,StartingBlock,329.818359,5760.68994,1,43,43,53,7,0,0,-823.719971,-1420.41052,-589.062073,-0.940696001,0.238879994,-0.237156227,-0.0422420576
3299,0,54b24045-e039-40ee-9ba6-824dbdc42f9e,StartingBlock,329.918457,5760.79004,1,43,43,53,7,0,0,-825.556702,-1414.55603,-594.833252,-0.940703332,0.238859668,-0.237153381,-0.0422101617
3300,0,54b24045-e039-40ee-9ba6-824dbdc42f9e,StartingBlock,330.018066,5760.88965,1,43,43,53,7,0,0,-827.361755,-1408.67065,-600.581604,-0.940715015,0.23885493,-0.237109274,-0.0422242396
3301,0,54b24045-e039-40ee-9ba6-824dbdc42f9e,StartingBlock,330.118164,5760.98975,1,43,43,53,7,0,0,-829.135254,-1402.75439,-606.306946,-0.940723002,0.238854975,-0.237073958,-0.042242907
3302,0,54b24045-e039-40ee-9ba6-824dbdc42f9e,StartingBlock,330.218262,5761.08984,1,43,43,53,7,0,0,-830.876953,-1396.8075,-612.009094,-0.940734863,0.23883456,-0.237052351,-0.0422165953
3303,0,54b24045-e039-40ee-9ba6-824dbdc42f9e,StartingBlock,330.318359,5761.18994,1,43,43,53,7,0,0,-832.586975,-1390.8302,-617.687805,-0.940727711,0.238859504,-0.237044111,-0.0422796756
3304,0,54b24045-e039-40ee-9ba6-824dbdc42f9e,StartingBlock,330.418457,5761.29004,1,43,43,53,7,0,0,-834.265198,-1384.82275,-623.342957,-0.940745175,0.238807529,-0.237033054,-0.042246595
3305,0,54b24045-e039-40ee-9ba6-824dbdc42f9e,StartingBlock,330.518066,5761.38965,1,43,43,53,7,0,0,-835.911438,-1378.78552,-628.974243,-0.94074893,0.238800302,-0.23702924,-0.0422250032
3306,0,54b24045-e039-40ee-9ba6-824dbdc42f9e,StartingBlock,330.618164,5761.48975,1,43,43,53,7,0,0,-837.525879,-1372.71875,-634.581482,-0.940739632,0.23881799,-0.237049788,-0.0422189608
3307,0,54b24045-e039-40ee-9ba6-824dbdc42f9e,StartingBlock,330.718262,5761.58984,1,43,43,53,7,0,0,-839.108337,-1366.62244,-640.16449,-0.940738201,0.238825187,-0.237051368,-0.0422000028
3308,0,54b24045-e039-40ee-9ba6-824dbdc42f9e,StartingBlock,330.818359,5761.68994,1,43,43,53,7,0,0,-840.658752,-1360.49695,-645.723083,-0.940743446,0.238803148,-0.23706229,-0.0421469398
3309,0,54b24045-e039-40ee-9ba6-824dbdc42f9e,StartingBlock,330.918457,5761.79004,1,43,43,53,7,0,0,-842.177124,-1354.34253,-651.257019,-0.940752685,0.238778576,-0.237039343,-0.0422089286
3310,0,54b24045-e039-40ee-9ba6-824dbdc42f9e,StartingBlock,331.018066,5761.88965,1,43,43,53,7,0,0,-843.66333,-1348.15942,-656.765991,-0.940760016,0.238796324,-0.236984819,-0.0422498211
3311,0,54b24045-e039-40ee-9ba6-824dbdc42f9e,StartingBlock,331.118164,5761.98975,1,43,43,53,7,0,0,-845.117432,-1341.94788,-662.25,-0.940763533,0.238796249,-0.236973837,-0.0422347859
3312,0,54b24045-e039-40ee-9ba6-824dbdc42f9e,StartingBlock,331.218262,5762.08984,1,43,43,53,7,0,0,-846.539368,-1335.70837,-667.70874,-0.940776587,0.238731533,-0.236994639,-0.0421937704
3313,0,54b24045-e039-40ee-9ba6-824dbdc42f9e,StartingBlock,331.318359,5762.18994,1,43,43,53,7,0,0,-847.929077,-1329.44067,-673.14209,-0.940770924,0.238738522,-0.237009048,-0.0421982184
3314,0,54b24045-e039-40ee-9ba6-824dbdc42f9e,StartingBlock,331.418457,5762.29004,1,43,43,53,7,0,0,-849.286499,-1323.14539,-678.549805,-0.940780818,0.238715097,-0.236995116,-0.0421905927
3315,0,54b24045-e039-40ee-9ba6-824dbdc42f9e,StartingBlock,331.518066,5762.38965,1,43,43,53,7,0,0,-850.611572,-1316.82275,-683.93158,-0.940783501,0.238724366,-0.236971065,-0.0422124118
3316,0,54b24045-e039-40ee-9ba6-824dbdc42f9e,StartingBlock,331.618164,5762.48975,1,43,43,53,7,0,0,-851.904358,-1310.4729,-689.287354,-0.940788984,0.238712296,-0.236969948,-0.0421641991
3317,0,54b24045-e039-40ee-9ba6-824dbdc42f9e,StartingBlock,331.718262,5762.58984,1,43,43,53,7,0,0,-853.164673,-1304.09607,-694.616943,-0.940777898,0.238725543,-0.237002164,-0.0421556756
3318,0,54b24045-e039-40ee-9ba6-824dbdc42f9e,StartingBlock,331.818359,5762.68994,1,43,43,53,7,0,0,-854.3927,-1297.69263,-699.920105,-0.940782964,0.23870717,-0.236999944,-0.042158477
3319,0,54b24045-e039-40ee-9ba6-824dbdc42f9e,StartingBlock,331.918457,5762.79004,1,43,43,53,7,0,0,-855.588257,-1291.26282,-705.196655,-0.940792024,0.238683045,-0.2369892,-0.0421530455
3320,0,54b24045-e039-40ee-9ba6-824dbdc42f9e,StartingBlock,332.018066,5762.88965,1,43,43,53,7,0,0,-856.751282,-1284.80688,-710.446411,-0.940788805,0.238695681,-0.236983165,-0.0421891101
3321,0,54b24045-e039-40ee-9ba6-824dbdc42f9e,StartingBlock,332.118164,5762.98975,1,43,43,53,7,0,0,-857.881836,-1278.32495,-715.669189,-0.940793693,0.238707498,-0.236954302,-0.0421743952
3322,0,54b24045-e039-40ee-9ba6-824dbdc42f9e,StartingBlock,332.218262,5763.08984,1,43,43,53,7,0,0,-858.979858,-1271.81738,-720.864807,-0.940801501,0.238680378,-0.236942679,-0.042218674
3323,0,54b24045-e039-40ee-9ba6-824dbdc42f9e,StartingBlock,332.318359,5763.18994,1,43,43,53,7,0,0,-860.045349,-1265.28442,-726.033142,-0.940818191,0.238644451,-0.236916721,-0.042196013
3324,0,54b24045-e039-40ee-9ba6-824dbdc42f9e,StartingBlock,332.418457,5763.29004,1,43,43,53,7,0,0,-861.078247,-1258.72644,-731.173889,-0.940823197,0.238657221,-0.236886397,-0.0421828143
3325,0,54b24045-e039-40ee-9ba6-824dbdc42f9e,StartingBlock,332.518066,5763.38965,1,43,43,53,7,0,0,-862.078552,-1252.14368,-736.286926,-0.940807998,0.238719329,-0.236882165,-0.0421937741
3326,0,54b24045-e039-40ee-9ba6-824dbdc42f9e,StartingBlock,332.618164,5763.48975,1,43,43,53,7,0,0,-863.046204,-1245.53625,-741.372131,-0.94081068,0.238713801,-0.236874953,-0.0422055013
3327,0,54b24045-e039-40ee-9ba6-824dbdc42f9e,StartingBlock,332.718262,5763.58984,1,43,43,53,7,0,0,-863.981323,-1238.90442,-746.429321,-0.940841973,0.238641962,-0.236834675,-0.0421391763
3328,0,54b24045-e039-40ee-9ba6-824dbdc42f9e,StartingBlock,332.818359,5763.68994,1,43,43,53,7,0,0,-864.883728,-1232.24854,-751.45813,-0.940833986,0.238684058,-0.236816153,-0.0421850085
3329,0,54b24045-e039-40ee-9ba6-824dbdc42f9e,StartingBlock,332.918457,5763.79004,1,43,43,53,7,0,0,-865.75354,-1225.56897,-756.458679,-0.940839946,0.238644898,-0.236832157,-0.0421815142
3330,0,54b24045-e039-40ee-9ba6-824dbdc42f9e,StartingBlock,333.018066,5763.88965,1,43,43,53,7,0,0,-866.590576,-1218.86597,-761.430542,-0.940830171,0.238709003,-0.236801237,-0.0422117524
3331,0,54b24045-e039-40ee-9ba6-824dbdc42f9e,StartingBlock,333.118164,5763.98975,1,43,43,53,7,0,0,-867.394958,-1212.13953,-766.373779,-0.940829277,0.238713115,-0.23679322,-0.0422543213
3332,0,54b24045-e039-40ee-9ba6-824dbdc42f9e,StartingBlock,333.218262,5764.08984,1,43,43,53,7,0,0,-868.166687,-1205.39014,-771.288086,-0.940853953,0.238647953,-0.236763701,-0.0422374904
3333,0,54b24045-e039-40ee-9ba6-824dbdc42f9e,StartingBlock,333.318359,5764.18994,1,43,43,53,7,0,0,-868.905701,-1198.61804,-776.17334,-0.940885484,0.238611579,-0.236690432,-0.0421508104
3334,0,54b24045-e039-40ee-9ba6-824dbdc42f9e,StartingBlock,333.418457,5764.29004,1,43,43,53,7,0,0,-869.612,-1191.82336,-781.029358,-0.940888107,0.238596439,-0.236686841,-0.0421991497
3335,0,54b24045-e039-40ee-9ba6-824dbdc42f9e,StartingBlock,333.518066,5764.38965,1,43,43,53,7,0,0,-870.285522,-1185.00671,-785.855835,-0.940890908,0.238606453,-0.236670911,-0.0421683192
3336,0,54b24045-e039-40ee-9ba6-824dbdc42f9e,StartingBlock,333.618164,5764.48975,1,43,43,53,7,0,0,-870.926392,-1178.16809,-790.652893,-0.940888107,0.238609195,-0.236670807,-0.0422146954
3337,0,54b24045-e039-40ee-9ba6-824dbdc42f9e,StartingBlock,333.718262,5764.58984,1,43,43,53,7,0,0,-871.534485,-1171.30774,-795.420166,-0.940903485,0.238595098,-0.236627191,-0.042198088
3338,0,54b24045-e039-40ee-9ba6-824dbdc42f9e,StartingBlock,333.818359,5764.68994,1,43,43,53,7,0,0,-872.109924,-1164.42603,-800.157532,-0.940894961,0.238604128,-0.236649096,-0.0422142707
3339,0,54b24045-e039-40ee-9ba6-824dbdc42f9e,StartingBlock,333.918457,5764.79004,1,43,43,53,7,0,0,-872.652588,-1157.52332,-804.864807,-0.940898597,0.238599479,-0.236642703,-0.0421958119
3340,0,54b24045-e039-40ee-9ba6-824dbdc42f9e,StartingBlock,334.018066,5764.88965,1,43,43,53,7,0,0,-873.162476,-1150.59973,-809.541931,-0.940904438,0.238581225,-0.236645252,-0.0421533436
3341,0,54b24045-e039-40ee-9ba6-824dbdc42f9e,StartingBlock,334.118164,5764.98975,1,43,43,53,7,0,0,-873.639709,-1143.65552,-814.18866,-0.940901339,0.238584518,-0.236654714,-0.042151738
3342,0,54b24045-e039-40ee-9ba6-824dbdc42f9e,StartingBlock,334.218262,5765.08984,1,43,43,53,7,0,0,-874.084167,-1136.69104,-818.804932,-0.940892756,0.238607794,-0.236661196,-0.0421737246
3343,0,54b24045-e039-40ee-9ba6-824dbdc42f9e,StartingBlock,334.318359,5765.18994,1,43,43,53,7,0,0,-874.495972,-1129.70667,-823.390564,-0.940917015,0.238528863,-0.236648649,-0.0421491079
3344,0,54b24045-e039-40ee-9ba6-824dbdc42f9e,StartingBlock,334.418457,5765.29004,1,43,43,53,7,0,0,-874.875,-1122.70264,-827.945251,-0.940903723,0.238580406,-0.236645862,-0.0421702154
3345,0,54b24045-e039-40ee-9ba6-824dbdc42f9e,StartingBlock,334.518066,5765.38965,1,43,43,53,7,0,0,-875.221436,-1115.67908,-832.469116,-0.940915823,0.238552511,-0.236626193,-0.0421691053
3346,0,54b24045-e039-40ee-9ba6-824dbdc42f9e,StartingBlock,334.618164,5765.48975,1,43,43,53,7,0,0,-875.535156,-1108.63635,-836.961853,-0.940913558,0.23857218,-0.236616343,-0.0421639979
3347,0,54b24045-e039-40ee-9ba6-824dbdc42f9e,StartingBlock,334.718262,5765.58984,1,43,43,53,7,0,0,-875.816284,-1101.57458,-841.423401,-0.940916896,0.238562018,-0.236620545,-0.0421227664
3348,0,54b24045-e039-40ee-9ba6-824dbdc42f9e,StartingBlock,334.818359,5765.68994,1,43,43,53,7,0,0,-876.064636,-1094.49438,-845.853516,-0.940925717,0.238528594,-0.236616194,-0.0421385281
3349,0,54b24045-e039-40ee-9ba6-824dbdc42f9e,StartingBlock,334.918457,5765.79004,1,43,43,53,7,0,0,-876.280518,-1087.39575,-850.252136,-0.940920234,0.238530129,-0.236626655,-0.0421949513
3350,0,54b24045-e039-40ee-9ba6-824dbdc42f9e,StartingBlock,335.018066,5765.88965,1,43,43,53,7,0,0,-876.463684,-1080.27917,-854.619019,-0.940926492,0.238504335,-0.236627653,-0.042195037
3351,0,54b24045-e039-40ee-9ba6-824dbdc42f9e,StartingBlock,335.118164,5765.98975,1,43,43,53,7,0,0,-876.614197,-1073.14465,-858.954102,-0.940936506,0.238502324,-0.236602798,-0.0421236977
3352,0,54b24045-e039-40ee-9ba6-824dbdc42f9e,StartingBlock,335.218262,5766.08984,1,43,43,53,7,0,0,-876.732239,-1065.9928,-863.257324,-0.940933228,0.238492638,-0.236617312,-0.0421691276
3353,0,54b24045-e039-40ee-9ba6-824dbdc42f9e,StartingBlock,335.318359,5766.18994,1,43,43,53,7,0,0,-876.817688,-1058.82361,-867.528381,-0.94093585,0.238493383,-0.236608386,-0.042156361
3354,0,54b24045-e039-40ee-9ba6-824dbdc42f9e,StartingBlock,335.418457,5766.29004,1,43,43,53,7,0,0,-876.870544,-1051.63745,-871.767334,-0.940940619,0.238502964,-0.236571401,-0.0422046036
3355,0,54b24045-e039-40ee-9ba6-824dbdc42f9e,StartingBlock,335.518066,5766.38965,1,43,43,53,7,0,0,-876.89093,-1044.43469,-875.973877,-0.94093281,0.238517687,-0.23658891,-0.0421969369
3356,0,54b24045-e039-40ee-9ba6-824dbdc42f9e,StartingBlock,335.618164,5766.48975,1,43,43,53,7,0,0,-876.878906,-1037.21545,-880.147888,-0.940940142,0.238507316,-0.236572653,-0.0421826132
3357,0,54b24045-e039-40ee-9ba6-824dbdc42f9e,StartingBlock,335.718262,5766.58984,1,43,43,53,7,0,0,-876.83429,-1029.98035,-884.289368,-0.940925121,0.238547176,-0.236589953,-0.0421958193
3358,0,54b24045-e039-40ee-9ba6-824dbdc42f9e,StartingBlock,335.818359,5766.68994,1,43,43,53,7,0,0,-876.757324,-1022.72925,-888.398132,-0.940935314,0.238536537,-0.236562073,-0.0421829745
3359,0,54b24045-e039-40ee-9ba6-824dbdc42f9e,StartingBlock,335.918457,5766.79004,1,43,43,53,7,0,0,-876.647949,-1015.46259,-892.47406,-0.940937281,0.23852478,-0.236566573,-0.0421818793
3360,0,54b24045-e039-40ee-9ba6-824dbdc42f9e,StartingBlock,336.018066,5766.88965,1,43,43,53,7,0,0,-876.506165,-1008.18066,-896.517029,-0.940934896,0.238535702,-0.236563429,-0.0421917327
3361,0,54b24045-e039-40ee-9ba6-824dbdc42f9e,StartingBlock,336.118164,5766.98975,1,43,43,53,7,0,0,-876.332092,-1000.88385,-900.526855,-0.940938115,0.238522246,-0.236561805,-0.0422047004
3362,0,54b24045-e039-40ee-9ba6-824dbdc42f9e,StartingBlock,336.218262,5767.08984,1,43,43,53,7,0,0,-876.125732,-993.572388,-904.50354,-0.940945506,0.238494486,-0.236552835,-0.0422448851
3363,0,54b24045-e039-40ee-9ba6-824dbdc42f9e,StartingBlock,336.318359,5767.18994,1,43,43,53,7,0,0,-875.887146,-986.246399,-908.44696,-0.940950871,0.238509521,-0.236521885,-0.0422150828
3364,0,54b24045-e039-40ee-9ba6-824dbdc42f9e,StartingBlock,336.418457,5767.29004,1,43,43,53,7,0,0,-875.616333,-978.906311,-912.356934,-0.940946043,0.238536909,-0.236513898,-0.042213764
3365,0,54b24045-e039-40ee-9ba6-824dbdc42f9e,StartingBlock,336.518066,5767.38965,1,43,43,53,7,0,0,-875.313416,-971.552368,-916.233276,-0.940939665,0.238560766,-0.236511841,-0.0422319248
3366,0,54b24045-e039-40ee-9ba6-824dbdc42f9e,StartingBlock,336.618164,5767.48975,1,43,43,53,7,0,0,-874.978333,-964.184937,-920.075989,-0.940943003,0.23854512,-0.236517057,-0.0422167517
3367,0,54b24045-e039-40ee-9ba6-824dbdc42f9e,StartingBlock,336.718262,5767.58984,1,43,43,53,7,0,0,-874.611084,-956.804138,-923.884949,-0.940941334,0.238531798,-0.236537591,-0.0422137976
3368,0,54b24045-e039-40ee-9ba6-824dbdc42f9e,StartingBlock,336.818359,5767.68994,1,43,43,53,7,0,0,-874.211792,-949.4104,-927.660034,-0.940956712,0.238509491,-0.236503363,-0.0421893112
3369,0,54b24045-e039-40ee-9ba6-824dbdc42f9e,StartingBlock,336.918457,5767.79004,1,43,43,53,7,0,0,-873.780579,-942.003906,-931.401184,-0.940948308,0.238519654,-0.236515701,-0.0422490127
3370,0,54b24045-e039-40ee-9ba6-824dbdc42f9e,StartingBlock,337.018066,5767.88965,1,43,43,53,7,0,0,-873.317322,-934.585022,-935.108215,-0.9409464,0.238549694,-0.236495346,-0.0422372706
3371,0,54b24045-e039-40ee-9ba6-824dbdc42f9e,StartingBlock,337.118164,5767.98975,1,43,43,53,7,0,0,-872.822144,-927.153931,-938.781067,-0.940948665,0.238539204,-0.236498266,-0.0422282256
3372,0,54b24045-e039-40ee-9ba6-824dbdc42f9e,StartingBlock,337.218262,5768.08984,1,43,43,53,7,0,0,-872.295227,-919.71106,-942.419678,-0.940946758,0.238555178,-0.236492842,-0.0422113873
3373,0,54b24045-e039-40ee-9ba6-824dbdc42f9e,StartingBlock,337.318359,5768.18994,1,43,43,53,7,0,0,-871.73645,-912.256592,-946.023804,-0.940942585,0.238556623,-0.236501738,-0.0422476493
3374,0,54b24045-e039-40ee-9ba6-824dbdc42f9e,StartingBlock,337.418457,5768.29004,1,43,43,53,7,0,0,-871.145813,-904.790771,-949.593567,-0.940948606,0.238537058,-0.236496791,-0.042251911
3375,0,54b24045-e039-40ee-9ba6-824dbdc42f9e,StartingBlock,337.518066,5768.38965,1,43,43,53,7,0,0,-870.52356,-897.314026,-953.128662,-0.940946996,0.238557905,-0.236488909,-0.0422128625
3376,0,54b24045-e039-40ee-9ba6-824dbdc42f9e,StartingBlock,337.618164,5768.48975,1,43,43,53,7,0,0,-869.869629,-889.826477,-956.629089,-0.940942883,0.238559768,-0.236504748,-0.0422044359
3377,0,54b24045-e039-40ee-9ba6-824dbdc42f9e,StartingBlock,337.718262,5768.58984,1,43,43,53,7,0,0,-869.184143,-882.328552,-960.094788,-0.940939784,0.238560662,-0.236515373,-0.0422099233
3378,0,54b24045-e039-40ee-9ba6-824dbdc42f9e,StartingBlock,337.818359,5768.68994,1,43,43,53,7,0,0,-868.46698,-874.820374,-963.525635,-0.940938056,0.238560319,-0.236523032,-0.0422068723
3379,0,54b24045-e039-40ee-9ba6-824dbdc42f9e,StartingBlock,337.918457,5768.79004,1,43,43,53,7,0,0,-867.718445,-867.302307,-966.921509,-0.940953612,0.238516673,-0.236505643,-0.0422056243
3380,0,54b24045-e039-40ee-9ba6-824dbdc42f9e,StartingBlock,338.018066,5768.88965,1,43,43,53,7,0,0,-866.938538,-859.774658,-970.282349,-0.940956831,0.238512263,-0.236490309,-0.0422435962
3381,0,54b24045-e039-40ee-9ba6-824dbdc42f9e,StartingBlock,338.118164,5768.98975,1,43,43,53,7,0,0,-866.127197,-852.237732,-973.608032,-0.940944076,0.238547876,-0.236505911,-0.0422382541
3382,0,54b24045-e039-40ee-9ba6-824dbdc42f9e,StartingBlock,338.218262,5769.08984,1,43,43,53,7,0,0,-865.284546,-844.691711,-976.89856,-0.940948606,0.23854813,-0.236489415,-0.0422298796
3383,0,54b24045-e039-40ee-9ba6-824dbdc42f9e,StartingBlock,338.318359,5769.18994,1,43,43,53,7,0,0,-864.410706,-837.136963,-980.15387,-0.940952361,0.238544613,-0.236475453,-0.0422433689
3384,0,54b24045-e039-40ee-9ba6-824dbdc42f9e,StartingBlock,338.418457,5769.29004,1,43,43,53,7,0,0,-863.505676,-829.57373,-983.373718,-0.940949559,0.238549903,-0.236479104,-0.042255003
3385,0,54b24045-e039-40ee-9ba6-824dbdc42f9e,StartingBlock,338.518066,5769.38965,1,43,43,53,7,0,0,-862.569519,-822.002319,-986.558167,-0.940942705,0.238586292,-0.236464024,-0.0422865637
3386,0,54b24045-e039-40ee-9ba6-824dbdc42f9e,StartingBlock,338.618164,5769.48975,1,43,43,53,7,0,0,-861.602295,-814.422974,-989.707092,-0.940948844,0.238578156,-0.236453652,-0.0422548912
3387,0,54b24045-e039-40ee-9ba6-824dbdc42f9e,StartingBlock,338.718262,5769.58984,1,43,43,53,7,0,0,-860.604187,-806.835876,-992.820435,-0.940954149,0.23856689,-0.236446291,-0.0422416478
3388,0,54b24045-e039-40ee-9ba6-824dbdc42f9e,StartingBlock,338.818359,5769.68994,1,43,43,53,7,0,0,-859.575134,-799.241516,-995.898071,-0.940953374,0.23859334,-0.236420423,-0.0422539636
3389,0,54b24045-e039-40ee-9ba6-824dbdc42f9e,StartingBlock,338.918457,5769.79004,1,43,43,53,7,0,0,-858.515259,-791.640137,-998.940002,-0.940956771,0.238574192,-0.23642303,-0.0422723182
3390,0,54b24045-e039-40ee-9ba6-824dbdc42f9e,StartingBlock,339.018066,5769.88965,1,43,43,53,7,0,0,-857.424683,-784.03186,-1001.94617,-0.940949678,0.238608077,-0.236416265,-0.0422767438
3391,0,54b24045-e039-40ee-9ba6-824dbdc42f9e,StartingBlock,339.118164,5769.98975,1,43,43,53,7,0,0,-856.303345,-776.417175,-1004.91644,-0.940949261,0.238606527,-0.236420557,-0.0422702394
3392,0,54b24045-e039-40ee-9ba6-824dbdc42f9e,StartingBlock,339.218262,5770.08984,1,43,43,53,7,0,0,-855.151428,-768.796143,-1007.85065,-0.9409554,0.238602281,-0.236397877,-0.0422851332
3393,0,54b24045-e039-40ee-9ba6-824dbdc42f9e,StartingBlock,339.318359,5770.18994,1,43,43,53,7,0,0,-853.968994,-761.16925,-1010.74902,-0.940954268,0.238587588,-0.236418471,-0.0422783941
3394,0,54b24045-e039-40ee-9ba6-824dbdc42f9e,StartingBlock,339.418457,5770.29004,1,43,43,53,7,0,0,-852.756042,-753.536682,-1013.61127,-0.940949321,0.238625482,-0.236398339,-0.0422869176
3395,0,54b24045-e039-40ee-9ba6-824dbdc42f9e,StartingBlock,339.518066,5770.38965,1,43,43,53,7,0,0,-851.512817,-745.898682,-1016.43738,-0.940948367,0.238631368,-0.236400679,-0.0422606543
3396,0,54b24045-e039-40ee-9ba6-824dbdc42f9e,StartingBlock,339.618164,5770.48975,1,43,43,53,7,0,0,-850.239258,-738.255493,-1019.22736,-0.940947533,0.238625735,-0.236409336,-0.042262964
3397,0,54b24045-e039-40ee-9ba6-824dbdc42f9e,StartingBlock,339.718262,5770.58984,1,43,43,53,7,0,0,-848.935486,-730.607666,-1021.98108,-0.940947413,0.23862347,-0.236410946,-0.0422704816
3398,0,54b24045-e039-40ee-9ba6-824dbdc42f9e,StartingBlock,339.818359,5770.68994,1,43,43,53,7,0,0,-847.601501,-722.955139,-1024.69849,-0.940949917,0.238620296,-0.23640433,-0.0422686972
3399,0,54b24045-e039-40ee-9ba6-824dbdc42f9e,StartingBlock,339.918457,5770.79004,1,43,43,53,7,0,0,-846.23761,-715.298279,-1027.37964,-0.940956891,0.238602087,-0.236393839,-0.0422763191
3400,0,54b24045-e039-40ee-9ba6-824dbdc42f9e,StartingBlock,340.018066,5770.88965,1,43,43,53,7,0,0,-844.843628,-707.637512,-1030.02429,-0.940967143,0.238559514,-0.23639594,-0.04227449
3401,0,54b24045-e039-40ee-9ba6-824dbdc42f9e,StartingBlock,340.118164,5770.98975,1,43,43,53,7,0,0,-843.4198,-699.972961,-1032.63245,-0.940963209,0.238585934,-0.236383349,-0.0422845334
3402,0,54b24045-e039-40ee-9ba6-824dbdc42f9e,StartingBlock,340.218262,5771.08984,1,43,43,53,7,0,0,-841.966187,-692.304932,-1035.2041,-0.940978169,0.238574505,-0.236334905,-0.0422856398
3403,0,54b24045-e039-40ee-9ba6-824dbdc42f9e,StartingBlock,340.318359,5771.18994,1,43,43,53,7,0,0,-840.482849,-684.633789,-1037.73926,-0.940976858,0.238571346,-0.236339495,-0.0423072912
3404,0,54b24045-e039-40ee-9ba6-824dbdc42f9e,StartingBlock,340.418457,5771.29004,1,43,43,53,7,0,0,-838.969849,-676.959595,-1040.23779,-0.940967202,0.238613397,-0.236337334,-0.0422976576
3405,0,54b24045-e039-40ee-9ba6-824dbdc42f9e,StartingBlock,340.518066,5771.38965,1,43,43,53,7,0,0,-837.427307,-669.282837,-1042.69983,-0.940979838,0.238593876,-0.236304507,-0.0423110873
3406,0,54b24045-e039-40ee-9ba6-824dbdc42f9e,StartingBlock,340.618164,5771.48975,1,43,43,53,7,0,0,-835.855347,-661.603699,-1045.125,-0.94096911,0.238650858,-0.236290082,-0.0423081666
3407,0,54b24045-e039-40ee-9ba6-824dbdc42f9e,StartingBlock,340.718262,5771.58984,1,43,43,53,7,0,0,-834.254028,-653.922485,-1047.51343,-0.940963566,0.238692477,-0.236268893,-0.0423156656
3408,0,54b24045-e039-40ee-9ba6-824dbdc42f9e,StartingBlock,340.818359,5771.68994,1,43,43,53,7,0,0,-832.623474,-646.239441,-1049.86511,-0.940964162,0.238703907,-0.236253038,-0.0423241518
3409,0,54b24045-e039-40ee-9ba6-824dbdc42f9e,StartingBlock,340.918457,5771.79004,1,43,43,53,7,0,0,-830.963745,-638.554871,-1052.18018,-0.940985918,0.238645718,-0.236224338,-0.0423304811
3410,0,54b24045-e039-40ee-9ba6-824dbdc42f9e,StartingBlock,341.018066,5771.88965,1,43,43,53,7,0,0,-829.274902,-630.869019,-1054.4585,-0.94099158,0.238626286,-0.236218199,-0.0423472263
3411,0,54b24045-e039-40ee-9ba6-824dbdc42f9e,StartingBlock,341.118164,5771.98975,1,43,43,53,7,0,0,-827.557129,-623.182007,-1056.69971,-0.940995097,0.238644272,-0.236180797,-0.0423775129
3412,0,54b24045-e039-40ee-9ba6-824dbdc42f9e,StartingBlock,341.218262,5772.08984,1,43,43,53,7,0,0,-825.810486,-615.494446,-1058.90417,-0.941003144,0.238632396,-0.236165896,-0.0423484929
3413,0,54b24045-e039-40ee-9ba6-824dbdc42f9e,StartingBlock,341.318359,5772.18994,1,43,43,53,7,0,0,-824.035034,-607.806335,-1061.07153,-0.941006243,0.238655254,-0.236129776,-0.0423516147
3414,0,54b24045-e039-40ee-9ba6-824dbdc42f9e,StartingBlock,341.418457,5772.29004,1,43,43,53,7,0,0,-822.230896,-600.118103,-1063.20203,-0.941007733,0.238670394,-0.236114845,-0.042317871
3415,0,54b24045-e039-40ee-9ba6-824dbdc42f9e,StartingBlock,341.518066,5772.38965,1,43,43,53,7,0,0,-820.398132,-592.42981,-1065.29541,-0.941007853,0.238674134,-0.236108452,-0.0423294716
3416,0,54b24045-e039-40ee-9ba6-824dbdc42f9e,StartingBlock,341.618164,5772.48975,1,43,43,53,7,0,0,-818.536865,-584.741943,-1067.35181,-0.940999746,0.238706499,-0.236107171,-0.0423338972
3417,0,54b24045-e039-40ee-9ba6-824dbdc42f9e,StartingBlock,341.718262,5772.58984,1,43,43,53,7,0,0,-816.647278,-577.054504,-1069.37146,-0.940996051,0.238727748,-0.236098453,-0.0423450507
3418,0,54b24045-e039-40ee-9ba6-824dbdc42f9e,StartingBlock,341.818359,5772.68994,1,43,43,53,7,0,0,-814.72937,-569.368103,-1071.35388,-0.941004336,0.238699257,-0.236096799,-0.0423299447
3419,0,54b24045-e039-40ee-9ba6-824dbdc42f9e,StartingBlock,341.918457,5772.79004,1,43,43,53,7,0,0,-812.783264,-561.682739,-1073.29919,-0.941001415,0.238698155,-0.236106575,-0.0423465632
3420,0,54b24045-e039-40ee-9ba6-824dbdc42f9e,StartingBlock,342.018066,5772.88965,1,43,43,53,7,0,0,-810.809082,-553.99884,-1075.20752,-0.940979421,0.238773376,-0.236119717,-0.0423374102
3421,0,54b24045-e039-40ee-9ba6-824dbdc42f9e,StartingBlock,342.118164,5772.98975,1,43,43,53,7,0,0,-808.806885,-546.316589,-1077.07849,-0.940998137,0.238700971,-0.236110643,-0.0423813127
3422,0,54b24045-e039-40ee-9ba6-824dbdc42f9e,StartingBlock,342.218262,5773.08984,1,43,43,53,7,0,0,-806.776855,-538.636292,-1078.91248,-0.940991819,0.238729149,-0.236108899,-0.0423731543
3423,0,54b24045-e039-40ee-9ba6-824dbdc42f9e,StartingBlock,342.318359,5773.18994,1,43,43,53,7,0,0,-804.719055,-530.958069,-1080.70935,-0.940995336,0.238702849,-0.236119404,-0.0423838198
3424,0,54b24045-e039-40ee-9ba6-824dbdc42f9e,StartingBlock,342.418457,5773.29004,1,43,43,53,7,0,0,-802.633606,-523.282349,-1082.46899,-0.940986156,0.238715991,-0.236137882,-0.0424111634
3425,0,54b24045-e039-40ee-9ba6-824dbdc42f9e,StartingBlock,342.518066,5773.38965,1,43,43,53,7,0,0,-800.520569,-515.609253,-1084.19165,-0.940986812,0.238717765,-0.236134201,-0.0424059443
3426,0,54b24045-e039-40ee-9ba6-824dbdc42f9e,StartingBlock,342.618164,5773.48975,1,43,43,53,7,0,0,-798.380066,-507.939209,-1085.87695,-0.940984428,0.238752514,-0.236106515,-0.042419076
3427,0,54b24045-e039-40ee-9ba6-824dbdc42f9e,StartingBlock,342.718262,5773.58984,1,43,43,53,7,0,0,-796.21228,-500.272278,-1087.52515,-0.940981865,0.238769978,-0.236097366,-0.0424268432
3428,0,54b24045-e039-40ee-9ba6-824dbdc42f9e,StartingBlock,342.818359,5773.68994,1,43,43,53,7,0,0,-794.017273,-492.608948,-1089.13611,-0.940974891,0.238776922,-0.236120686,-0.0424134657
3429,0,54b24045-e039-40ee-9ba6-824dbdc42f9e,StartingBlock,342.918457,5773.79004,1,43,43,53,7,0,0,-791.795166,-484.94931,-1090.70996,-0.940974534,0.238786191,-0.236116186,-0.0423928648
3430,0,54b24045-e039-40ee-9ba6-824dbdc42f9e,StartingBlock,343.018066,5773.88965,1,43,43,53,7,0,0,-789.546082,-477.293671,-1092.24646,-0.940992892,0.238731787,-0.236093476,-0.0424188711
3431,0,54b24045-e039-40ee-9ba6-824dbdc42f9e,StartingBlock,343.118164,5773.98975,1,43,43,53,7,0,0,-787.270081,-469.642242,-1093.74585,-0.940982997,0.238773242,-0.236092195,-0.0424134098
3432,0,54b24045-e039-40ee-9ba6-824dbdc42f9e,StartingBlock,343.218262,5774.08984,1,43,43,53,7,0,0,-784.967285,-461.9953,-1095.20801,-0.94097805,0.238805279,-0.236081168,-0.0424048975
3433,0,54b24045-e039-40ee-9ba6-824dbdc42f9e,StartingBlock,343.318359,5774.18994,1,43,43,53,7,0,0,-782.637939,-454.353088,-1096.63306,-0.940968812,0.238872349,-0.236060306,-0.042346634
3434,0,54b24045-e039-40ee-9ba6-824dbdc42f9e,StartingBlock,343.418457,5774.29004,1,43,43,53,7,0,0,-780.281982,-446.715973,-1098.02063,-0.940977156,0.238826677,-0.236064106,-0.0423977748
3435,0,54b24045-e039-40ee-9ba6-824dbdc42f9e,StartingBlock,343.518066,5774.38965,1,43,43,53,7,0,0,-777.899597,-439.084015,-1099.37122,-0.940979958,0.23879607,-0.236079276,-0.0424229987
3436,0,54b24045-e039-40ee-9ba6-824dbdc42f9e,StartingBlock,343.618164,5774.48975,1,43,43,53,7,0,0,-775.490845,-431.457581,-1100.68457,-0.940975785,0.238853559,-0.236035898,-0.0424330272
3437,0,54b24045-e039-40ee-9ba6-824dbdc42f9e,StartingBlock,343.718262,5774.58984,1,43,43,53,7,0,0,-773.055969,-423.836975,-1101.96082,-0.940980434,0.238853291,-0.236028835,-0.0423712246
3438,0,54b24045-e039-40ee-9ba6-824dbdc42f9e,StartingBlock,343.818359,5774.68994,1,43,43,53,7,0,0,-770.59491,-416.22229,-1103.19971,-0.940976977,0.238847315,-0.236039698,-0.042423185
3439,0,54b24045-e039-40ee-9ba6-824dbdc42f9e,StartingBlock,343.918457,5774.79004,1,43,43,53,7,0,0,-768.108032,-408.613892,-1104.40161,-0.940971613,0.238880768,-0.236025527,-0.0424314439
3440,0,54b24045-e039-40ee-9ba6-824dbdc42f9e,StartingBlock,344.018066,5774.88965,1,43,43,53,7,0,0,-765.595337,-401.012024,-1105.56616,-0.940980196,0.238833368,-0.236030996,-0.0424784645
3441,0,54b24045-e039-40ee-9ba6-824dbdc42f9e,StartingBlock,344.118164,5774.98975,1,43,43,53,7,0,0,-763.056824,-393.416809,-1106.69373,-0.940971613,0.238928854,-0.235978469,-0.0424217358
3442,0,54b24045-e039-40ee-9ba6-824dbdc42f9e,StartingBlock,344.218262,5775.08984,1,43,43,53,7,0,0,-760.492737,-385.828644,-1107.78418,-0.940985084,0.238901213,-0.235949591,-0.0424390547
3443,0,54b24045-e039-40ee-9ba6-824dbdc42f9e,StartingBlock,344.318359,5775.18994,1,43,43,53,7,0,0,-757.903259,-378.247681,-1108.8374,-0.940965831,0.238972217,-0.235950008,-0.0424635485
3444,0,54b24045-e039-40ee-9ba6-824dbdc42f9e,StartingBlock,344.418457,5775.29004,1,43,43,53,7,0,0,-755.288391,-370.674194,-1109.85364,-0.940977752,0.238965914,-0.235900909,-0.0425080433
3445,0,54b24045-e039-40ee-9ba6-824dbdc42f9e,StartingBlock,344.518066,5775.38965,1,43,43,53,7,0,0,-752.648254,-363.10849,-1110.83264,-0.940987885,0.238919929,-0.235904381,-0.0425228067
3446,0,54b24045-e039-40ee-9ba6-824dbdc42f9e,StartingBlock,344.618164,5775.48975,1,43,43,53,7,0,0,-749.983093,-355.55072,-1111.77478,-0.941001177,0.238892883,-0.235881209,-0.0425107703
3447,0,54b24045-e039-40ee-9ba6-824dbdc42f9e,StartingBlock,344.718262,5775.58984,1,43,43,53,7,0,0,-747.292908,-348.001129,-1112.67969,-0.941009104,0.238882557,-0.235868827,-0.0424621738
3448,0,54b24045-e039-40ee-9ba6-824dbdc42f9e,StartingBlock,344.818359,5775.68994,1,43,43,53,7,0,0,-744.57782,-340.459991,-1113.54773,-0.941003442,0.238874927,-0.235887825,-0.0425243378
3449,0,54b24045-e039-40ee-9ba6-824dbdc42f9e,StartingBlock,344.918457,5775.79004,1,43,43,53,7,0,0,-741.838013,-332.92749,-1114.37878,-0.941006362,0.238878936,-0.235875204,-0.0425060391
3450,0,54b24045-e039-40ee-9ba6-824dbdc42f9e,StartingBlock,345.018066,5775.88965,1,43,43,53,7,0,0,-739.07373,-325.403992,-1115.17285,-0.940993786,0.238933682,-0.235868216,-0.0425154567
3451,0,54b24045-e039-40ee-9ba6-824dbdc42f9e,StartingBlock,345.118164,5775.98975,1,43,43,53,7,0,0,-736.28479,-317.889557,-1115.93005,-0.940985978,0.23897697,-0.235859528,-0.0424933098
3452,0,54b24045-e039-40ee-9ba6-824dbdc42f9e,StartingBlock,345.218262,5776.08984,1,43,43,53,7,0,0,-733.47168,-310.38446,-1116.65015,-0.940971315,0.23901692,-0.235872835,-0.0425200872
3453,0,54b24045-e039-40ee-9ba6-824dbdc42f9e,StartingBlock,345.318359,5776.18994,1,43,43,53,7,0,0,-730.634216,-302.889099,-1117.33337,-0.940969229,0.239008039,-0.235881567,-0.042569235
3454,0,54b24045-e039-40ee-9ba6-824dbdc42f9e,StartingBlock,345.418457,5776.29004,1,43,43,53,7,0,0,-727.772766,-295.403595,-1117.97974,-0.940987885,0.238974854,-0.235853091,-0.0424995646
3455,0,54b24045-e039-40ee-9ba6-824dbdc42f9e,StartingBlock,345.518066,5776.38965,1,43,43,53,7,0,0,-724.887329,-287.92807,-1118.58936,-0.940968454,0.239057094,-0.235842735,-0.0425229631
3456,0,54b24045-e039-40ee-9ba6-824dbdc42f9e,StartingBlock,345.618164,5776.48975,1,43,43,53,7,0,0,-721.977905,-280.462982,-1119.16223,-0.940977275,0.239028886,-0.235841408,-0.0424955003
3457,0,54b24045-e039-40ee-9ba6-824dbdc42f9e,StartingBlock,345.718262,5776.58984,1,43,43,53,7,0,0,-719.044922,-273.008331,-1119.69824,-0.940970659,0.239049986,-0.235835537,-0.0425564647
3458,0,54b24045-e039-40ee-9ba6-824dbdc42f9e,StartingBlock,345.818359,5776.68994,1,43,43,53,7,0,0,-716.088501,-265.564484,-1120.19763,-0.940973043,0.239075974,-0.235807091,-0.0425156392
3459,0,54b24045-e039-40ee-9ba6-824dbdc42f9e,StartingBlock,345.918457,5776.79004,1,43,43,53,7,0,0,-713.108398,-258.131653,-1120.66028,-0.940957487,0.239124045,-0.235817358,-0.0425310135
3460,0,54b24045-e039-40ee-9ba6-824dbdc42f9e,StartingBlock,346.018066,5776.88965,1,43,43,53,7,0,0,-710.105103,-250.710098,-1121.0863,-0.94098109,0.239037424,-0.235814348,-0.042512726
3461,0,54b24045-e039-40ee-9ba6-824dbdc42f9e,StartingBlock,346.118164,5776.98975,1,43,43,53,7,0,0,-707.078613,-243.299942,-1121.47571,-0.940972924,0.239060566,-0.235826641,-0.0424942784
3462,0,54b24045-e039-40ee-9ba6-824dbdc42f9e,StartingBlock,346.218262,5777.08984,1,43,43,53,7,0,0,-704.029053,-235.901413,-1121.82874,-0.940944672,0.239174038,-0.235824227,-0.042495992
3463,0,54b24045-e039-40ee-9ba6-824dbdc42f9e,StartingBlock,346.318359,5777.18994,1,43,43,53,7,0,0,-700.956604,-228.514877,-1122.14502,-0.940949738,0.239151031,-0.235819876,-0.0425379016
3464,0,54b24045-e039-40ee-9ba6-824dbdc42f9e,StartingBlock,346.418457,5777.29004,1,43,43,53,7,0,0,-697.861389,-221.140427,-1122.42493,-0.940943182,0.239179462,-0.235817194,-0.0425362214
3465,0,54b24045-e039-40ee-9ba6-824dbdc42f9e,StartingBlock,346.518066,5777.38965,1,43,43,53,7,0,0,-694.743469,-213.778366,-1122.66833,-0.94094789,0.239186481,-0.235794663,-0.0425191857
3466,0,54b24045-e039-40ee-9ba6-824dbdc42f9e,StartingBlock,346.618164,5777.48975,1,43,43,53,7,0,0,-691.603027,-206.428864,-1122.87537,-0.940943897,0.239212081,-0.235785067,-0.0425162166
3467,0,54b24045-e039-40ee-9ba6-824dbdc42f9e,StartingBlock,346.718262,5777.58984,1,43,43,53,7,0,0,-688.440308,-199.092148,-1123.0459,-0.940955818,0.239177972,-0.235759392,-0.042586647
3468,0,54b24045-e039-40ee-9ba6-824dbdc42f9e,StartingBlock,346.818359,5777.68994,1,43,43,53,7,0,0,-685.25531,-191.768433,-1123.18042,-0.940958321,0.239207998,-0.235727295,-0.042541299
3469,0,54b24045-e039-40ee-9ba6-824dbdc42f9e,StartingBlock,346.918457,5777.79004,1,43,43,53,7,0,0,-682.048218,-184.457947,-1123.27869,-0.94095999,0.239190385,-0.235739321,-0.0425366275
3470,0,54b24045-e039-40ee-9ba6-824dbdc42f9e,StartingBlock,347.018066,5777.88965,1,43,43,53,7,0,0,-678.819153,-177.160919,-1123.3407,-0.940958083,0.239208356,-0.235728338,-0.0425377339
3471,0,54b24045-e039-40ee-9ba6-824dbdc42f9e,StartingBlock,347.118164,5777.98975,1,43,43,53,7,0,0,-675.568176,-169.877563,-1123.36646,-0.940950871,0.239221543,-0.235737488,-0.0425716452
3472,0,54b24045-e039-40ee-9ba6-824dbdc42f9e,StartingBlock,347.218262,5778.08984,1,43,43,53,7,0,0,-672.295593,-162.608017,-1123.3562,-0.940945923,0.239252195,-0.235728472,-0.0425602011
3473,0,54b24045-e039-40ee-9ba6-824dbdc42f9e,StartingBlock,347.318359,5778.18994,1,43,43,53,7,0,0,-669.001404,-155.352539,-1123.30994,-0.940931201,0.239295915,-0.235747561,-0.0425330289
3474,0,54b24045-e039-40ee-9ba6-824dbdc42f9e,StartingBlock,347.418457,5778.29004,1,43,43,53,7,0,0,-665.685791,-148.111404,-1123.22754,-0.940946877,0.239262611,-0.235713616,-0.0425609946
3475,0,54b24045-e039-40ee-9ba6-824dbdc42f9e,StartingBlock,347.518066,5778.38965,1,43,43,53,7,0,0,-662.348938,-140.884705,-1123.1095,-0.940942585,0.23930259,-0.235690847,-0.0425587706
3476,0,54b24045-e039-40ee-9ba6-824dbdc42f9e,StartingBlock,347.618164,5778.48975,1,43,43,53,7,0,0,-658.990967,-133.67276,-1122.95544,-0.940945685,0.239296675,-0.235681593,-0.04257413
3477,0,54b24045-e039-40ee-9ba6-824dbdc42f9e,StartingBlock,347.718262,5778.58984,1,43,43,53,7,0,0,-655.611938,-126.475723,-1122.7655,-0.940942109,0.239337221,-0.235664189,-0.0425199755
3478,0,54b24045-e039-40ee-9ba6-824dbdc42f9e,StartingBlock,347.818359,5778.68994,1,43,43,53,7,0,0,-652.211975,-119.293816,-1122.54004,-0.940933228,0.239365414,-0.23566404,-0.042560067
3479,0,54b24045-e039-40ee-9ba6-824dbdc42f9e,StartingBlock,347.918457,5778.79004,1,43,43,53,7,0,0,-648.791321,-112.127251,-1122.27881,-0.940939546,0.239326209,-0.235673025,-0.0425914712
3480,0,54b24045-e039-40ee-9ba6-824dbdc42f9e,StartingBlock,348.018066,5778.88965,1,43,43,53,7,0,0,-645.350098,-104.976166,-1121.98193,-0.940917552,0.239370212,-0.235721365,-0.0425605513
3481,0,54b24045-e039-40ee-9ba6-824dbdc42f9e,StartingBlock,348.118164,5778.98975,1,43,43,53,7,0,0,-641.888428,-97.8408279,-1121.64954,-0.940918624,0.239385635,-0.235708162,-0.0425236374
3482,0,54b24045-e039-40ee-9ba6-824dbdc42f9e,StartingBlock,348.218262,5779.08984,1,43,43,53,7,0,0,-638.406494,-90.7215042,-1121.28149,-0.940937817,0.239290267,-0.235722274,-0.0425582491
3483,0,54b24045-e039-40ee-9ba6-824dbdc42f9e,StartingBlock,348.318359,5779.18994,1,43,43,53,7,0,0,-634.904358,-83.618187,-1120.87805,-0.940923691,0.239384905,-0.235684127,-0.0425504409
3484,0,54b24045-e039-40ee-9ba6-824dbdc42f9e,StartingBlock,348.418457,5779.29004,1,43,43,53,7,0,0,-631.382202,-76.5312195,-1120.43933,-0.940911472,0.239454299,-0.235662729,-0.0425479412
3485,0,54b24045-e039-40ee-9ba6-824dbdc42f9e,StartingBlock,348.518066,5779.38965,1,43,43,53,7,0,0,-627.840149,-69.4608612,-1119.96533,-0.940918744,0.239425525,-0.235664874,-0.0425366499
3486,0,54b24045-e039-40ee-9ba6-824dbdc42f9e,StartingBlock,348.618164,5779.48975,1,43,43,53,7,0,0,-624.278381,-62.4071808,-1119.45605,-0.940905094,0.239451438,-0.235688239,-0.0425632931
3487,0,54b24045-e039-40ee-9ba6-824dbdc42f9e,StartingBlock,348.718262,5779.58984,1,43,43,53,7,0,0,-620.69696,-55.3704948,-1118.91162,-0.940916061,0.239408642,-0.235685453,-0.0425761379
3488,0,54b24045-e039-40ee-9ba6-824dbdc42f9e,StartingBlock,348.818359,5779.68994,1,43,43,53,7,0,0,-617.09613,-48.350872,-1118.33203,-0.940908015,0.239454329,-0.235673353,-0.042565342
3489,0,54b24045-e039-40ee-9ba6-824dbdc42f9e,StartingBlock,348.918457,5779.79004,1,43,43,53,7,0,0,-613.475891,-41.3485489,-1117.71753,-0.940900028,0.239489779,-0.235672861,-0.0425458923
3490,0,54b24045-e039-40ee-9ba6-824dbdc42f9e,StartingBlock,349.018066,5779.88965,1,43,43,53,7,0,0,-609.836609,-34.3637581,-1117.06812,-0.940903366,0.239485726,-0.235660329,-0.0425648689
3491,0,54b24045-e039-40ee-9ba6-824dbdc42f9e,StartingBlock,349.118164,5779.98975,1,43,43,53,7,0,0,-606.178162,-27.3967209,-1116.38379,-0.940913975,0.239442021,-0.23565875,-0.0425846204
3492,0,54b24045-e039-40ee-9ba6-824dbdc42f9e,StartingBlock,349.218262,5780.08984,1,43,43,53,7,0,0,-602.500916,-20.4474945,-1115.66455,-0.940898478,0.239523038,-0.23563388,-0.0426090322
3493,0,54b24045-e039-40ee-9ba6-824dbdc42f9e,StartingBlock,349.318359,5780.18994,1,43,43,53,7,0,0,-598.804871,-13.5164089,-1114.91077,-0.940912485,0.239476115,-0.235625803,-0.0426082239
3494,0,54b24045-e039-40ee-9ba6-824dbdc42f9e,StartingBlock,349.418457,5780.29004,1,43,43,53,7,0,0,-595.09021,-6.60350227,-1114.12231,-0.940887511,0.239595532,-0.23561576,-0.0425447263
3495,0,54b24045-e039-40ee-9ba6-824dbdc42f9e,StartingBlock,349.518066,5780.38965,1,43,43,53,7,0,0,-591.357178,0.290846825,-1113.29919,-0.940901399,0.239546061,-0.23560594,-0.0425672382
3496,0,54b24045-e039-40ee-9ba6-824dbdc42f9e,StartingBlock,349.618164,5780.48975,1,43,43,53,7,0,0,-587.605774,7.166605,-1112.44165,-0.940899014,0.239550784,-0.235609323,-0.0425756387
3497,0,54b24045-e039-40ee-9ba6-824dbdc42f9e,StartingBlock,349.718262,5780.58984,1,43,43,53,7,0,0,-583.836182,14.0235939,-1111.54968,-0.940882325,0.239627525,-0.235605955,-0.0425330438
3498,0,54b24045-e039-40ee-9ba6-824dbdc42f9e,StartingBlock,349.818359,5780.68994,1,43,43,53,7,0,0,-580.048584,20.8615208,-1110.62354,-0.940889895,0.239600226,-0.235596225,-0.0425717421
3499,0,54b24045-e039-40ee-9ba6-824dbdc42f9e,StartingBlock,349.918457,5780.79004,1,43,43,53,7,0,0,-576.243042,27.6802559,-1109.66296,-0.940888524,0.239608899,-0.235595152,-0.0425584875
3500,0,54b24045-e039-40ee-9ba6-824dbdc42f9e,StartingBlock,350.018066,5780.88965,1,43,43,53,7,0,0,-572.4198,34.4796181,-1108.66833,-0.940898955,0.239569843,-0.235581443,-0.0426237509
3501,0,54b24045-e039-40ee-9ba6-824dbdc42f9e,StartingBlock,350.118164,5780.98975,1,43,43,53,7,0,0,-568.578979,41.2594833,-1107.63953,-0.940891743,0.23962985,-0.235550687,-0.0426170975
3502,0,54b24045-e039-40ee-9ba6-824dbdc42f9e,StartingBlock,350.218262,5781.08984,1,43,43,53,7,0,0,-564.720703,48.0195541,-1106.57666,-0.940900862,0.23958613,-0.235566184,-0.0425748862
3503,0,54b24045-e039-40ee-9ba6-824dbdc42f9e,StartingBlock,350.318359,5781.18994,1,43,43,53,7,0,0,-560.845215,54.7597885,-1105.47998,-0.940889299,0.239615843,-0.235577255,-0.0426020399
3504,0,54b24045-e039-40ee-9ba6-824dbdc42f9e,StartingBlock,350.418457,5781.29004,1,43,43,53,7,0,0,-556.952393,61.4799118,-1104.34949,-0.940879464,0.239625037,-0.23560454,-0.0426176302
3505,0,54b24045-e039-40ee-9ba6-824dbdc42f9e,StartingBlock,350.518066,5781.38965,1,43,43,53,7,0,0,-553.042603,68.1797943,-1103.1853,-0.940875232,0.239649445,-0.235605776,-0.0425668731
3506,0,54b24045-e039-40ee-9ba6-824dbdc42f9e,StartingBlock,350.618164,5781.48975,1,43,43,53,7,0,0,-549.115967,74.8592377,-1101.9873,-0.940872848,0.239644736,-0.235613286,-0.0426037982
3507,0,54b24045-e039-40ee-9ba6-824dbdc42f9e,StartingBlock,350.718262,5781.58984,1,43,43,53,7,0,0,-545.172607,81.5181046,-1100.75586,-0.940862477,0.239640459,-0.235655457,-0.0426252782
3508,0,54b24045-e039-40ee-9ba6-824dbdc42f9e,StartingBlock,350.818359,5781.68994,1,43,43,53,7,0,0,-541.212769,88.1561584,-1099.49084,-0.940872729,0.239612788,-0.235644311,-0.0426142402
3509,0,54b24045-e039-40ee-9ba6-824dbdc42f9e,StartingBlock,350.918457,5781.79004,1,43,43,53,7,0,0,-537.236389,94.7733307,-1098.19238,-0.940864384,0.239662573,-0.235626042,-0.0426212996
3510,0,54b24045-e039-40ee-9ba6-824dbdc42f9e,StartingBlock,351.018066,5781.88965,1,43,43,53,7,0,0,-533.243713,101.369392,-1096.86072,-0.940868855,0.23966445,-0.235611409,-0.0425929911
3511,0,54b24045-e039-40ee-9ba6-824dbdc42f9e,StartingBlock,351.118164,5781.98975,1,43,43,53,7,0,0,-529.234924,107.944191,-1095.49585,-0.940870702,0.239674732,-0.235590309,-0.0426102132
3512,0,54b24045-e039-40ee-9ba6-824dbdc42f9e,StartingBlock,351.218262,5782.08984,1,43,43,53,7,0,0,-525.210144,114.497581,-1094.0979,-0.940854728,0.239742517,-0.235581636,-0.0426302701
3513,0,54b24045-e039-40ee-9ba6-824dbdc42f9e,StartingBlock,351.318359,5782.18994,1,43,43,53,7,0,0,-521.169556,121.029305,-1092.66687,-0.940876663,0.239703745,-0.235541597,-0.0425843149
3514,0,54b24045-e039-40ee-9ba6-824dbdc42f9e,StartingBlock,351.418457,5782.29004,1,43,43,53,7,0,0,-517.11322,127.539284,-1091.20288,-0.940871656,0.239728779,-0.235534653,-0.0425925627
3515,0,54b24045-e039-40ee-9ba6-824dbdc42f9e,StartingBlock,351.518066,5782.38965,1,43,43,53,7,0,0,-513.041321,134.027313,-1089.70605,-0.940864205,0.23974295,-0.235552803,-0.0425772779
3516,0,54b24045-e039-40ee-9ba6-824dbdc42f9e,StartingBlock,351.618164,5782.48975,1,43,43,53,7,0,0,-508.95401,140.493286,-1088.17651,-0.940849841,0.239769235,-0.235576302,-0.0426160693
3517,0,54b24045-e039-40ee-9ba6-824dbdc42f9e,StartingBlock,351.718262,5782.58984,1,43,43,53,7,0,0,-504.85141,146.936996,-1086.61426,-0.94085145,0.239770263,-0.235569358,-0.0426139571
3518,0,54b24045-e039-40ee-9ba6-824dbdc42f9e,StartingBlock,351.818359,5782.68994,1,43,43,53,7,0,0,-500.733734,153.358322,-1085.01965,-0.940836132,0.23986578,-0.235541672,-0.0425661281
3519,0,54b24045-e039-40ee-9ba6-824dbdc42f9e,StartingBlock,351.918457,5782.79004,1,43,43,53,7,0,0,-496.601013,159.757034,-1083.39246,-0.940837502,0.239860386,-0.235537663,-0.042590186
3520,0,54b24045-e039-40ee-9ba6-824dbdc42f9e,StartingBlock,352.018066,5782.88965,1,43,43,53,7,0,0,-492.453522,166.133026,-1081.73291,-0.940837026,0.239850581,-0.235545754,-0.0426098742
3521,0,54b24045-e039-40ee-9ba6-824dbdc42f9e,StartingBlock,352.118164,5782.98975,1,43,43,53,7,0,0,-488.291321,172.486099,-1080.04126,-0.940840006,0.23986733,-0.235522673,-0.0425770544
3522,0,54b24045-e039-40ee-9ba6-824dbdc42f9e,StartingBlock,352.218262,5783.08984,1,43,43,53,7,0,0,-484.114563,178.816208,-1078.31726,-0.940841734,0.239863887,-0.23551628,-0.0425932258
3523,0,54b24045-e039-40ee-9ba6-824dbdc42f9e,StartingBlock,352.318359,5783.18994,1,43,43,53,7,0,0,-479.923431,185.123093,-1076.56128,-0.940843761,0.239851952,-0.235517934,-0.0426086038
3524,0,54b24045-e039-40ee-9ba6-824dbdc42f9e,StartingBlock,352.418457,5783.29004,1,43,43,53,7,0,0,-475.718109,191.406677,-1074.77344,-0.940842509,0.239870504,-0.23550652,-0.0425946601
3525,0,54b24045-e039-40ee-9ba6-824dbdc42f9e,StartingBlock,352.518066,5783.38965,1,43,43,53,7,0,0,-471.498627,197.666779,-1072.95374,-0.940820634,0.239926219,-0.235533953,-0.0426123552
3526,0,54b24045-e039-40ee-9ba6-824dbdc42f9e,StartingBlock,352.618164,5783.48975,1,43,43,53,7,0,0,-467.265198,203.903198,-1071.10217,-0.94083482,0.239880636,-0.235524476,-0.0426080339
3527,0,54b24045-e039-40ee-9ba6-824dbdc42f9e,StartingBlock,352.718262,5783.58984,1,43,43,53,7,0,0,-463.018005,210.115875,-1069.21899,-0.940831423,0.239882603,-0.235530302,-0.0426394753
3528,0,54b24045-e039-40ee-9ba6-824dbdc42f9e,StartingBlock,352.818359,5783.68994,1,43,43,53,7,0,0,-458.757141,216.304626,-1067.30432,-0.940836728,0.239929184,-0.235462919,-0.042632997
3529,0,54b24045-e039-40ee-9ba6-824dbdc42f9e,StartingBlock,352.918457,5783.79004,1,43,43,53,7,0,0,-454.482788,222.469254,-1065.35803,-0.940849125,0.239865959,-0.235474318,-0.0426520705
3530,0,54b24045-e039-40ee-9ba6-824dbdc42f9e,StartingBlock,353.018066,5783.88965,1,43,43,53,7,0,0,-450.195038,228.609741,-1063.38074,-0.940840483,0.239924252,-0.23545374,-0.0426278785
3531,0,54b24045-e039-40ee-9ba6-824dbdc42f9e,StartingBlock,353.118164,5783.98975,1,43,43,53,7,0,0,-445.894073,234.72583,-1061.37207,-0.940832436,0.239944726,-0.235464215,-0.0426331088
3532,0,54b24045-e039-40ee-9ba6-824dbdc42f9e,StartingBlock,353.218262,5784.08984,1,43,43,53,7,0,0,-441.580017,240.817429,-1059.33228,-0.940820098,0.23999387,-0.235463217,-0.0426323414
3533,0,54b24045-e039-40ee-9ba6-824dbdc42f9e,StartingBlock,353.318359,5784.18994,1,43,43,53,7,0,0,-437.253113,246.884369,-1057.26147,-0.940826058,0.240000203,-0.235436991,-0.0426101983
3534,0,54b24045-e039-40ee-9ba6-824dbdc42f9e,StartingBlock,353.418457,5784.29004,1,43,43,53,7,0,0,-432.913391,252.926498,-1055.15979,-0.940831602,0.239958376,-0.235458151,-0.0426086374
3535,0,54b24045-e039-40ee-9ba6-824dbdc42f9e,StartingBlock,353.518066,5784.38965,1,43,43,53,7,0,0,-428.560974,258.943695,-1053.02734,-0.940834045,0.239953324,-0.23544848,-0.0426353738
3536,0,54b24045-e039-40ee-9ba6-824dbdc42f9e,StartingBlock,353.618164,5784.48975,1,43,43,53,7,0,0,-424.196075,264.935913,-1050.86414,-0.940835774,0.239968181,-0.235425547,-0.0426384546
3537,0,54b24045-e039-40ee-9ba6-824dbdc42f9e,StartingBlock,353.718262,5784.58984,1,43,43,53,7,0,0,-419.818878,270.902954,-1048.67041,-0.940835059,0.239965051,-0.23542957,-0.0426517352
3538,0,54b24045-e039-40ee-9ba6-824dbdc42f9e,StartingBlock,353.818359,5784.68994,1,43,43,53,7,0,0,-415.429474,276.844604,-1046.44617,-0.940804541,0.240054876,-0.235468939,-0.0426010601
3539,0,54b24045-e039-40ee-9ba6-824dbdc42f9e,StartingBlock,353.918457,5784.79004,1,43,43,53,7,0,0,-411.028015,282.760773,-1044.19153,-0.940822899,0.239957392,-0.235491335,-0.0426212884
3540,0,54b24045-e039-40ee-9ba6-824dbdc42f9e,StartingBlock,354.018066,5784.88965,1,43,43,53,7,0,0,-406.614685,288.651398,-1041.90686,-0.940804839,0.240048498,-0.235475153,-0.0425964221
3541,0,54b24045-e039-40ee-9ba6-824dbdc42f9e,StartingBlock,354.118164,5784.98975,1,43,43,53,7,0,0,-402.189545,294.516235,-1039.59192,-0.940807402,0.240018845,-0.235489458,-0.0426279008
3542,0,54b24045-e039-40ee-9ba6-824dbdc42f9e,StartingBlock,354.218262,5785.08984,1,43,43,53,7,0,0,-397.752838,300.355225,-1037.24695,-0.940821946,0.239998758,-0.235451192,-0.0426303111
3543,0,54b24045-e039-40ee-9ba6-824dbdc42f9e,StartingBlock,354.318359,5785.18994,1,43,43,53,7,0,0,-393.304688,306.168274,-1034.87207,-0.940816939,0.240020096,-0.235449314,-0.0426313728
3544,0,54b24045-e039-40ee-9ba6-824dbdc42f9e,StartingBlock,354.418457,5785.29004,1,43,43,53,7,0,0,-388.845154,311.95517,-1032.46753,-0.940809011,0.240048975,-0.235455826,-0.0426075794
3545,0,54b24045-e039-40ee-9ba6-824dbdc42f9e,StartingBlock,354.518066,5785.38965,1,43,43,53,7,0,0,-384.37442,317.715851,-1030.0332,-0.940820217,0.240002498,-0.235450625,-0.0426513441
3546,0,54b24045-e039-40ee-9ba6-824dbdc42f9e,StartingBlock,354.618164,5785.48975,1,43,43,53,7,0,0,-379.892731,323.450165,-1027.56934,-0.940808415,0.240038574,-0.235463127,-0.0426415876
3547,0,54b24045-e039-40ee-9ba6-824dbdc42f9e,StartingBlock,354.718262,5785.58984,1,43,43,53,7,0,0,-375.400146,329.15799,-1025.07605,-0.940810144,0.240064606,-0.235430151,-0.0426385254
3548,0,54b24045-e039-40ee-9ba6-824dbdc42f9e,StartingBlock,354.818359,5785.68994,1,43,43,53,7,0,0,-370.896759,334.839203,-1022.55341,-0.940812528,0.240044639,-0.23544012,-0.042642612
3549,0,54b24045-e039-40ee-9ba6-824dbdc42f9e,StartingBlock,354.918457,5785.79004,1,43,43,53,7,0,0,-366.382782,340.493713,-1020.00159,-0.940821409,0.240042418,-0.235407829,-0.0426377468
3550,0,54b24045-e039-40ee-9ba6-824dbdc42f9e,StartingBlock,355.018066,5785.88965,1,43,43,53,7,0,0,-361.858398,346.121307,-1017.42059,-0.940807939,0.240072712,-0.235429391,-0.0426450633
3551,0,54b24045-e039-40ee-9ba6-824dbdc42f9e,StartingBlock,355.118164,5785.98975,1,43,43,53,7,0,0,-357.323669,351.721985,-1014.81067,-0.940803766,0.240090638,-0.235427856,-0.0426439643
3552,0,54b24045-e039-40ee-9ba6-824dbdc42f9e,StartingBlock,355.218262,5786.08984,1,43,43,53,7,0,0,-352.778748,357.295532,-1012.17188,-0.940807104,0.240082413,-0.235423744,-0.0426392816
3553,0,54b24045-e039-40ee-9ba6-824dbdc42f9e,StartingBlock,355.318359,5786.18994,1,43,43,53,7,0,0,-348.223846,362.841919,-1009.50439,-0.940798223,0.240084544,-0.235451162,-0.0426719524
3554,0,54b24045-e039-40ee-9ba6-824dbdc42f9e,StartingBlock,355.418457,5786.29004,1,43,43,53,7,0,0,-343.659088,368.360901,-1006.80823,-0.940790653,0.240116641,-0.235451117,-0.0426579788
3555,0,54b24045-e039-40ee-9ba6-824dbdc42f9e,StartingBlock,355.518066,5786.38965,1,43,43,53,7,0,0,-339.084564,373.852509,-1004.08356,-0.940790951,0.240112528,-0.235452324,-0.0426676683
3556,0,54b24045-e039-40ee-9ba6-824dbdc42f9e,StartingBlock,355.618164,5786.48975,1,43,43,53,7,0,0,-334.500458,379.316559,-1001.33051,-0.940777779,0.240179509,-0.235440224,-0.0426492691
3557,0,54b24045-e039-40ee-9ba6-824dbdc42f9e,StartingBlock,355.718262,5786.58984,1,43,43,53,7,0,0,-329.906921,384.752899,-998.549255,-0.940784991,0.240135059,-0.235456556,-0.0426505581
3558,0,54b24045-e039-40ee-9ba6-824dbdc42f9e,StartingBlock,355.818359,5786.68994,1,43,43,53,7,0,0,-325.304077,390.161469,-995.739746,-0.940787435,0.240127683,-0.235451818,-0.0426623747
3559,0,54b24045-e039-40ee-9ba6-824dbdc42f9e,StartingBlock,355.918457,5786.79004,1,43,43,53,7,0,0,-320.692078,395.542175,-992.902283,-0.940782726,0.240144491,-0.235455945,-0.0426512137
3560,0,54b24045-e039-40ee-9ba6-824dbdc42f9e,StartingBlock,356.018066,5786.88965,1,43,43,53,7,0,0,-316.071075,400.894836,-990.036926,-0.940778911,0.240157336,-0.235455826,-0.0426619761
3561,0,54b24045-e039-40ee-9ba6-824dbdc42f9e,StartingBlock,356.118164,5786.98975,1,43,43,53,7,0,0,-311.441193,406.219391,-987.143799,-0.94077909,0.2401627,-0.235449165,-0.0426661931
3562,0,54b24045-e039-40ee-9ba6-824dbdc42f9e,StartingBlock,356.218262,5787.08984,1,43,43,53,7,0,0,-306.802582,411.515747,-984.222961,-0.940783381,0.240147874,-0.23544611,-0.0426720716
3563,0,54b24045-e039-40ee-9ba6-824dbdc42f9e,StartingBlock,356.318359,5787.18994,1,43,43,53,7,0,0,-302.155365,416.783783,-981.274658,-0.940781116,0.240168557,-0.235438064,-0.0426488221
3564,0,54b24045-e039-40ee-9ba6-824dbdc42f9e,StartingBlock,356.418457,5787.29004,1,43,43,53,7,0,0,-297.499725,422.023407,-978.298889,-0.940782309,0.240161642,-0.235438809,-0.0426574871
3565,0,54b24045-e039-40ee-9ba6-824dbdc42f9e,StartingBlock,356.518066,5787.38965,1,43,43,53,7,0,0,-292.835754,427.234436,-975.295837,-0.9407776,0.240161672,-0.235452592,-0.0426845178
3566,0,54b24045-e039-40ee-9ba6-824dbdc42f9e,StartingBlock,356.618164,5787.48975,1,43,43,53,7,0,0,-288.163635,432.41687,-972.265564,-0.940770328,0.240185484,-0.235457063,-0.0426854044
3567,0,54b24045-e039-40ee-9ba6-824dbdc42f9e,StartingBlock,356.718262,5787.58984,1,43,43,53,7,0,0,-283.48349,437.570557,-969.208313,-0.940766215,0.240216255,-0.235445872,-0.0426650532
3568,0,54b24045-e039-40ee-9ba6-824dbdc42f9e,StartingBlock,356.818359,5787.68994,1,43,43,53,7,0,0,-278.795471,442.695374,-966.124207,-0.940770864,0.240200445,-0.235441372,-0.0426782556
3569,0,54b24045-e039-40ee-9ba6-824dbdc42f9e,StartingBlock,356.918457,5787.79004,1,43,43,53,7,0,0,-274.099762,447.791321,-963.013306,-0.940762401,0.240231067,-0.235446587,-0.0426631942
3570,0,54b24045-e039-40ee-9ba6-824dbdc42f9e,StartingBlock,357.018066,5787.88965,1,43,43,53,7,0,0,-269.396423,452.858154,-959.875671,-0.940765798,0.240215898,-0.235444695,-0.0426836722
3571,0,54b24045-e039-40ee-9ba6-824dbdc42f9e,StartingBlock,357.118164,5787.98975,1,43,43,53,7,0,0,-264.685638,457.895905,-956.711548,-0.940758884,0.240246654,-0.235442132,-0.0426770113
3572,0,54b24045-e039-40ee-9ba6-824dbdc42f9e,StartingBlock,357.218262,5788.08984,1,43,43,53,7,0,0,-259.967529,462.904449,-953.520996,-0.940762877,0.240218043,-0.235452935,-0.0426911935
3573,0,54b24045-e039-40ee-9ba6-824dbdc42f9e,StartingBlock,357.318359,5788.18994,1,43,43,53,7,0,0,-255.242279,467.883575,-950.304077,-0.940754294,0.24024184,-0.235463843,-0.0426857471
3574,0,54b24045-e039-40ee-9ba6-824dbdc42f9e,StartingBlock,357.418457,5788.29004,1,43,43,53,7,0,0,-250.510025,472.833405,-947.061096,-0.940756261,0.24024947,-0.23544921,-0.0426808633
3575,0,54b24045-e039-40ee-9ba6-824dbdc42f9e,StartingBlock,357.518066,5788.38965,1,43,43,53,7,0,0,-245.770859,477.753662,-943.792053,-0.940756738,0.240255252,-0.23544322,-0.0426696762
3576,0,54b24045-e039-40ee-9ba6-824dbdc42f9e,StartingBlock,357.618164,5788.48975,1,43,43,53,7,0,0,-241.024902,482.644318,-940.497131,-0.940752685,0.240280032,-0.235434934,-0.0426642038
3577,0,54b24045-e039-40ee-9ba6-824dbdc42f9e,StartingBlock,357.718262,5788.58984,1,43,43,53,7,0,0,-236.272339,487.50528,-937.176453,-0.940749705,0.240296438,-0.235427931,-0.0426787287
3578,0,54b24045-e039-40ee-9ba6-824dbdc42f9e,StartingBlock,357.818359,5788.68994,1,43,43,53,7,0,0,-231.513321,492.336487,-933.830078,-0.940754175,0.2402578,-0.235445693,-0.0426981002
3579,0,54b24045-e039-40ee-9ba6-824dbdc42f9e,StartingBlock,357.918457,5788.79004,1,43,43,53,7,0,0,-226.747955,497.137848,-930.458191,-0.940746069,0.240283772,-0.2354545,-0.0426829979
3580,0,54b24045-e039-40ee-9ba6-824dbdc42f9e,StartingBlock,358.018066,5788.88965,1,43,43,53,7,0,0,-221.976425,501.90918,-927.060913,-0.94074446,0.240292326,-0.235454023,-0.0426721796
3581,0,54b24045-e039-40ee-9ba6-824dbdc42f9e,StartingBlock,358.118164,5788.98975,1,43,43,53,7,0,0,-217.198837,506.650482,-923.638367,-0.940739751,0.240311012,-0.235455945,-0.0426595397
3582,0,54b24045-e039-40ee-9ba6-824dbdc42f9e,StartingBlock,358.218262,5789.08984,1,43,43,53,7,0,0,-212.415314,511.361603,-920.190674,-0.940741658,0.240299717,-0.23545672,-0.0426779799
3583,0,54b24045-e039-40ee-9ba6-824dbdc42f9e,StartingBlock,358.318359,5789.18994,1,43,43,53,7,0,0,-207.626022,516.042542,-916.717957,-0.940734684,0.240336299,-0.235447183,-0.0426764227
3584,0,54b24045-e039-40ee-9ba6-824dbdc42f9e,StartingBlock,358.418457,5789.29004,1,43,43,53,7,0,0,-202.831085,520.693115,-913.220398,-0.940729916,0.240307257,-0.235496074,-0.0426753424
3585,0,54b24045-e039-40ee-9ba6-824dbdc42f9e,StartingBlock,358.518066,5789.38965,1,43,43,53,7,0,0,-198.03067,525.313416,-909.69812,-0.940722525,0.240341172,-0.235490292,-0.0426793508
3586,0,54b24045-e039-40ee-9ba6-824dbdc42f9e,StartingBlock,358.618164,5789.48975,1,43,43,53,7,0,0,-193.224854,529.90332,-906.151245,-0.940720499,0.24035573,-0.235484838,-0.0426745899
3587,0,54b24045-e039-40ee-9ba6-824dbdc42f9e,StartingBlock,358.718262,5789.58984,1,43,43,53,7,0,0,-188.413849,534.462524,-902.579895,-0.940718412,0.240368336,-0.235479832,-0.042675212
3588,0,54b24045-e039-40ee-9ba6-824dbdc42f9e,StartingBlock,358.818359,5789.68994,1,43,43,53,7,0,0,-183.597748,538.99115,-898.984192,-0.940719545,0.240357652,-0.235488787,-0.0426629335
3589,0,54b24045-e039-40ee-9ba6-824dbdc42f9e,StartingBlock,358.918457,5789.79004,1,43,43,53,7,0,0,-178.776672,543.489075,-895.364136,-0.940721154,0.24035731,-0.235482112,-0.0426650234
3590,0,54b24045-e039-40ee-9ba6-824dbdc42f9e,StartingBlock,359.018066,5789.88965,1,43,43,53,7,0,0,-173.950806,547.956238,-891.720154,-0.940714359,0.240386054,-0.235483333,-0.0426460169
3591,0,54b24045-e039-40ee-9ba6-824dbdc42f9e,StartingBlock,359.118164,5789.98975,1,43,43,53,7,0,0,-169.12027,552.392456,-888.052185,-0.940717161,0.240368545,-0.235487223,-0.0426603034
3592,0,54b24045-e039-40ee-9ba6-824dbdc42f9e,StartingBlock,359.218262,5790.08984,1,43,43,53,7,0,0,-164.285202,556.797791,-884.360352,-0.940718114,0.240371004,-0.235481128,-0.0426602587
3593,0,54b24045-e039-40ee-9ba6-824dbdc42f9e,StartingBlock,359.318359,5790.18994,1,43,43,53,7,0,0,-159.445709,561.17218,-880.644836,-0.940722704,0.240366936,-0.235469326,-0.0426455848
3594,0,54b24045-e039-40ee-9ba6-824dbdc42f9e,StartingBlock,359.418457,5790.29004,1,43,43,53,7,0,0,-154.601929,565.515503,-876.905762,-0.940720201,0.240394622,-0.235447869,-0.0426650643
3595,0,54b24045-e039-40ee-9ba6-824dbdc42f9e,StartingBlock,359.518066,5790.38965,1,43,43,53,7,0,0,-149.754013,569.827576,-873.143188,-0.940716982,0.240419343,-0.235436887,-0.0426568948
3596,0,54b24045-e039-40ee-9ba6-824dbdc42f9e,StartingBlock,359.618164,5790.48975,1,43,43,53,7,0,0,-144.902115,574.108459,-869.357422,-0.940709591,0.240439162,-0.235446304,-0.0426568277
3597,0,54b24045-e039-40ee-9ba6-824dbdc42f9e,StartingBlock,359.718262,5790.58984,1,43,43,53,7,0,0,-140.046341,578.358032,-865.548462,-0.940712929,0.240428418,-0.235444307,-0.0426533855
3598,0,54b24045-e039-40ee-9ba6-824dbdc42f9e,StartingBlock,359.818359,5790.68994,1,43,43,53,7,0,0,-135.186844,582.576233,-861.716553,-0.940708637,0.24043709,-0.235451728,-0.0426600166
3599,0,54b24045-e039-40ee-9ba6-824dbdc42f9e,StartingBlock,359.918457,5790.79004,1,43,43,53,7,0,0,-130.323761,586.763123,-857.861694,-0.940707862,0.24044393,-0.235445693,-0.0426697135
3600,0,54b24045-e039-40ee-9ba6-824dbdc42f9e,StartingBlock,360.018066,5790.88965,1,43,43,53,7,0,0,-125.457191,590.918396,-853.984009,-0.940721691,0.240413293,-0.23542206,-0.0426690206
3601,0,54b24045-e039-40ee-9ba6-824dbdc42f9e,StartingBlock,360.118164,5790.98975,1,43,43,53,7,0,0,-120.587288,595.042114,-850.083801,-0.940710306,0.240451679,-0.235428274,-0.0426693372
3602,0,54b24045-e039-40ee-9ba6-824dbdc42f9e,StartingBlock,360.218262,5791.08984,1,43,43,53,7,0,0,-115.714188,599.134216,-846.161072,-0.940696836,0.24048613,-0.235447273,-0.042666547
3603,0,54b24045-e039-40ee-9ba6-824dbdc42f9e,StartingBlock,360.318359,5791.18994,1,43,43,53,7,0,0,-110.838043,603.194702,-842.215942,-0.940706372,0.240446255,-0.235449269,-0.0426695198
3604,0,54b24045-e039-40ee-9ba6-824dbdc42f9e,StartingBlock,360.418457,5791.29004,1,43,43,53,7,0,0,-105.958923,607.223328,-838.248657,-0.940708339,0.240439534,-0.235445261,-0.0426874906
3605,0,54b24045-e039-40ee-9ba6-824dbdc42f9e,StartingBlock,360.518066,5791.38965,1,43,43,53,7,0,0,-101.077034,611.220215,-834.259277,-0.940701902,0.240464255,-0.23544699,-0.0426811576
3606,0,54b24045-e039-40ee-9ba6-824dbdc42f9e,StartingBlock,360.618164,5791.48975,1,43,43,53,7,0,0,-96.1924744,615.185242,-830.247986,-0.940697908,0.240507036,-0.235420629,-0.04267269
3607,0,54b24045-e039-40ee-9ba6-824dbdc42f9e,StartingBlock,360.718262,5791.58984,1,43,43,53,7,0,0,-91.3053665,619.118225,-826.214783,-0.940695703,0.240511626,-0.235423818,-0.0426774994
3608,0,54b24045-e039-40ee-9ba6-824dbdc42f9e,StartingBlock,360.818359,5791.68994,1,43,43,53,7,0,0,-86.4158554,623.019226,-822.159973,-0.94069159,0.240525156,-0.235426947,-0.0426754355
3609,0,54b24045-e039-40ee-9ba6-824dbdc42f9e,StartingBlock,360.918457,5791.79004,1,43,43,53,7,0,0,-81.5240631,626.888184,-818.083557,-0.940698147,0.240505785,-0.235417292,-0.042693276
3610,0,54b24045-e039-40ee-9ba6-824dbdc42f9e,StartingBlock,361.018066,5791.88965,1,43,43,53,7,0,0,-76.6301651,630.725159,-813.98584,-0.940698326,0.240505114,-0.235421807,-0.042668473
3611,0,54b24045-e039-40ee-9ba6-824dbdc42f9e,StartingBlock,361.118164,5791.98975,1,43,43,53,7,0,0,-71.7342377,634.529785,-809.86676,-0.940695286,0.240518481,-0.235420972,-0.0426641032
3612,0,54b24045-e039-40ee-9ba6-824dbdc42f9e,StartingBlock,361.218262,5792.08984,1,43,43,53,7,0,0,-66.8364334,638.302246,-805.726624,-0.940687299,0.240536928,-0.23543562,-0.0426558368
3613,0,54b24045-e039-40ee-9ba6-824dbdc42f9e,StartingBlock,361.318359,5792.18994,1,43,43,53,7,0,0,-61.9368935,642.042358,-801.565491,-0.940693974,0.240492016,-0.235455245,-0.0426545478
3614,0,54b24045-e039-40ee-9ba6-824dbdc42f9e,StartingBlock,361.418457,5792.29004,1,43,43,53,7,0,0,-57.0356865,645.750122,-797.383423,-0.940682352,0.240539029,-0.235452861,-0.0426587351
3615,0,54b24045-e039-40ee-9ba6-824dbdc42f9e,StartingBlock,361.518066,5792.38965,1,43,43,53,7,0,0,-52.1330299,649.425537,-793.180664,-0.940689087,0.240526631,-0.235439748,-0.042650789
3616,0,54b24045-e039-40ee-9ba6-824dbdc42f9e,StartingBlock,361.618164,5792.48975,1,43,43,53,7,0,0,-47.2290306,653.06842,-788.957275,-0.940688372,0.240504593,-0.235465735,-0.0426487923
3617,0,54b24045-e039-40ee-9ba6-824dbdc42f9e,StartingBlock,361.718262,5792.58984,1,43,43,53,7,0,0,-42.3237572,656.678894,-784.71344,-0.940694094,0.240483314,-0.235463172,-0.042656336
3618,0,54b24045-e039-40ee-9ba6-824dbdc42f9e,StartingBlock,361.818359,5792.68994,1,43,43,53,7,0,0,-37.4173813,660.256775,-780.449402,-0.940685332,0.240532458,-0.235449255,-0.0426492579
3619,0,54b24045-e039-40ee-9ba6-824dbdc42f9e,StartingBlock,361.918457,5792.79004,1,43,43,53,7,0,0,-32.5100479,663.802185,-776.165039,-0.940686941,0.240520135,-0.235457048,-0.0426411517
3620,0,54b24045-e039-40ee-9ba6-824dbdc42f9e,StartingBlock,362.018066,5792.88965,1,43,43,53,7,0,0,-27.6018581,667.31488,-771.860718,-0.940686166,0.240537316,-0.235442251,-0.0426413044
3621,0,54b24045-e039-40ee-9ba6-824dbdc42f9e,StartingBlock,362.118164,5792.98975,1,43,43,53,7,0,0,-22.6929417,670.794861,-767.536438,-0.940682828,0.240549117,-0.235444009,-0.0426403172
3622,0,54b24045-e039-40ee-9ba6-824dbdc42f9e,StartingBlock,362.218262,5793.08984,1,43,43,53,7,0,0,-17.7834206,674.242004,-763.192383,-0.940685749,0.240546703,-0.235433489,-0.0426472127
3623,0,54b24045-e039-40ee-9ba6-824dbdc42f9e,StartingBlock,362.318359,5793.18994,1,43,43,53,7,0,0,-12.873455,677.656494,-758.828735,-0.940683246,0.240542695,-0.235448942,-0.0426392443
3624,0,54b24045-e039-40ee-9ba6-824dbdc42f9e,StartingBlock,362.418457,5793.29004,1,43,43,53,7,0,0,-7.96314669,681.038086,-754.445618,-0.940690279,0.240531251,-0.235431507,-0.0426434949
3625,0,54b24045-e039-40ee-9ba6-824dbdc42f9e,StartingBlock,362.518066,5793.38965,1,43,43,53,7,0,0,-3.05260611,684.38678,-750.043091,-0.940701306,0.240482271,-0.235434994,-0.0426600091
3626,0,54b24045-e039-40ee-9ba6-824dbdc42f9e,StartingBlock,362.618164,5793.48975,1,43,43,53,7,0,0,1.85801303,687.702637,-745.62146,-0.940693498,0.240529001,-0.235420287,-0.0426481105
3627,0,54b24045-e039-40ee-9ba6-824dbdc42f9e,StartingBlock,362.718262,5793.58984,1,43,43,53,7,0,0,6.76859856,690.985535,-741.180603,-0.940696776,0.240511432,-0.235424638,-0.0426523387
3628,0,54b24045-e039-40ee-9ba6-824dbdc42f9e,StartingBlock,362.818359,5793.68994,1,43,43,53,7,0,0,11.6790285,694.235413,-736.720825,-0.940701902,0.24049221,-0.235423386,-0.0426544733
3629,0,54b24045-e039-40ee-9ba6-824dbdc42f9e,StartingBlock,362.918457,5793.79004,1,43,43,53,7,0,0,16.5891571,697.452209,-732.24231,-0.940695286,0.240526453,-0.235417113,-0.0426412895
3630,0,54b24045-e039-40ee-9ba6-824dbdc42f9e,StartingBlock,363.018066,5793.88965,1,43,43,53,7,0,0,21.4988956,700.636047,-727.745056,-0.940686166,0.240560636,-0.235418931,-0.0426402241
3631,0,54b24045-e039-40ee-9ba6-824dbdc42f9e,StartingBlock,363.118164,5793.98975,1,43,43,53,7,0,0,26.408083,703.786682,-723.229248,-0.940694273,0.240546852,-0.235399812,-0.0426443927
3632,0,54b24045-e039-40ee-9ba6-824dbdc42f9e,StartingBlock,363.218262,5794.08984,1,43,43,53,7,0,0,31.316618,706.904236,-718.69519,-0.940690517,0.240567982,-0.235394061,-0.0426400192
3633,0,54b24045-e039-40ee-9ba6-824dbdc42f9e,StartingBlock,363.318359,5794.18994,1,43,43,53,7,0,0,36.2243652,709.988525,-714.142761,-0.940695703,0.240547419,-0.235392615,-0.0426494554
3634,0,54b24045-e039-40ee-9ba6-824dbdc42f9e,StartingBlock,363.418457,5794.29004,1,43,43,53,7,0,0,41.1312103,713.039612,-709.572327,-0.940691829,0.240572333,-0.235385343,-0.0426337793
3635,0,54b24045-e039-40ee-9ba6-824dbdc42f9e,StartingBlock,363.518066,5794.38965,1,43,43,53,7,0,0,46.0370407,716.057373,-704.983765,-0.940691888,0.240579247,-0.235376716,-0.0426420197
3636,0,54b24045-e039-40ee-9ba6-824dbdc42f9e,StartingBlock,363.618164,5794.48975,1,43,43,53,7,0,0,50.9416885,719.041809,-700.377502,-0.940694392,0.240559027,-0.2353881,-0.0426372252
3637,0,54b24045-e039-40ee-9ba6-824dbdc42f9e,StartingBlock,363.718262,5794.58984,1,43,43,53,7,0,0,55.8450851,721.992981,-695.753418,-0.94068259,0.240614906,-0.235379696,-0.0426291078
3638,0,54b24045-e039-40ee-9ba6-824dbdc42f9e,StartingBlock,363.818359,5794.68994,1,43,43,53,7,0,0,60.7470894,724.910706,-691.111816,-0.940688908,0.240589291,-0.235381007,-0.0426267534
3639,0,54b24045-e039-40ee-9ba6-824dbdc42f9e,StartingBlock,363.918457,5794.79004,1,43,43,53,7,0,0,65.6475601,727.795044,-686.452881,-0.940685093,0.240613639,-0.235374659,-0.0426076539
3640,0,54b24045-e039-40ee-9ba6-824dbdc42f9e,StartingBlock,364.018066,5794.88965,1,43,43,53,7,0,0,70.5463867,730.645996,-681.77655,-0.940679133,0.240624964,-0.235386446,-0.042611029
3641,0,54b24045-e039-40ee-9ba6-824dbdc42f9e,StartingBlock,364.118164,5794.98975,1,43,43,53,7,0,0,75.4434586,733.463501,-677.08313,-0.940678596,0.240635172,-0.235379577,-0.0426024012
3642,0,54b24045-e039-40ee-9ba6-824dbdc42f9e,StartingBlock,364.218262,5795.08984,1,43,43,53,7,0,0,80.3386307,736.24762,-672.372681,-0.940695405,0.240568206,-0.235379934,-0.0426076241
3643,0,54b24045-e039-40ee-9ba6-824dbdc42f9e,StartingBlock,364.318359,5795.18994,1,43,43,53,7,0,0,85.2318344,738.997986,-667.645386,-0.940686166,0.240604118,-0.235379726,-0.0426089428
3644,0,54b24045-e039-40ee-9ba6-824dbdc42f9e,StartingBlock,364.418457,5795.29004,1,43,43,53,7,0,0,90.1228943,741.714966,-662.901367,-0.940679312,0.240637034,-0.235375345,-0.0426007919
3645,0,54b24045-e039-40ee-9ba6-824dbdc42f9e,StartingBlock,364.518066,5795.38965,1,43,43,53,7,0,0,95.0116882,744.398315,-658.140747,-0.940681159,0.240629166,-0.235377237,-0.0425929129
3646,0,54b24045-e039-40ee-9ba6-824dbdc42f9e,StartingBlock,364.618164,5795.48975,1,43,43,53,7,0,0,99.8981628,747.048157,-653.363708,-0.940683424,0.240604237,-0.235393852,-0.042592898
3647,0,54b24045-e039-40ee-9ba6-824dbdc42f9e,StartingBlock,364.718262,5795.58984,1,43,43,53,7,0,0,104.78215,749.664246,-648.570374,-0.940670967,0.240640357,-0.235408321,-0.0425842479
3648,0,54b24045-e039-40ee-9ba6-824dbdc42f9e,StartingBlock,364.818359,5795.68994,1,43,43,53,7,0,0,109.663521,752.246765,-643.760803,-0.940670371,0.240638256,-0.235413253,-0.0425821878
3649,0,54b24045-e039-40ee-9ba6-824dbdc42f9e,StartingBlock,364.918457,5795.79004,1,43,43,53,7,0,0,114.542191,754.795593,-638.935181,-0.940674126,0.240617469,-0.235418439,-0.0425877273
3650,0,54b24045-e039-40ee-9ba6-824dbdc42f9e,StartingBlock,365.018066,5795.88965,1,43,43,53,7,0,0,119.418022,757.310669,-634.09375,-0.940668225,0.240637973,-0.235421255,-0.0425856672
3651,0,54b24045-e039-40ee-9ba6-824dbdc42f9e,StartingBlock,365.118164,5795.98975,1,43,43,53,7,0,0,124.290894,759.792053,-629.236511,-0.940665483,0.240643114,-0.235428438,-0.0425777957
3652,0,54b24045-e039-40ee-9ba6-824dbdc42f9e,StartingBlock,365.218262,5796.08984,1,43,43,53,7,0,0,129.160706,762.239685,-624.363647,-0.940661907,0.240648061,-0.23543863,-0.0425716899
3653,0,54b24045-e039-40ee-9ba6-824dbdc42f9e,StartingBlock,365.318359,5796.18994,1,43,43,53,7,0,0,134.027344,764.653625,-619.475342,-0.940671563,0.240642235,-0.235406071,-0.0425709523
3654,0,54b24045-e039-40ee-9ba6-824dbdc42f9e,StartingBlock,365.418457,5796.29004,1,43,43,53,7,0,0,138.890656,767.03363,-614.571716,-0.940669894,0.24065426,-0.235399306,-0.0425774641
3655,0,54b24045-e039-40ee-9ba6-824dbdc42f9e,StartingBlock,365.518066,5796.38965,1,43,43,53,7,0,0,143.750549,769.379944,-609.652832,-0.940676212,0.240630478,-0.235399336,-0.042573262
3656,0,54b24045-e039-40ee-9ba6-824dbdc42f9e,StartingBlock,365.618164,5796.48975,1,43,43,53,7,0,0,148.606934,771.692444,-604.718872,-0.940672219,0.240651429,-0.235392392,-0.0425818674
3657,0,54b24045-e039-40ee-9ba6-824dbdc42f9e,StartingBlock,365.718262,5796.58984,1,43,43,53,7,0,0,153.459641,773.971069,-599.770081,-0.940671742,0.240679279,-0.235367507,-0.0425705872
3658,0,54b24045-e039-40ee-9ba6-824dbdc42f9e,StartingBlock,365.818359,5796.68994,1,43,43,53,7,0,0,158.308594,776.21582,-594.806458,-0.940675676,0.240662009,-0.235370353,-0.0425662659
3659,0,54b24045-e039-40ee-9ba6-824dbdc42f9e,StartingBlock,365.918457,5796.79004,1,43,43,53,7,0,0,163.153656,778.426758,-589.828186,-0.940681338,0.240644485,-0.235363752,-0.0425783508
3660,0,54b24045-e039-40ee-9ba6-824dbdc42f9e,StartingBlock,366.018066,5796.88965,1,43,43,53,7,0,0,167.994705,780.60376,-584.835388,-0.940681338,0.240661114,-0.235348821,-0.0425659604
3661,0,54b24045-e039-40ee-9ba6-824dbdc42f9e,StartingBlock,366.118164,5796.98975,1,43,43,53,7,0,0,172.83168,782.747009,-579.828247,-0.940673888,0.240665555,-0.235374361,-0.0425635539
3662,0,54b24045-e039-40ee-9ba6-824dbdc42f9e,StartingBlock,366.218262,5797.08984,1,43,43,53,7,0,0,177.664429,784.856201,-574.806885,-0.940686762,0.240615532,-0.235374451,-0.0425625443
3663,0,54b24045-e039-40ee-9ba6-824dbdc42f9e,StartingBlock,366.318359,5797.18994,1,43,43,53,7,0,0,182.492798,786.931396,-569.771484,-0.940687656,0.24062264,-0.235365182,-0.042553369
3664,0,54b24045-e039-40ee-9ba6-824dbdc42f9e,StartingBlock,366.418457,5797.29004,1,43,43,53,7,0,0,187.316742,788.972717,-564.722107,-0.940683722,0.240642384,-0.235360369,-0.0425542891
3665,0,54b24045-e039-40ee-9ba6-824dbdc42f9e,StartingBlock,366.518066,5797.38965,1,43,43,53,7,0,0,192.136124,790.980103,-559.658936,-0.940678596,0.240678638,-0.23534447,-0.0425512455
3666,0,54b24045-e039-40ee-9ba6-824dbdc42f9e,StartingBlock,366.618164,5797.48975,1,43,43,53,7,0,0,196.950821,792.953491,-554.582092,-0.940676153,0.240690634,-0.235344231,-0.0425370969
3667,0,54b24045-e039-40ee-9ba6-824dbdc42f9e,StartingBlock,366.718262,5797.58984,1,43,43,53,7,0,0,201.760757,794.893005,-549.491699,-0.940684438,0.24065116,-0.235347658,-0.0425595529
3668,0,54b24045-e039-40ee-9ba6-824dbdc42f9e,StartingBlock,366.818359,5797.68994,1,43,43,53,7,0,0,206.565765,796.798401,-544.387878,-0.94068861,0.240641877,-0.235341594,-0.0425524786
3669,0,54b24045-e039-40ee-9ba6-824dbdc42f9e,StartingBlock,366.918457,5797.79004,1,43,43,53,7,0,0,211.365753,798.669922,-539.270874,-0.9406901,0.240634084,-0.235345349,-0.0425439179
3670,0,54b24045-e039-40ee-9ba6-824dbdc42f9e,StartingBlock,367.018066,5797.88965,1,43,43,53,7,0,0,216.160645,800.507324,-534.140747,-0.940680206,0.240666822,-0.235352248,-0.0425395183
3671,0,54b24045-e039-40ee-9ba6-824dbdc42f9e,StartingBlock,367.118164,5797.98975,1,43,43,53,7,0,0,220.950333,802.310791,-528.997559,-0.940681279,0.240646839,-0.235367253,-0.042546235
3672,0,54b24045-e039-40ee-9ba6-824dbdc42f9e,StartingBlock,367.218262,5798.08984,1,43,43,53,7,0,0,225.734634,804.080322,-523.841614,-0.940684378,0.240636408,-0.235364884,-0.0425481871
3673,0,54b24045-e039-40ee-9ba6-824dbdc42f9e,StartingBlock,367.318359,5798.18994,1,43,43,53,7,0,0,230.513504,805.815735,-518.672974,-0.940682054,0.240650743,-0.235360965,-0.0425421223
3674,0,54b24045-e039-40ee-9ba6-824dbdc42f9e,StartingBlock,367.418457,5798.29004,1,43,43,53,7,0,0,235.286819,807.51709,-513.49176,-0.940676987,0.240666285,-0.235367298,-0.0425301604
3675,0,54b24045-e039-40ee-9ba6-824dbdc42f9e,StartingBlock,367.518066,5798.38965,1,43,43,53,7,0,0,240.054443,809.184509,-508.298126,-0.940681398,0.240671024,-0.235347196,-0.0425174907
3676,0,54b24045-e039-40ee-9ba6-824dbdc42f9e,StartingBlock,367.618164,5798.48975,1,43,43,53,7,0,0,244.816315,810.817871,-503.092224,-0.940682709,0.240651235,-0.235360488,-0.0425270535
3677,0,54b24045-e039-40ee-9ba6-824dbdc42f9e,StartingBlock,367.718262,5798.58984,1,43,43,53,7,0,0,249.572296,812.417114,-497.874146,-0.940682054,0.240664124,-0.235350966,-0.04251948
3678,0,54b24045-e039-40ee-9ba6-824dbdc42f9e,StartingBlock,367.818359,5798.68994,1,43,43,53,7,0,0,254.32225,813.982361,-492.644104,-0.940679252,0.240674406,-0.235351011,-0.0425234102
3679,0,54b24045-e039-40ee-9ba6-824dbdc42f9e,StartingBlock,367.918457,5798.79004,1,43,43,53,7,0,0,259.066132,815.51355,-487.402191,-0.940683603,0.240672529,-0.235334501,-0.0425305367
3680,0,54b24045-e039-40ee-9ba6-824dbdc42f9e,StartingBlock,368.018066,5798.88965,1,43,43,53,7,0,0,263.803802,817.010742,-482.148499,-0.94068718,0.24065505,-0.23533918,-0.0425242782
3681,0,54b24045-e039-40ee-9ba6-824dbdc42f9e,StartingBlock,368.118164,5798.98975,1,43,43,53,7,0,0,268.535126,818.473877,-476.88324,-0.940685928,0.240663812,-0.235336825,-0.0425144024
3682,0,54b24045-e039-40ee-9ba6-824dbdc42f9e,StartingBlock,368.218262,5799.08984,1,43,43,53,7,0,0,273.260071,819.902893,-471.606506,-0.940684915,0.240664601,-0.235336944,-0.0425317697
3683,0,54b24045-e039-40ee-9ba6-824dbdc42f9e,StartingBlock,368.318359,5799.18994,1,43,43,53,7,0,0,277.978455,821.297974,-466.318512,-0.940683246,0.240679532,-0.23533082,-0.0425189175
3684,0,54b24045-e039-40ee-9ba6-824dbdc42f9e,StartingBlock,368.418457,5799.29004,1,43,43,53,7,0,0,282.690186,822.658936,-461.019287,-0.940689445,0.240657642,-0.235327914,-0.0425224639
3685,0,54b24045-e039-40ee-9ba6-824dbdc42f9e,StartingBlock,368.518066,5799.38965,1,43,43,53,7,0,0,287.395203,823.985901,-455.709045,-0.940687776,0.240673795,-0.235318452,-0.0425190702
3686,0,54b24045-e039-40ee-9ba6-824dbdc42f9e,StartingBlock,368.618164,5799.48975,1,43,43,53,7,0,0,292.093353,825.27887,-450.387909,-0.94069463,0.240650862,-0.235317096,-0.0425055325
3687,0,54b24045-e039-40ee-9ba6-824dbdc42f9e,StartingBlock,368.718262,5799.58984,1,43,43,53,7,0,0,296.784576,826.537781,-445.056,-0.940698266,0.24063988,-0.235313475,-0.0425054692
3688,0,54b24045-e039-40ee-9ba6-824dbdc42f9e,StartingBlock,368.818359,5799.68994,1,43,43,53,7,0,0,301.468689,827.762634,-439.71347,-0.940697908,0.240642637,-0.235313013,-0.0425014794
3689,0,54b24045-e039-40ee-9ba6-824dbdc42f9e,StartingBlock,368.918457,5799.79004,1,43,43,53,7,0,0,306.14566,828.953491,-434.360474,-0.940699518,0.24063237,-0.235318482,-0.0424939208
3690,0,54b24045-e039-40ee-9ba6-824dbdc42f9e,StartingBlock,369.018066,5799.88965,1,43,43,53,7,0,0,310.815369,830.110291,-428.997131,-0.940691769,0.240651011,-0.235329732,-0.0424973778
3691,0,54b24045-e039-40ee-9ba6-824dbdc42f9e,StartingBlock,369.118164,5799.98975,1,43,43,53,7,0,0,315.477722,831.233154,-423.623535,-0.940694571,0.240652278,-0.235317528,-0.0424963944
3692,0,54b24045-e039-40ee-9ba6-824dbdc42f9e,StartingBlock,369.218262,5800.08984,1,43,43,53,7,0,0,320.132568,832.32196,-418.239899,-0.940696478,0.240644708,-0.235317871,-0.042494379
3693,0,54b24045-e039-40ee-9ba6-824dbdc42f9e,StartingBlock,369.318359,5800.18994,1,43,43,53,7,0,0,324.779846,833.37677,-412.846313,-0.940693855,0.240648225,-0.235325426,-0.042491857
3694,0,54b24045-e039-40ee-9ba6-824dbdc42f9e,StartingBlock,369.418457,5800.29004,1,43,43,53,7,0,0,329.419434,834.397705,-407.442932,-0.940696955,0.240652069,-0.23530826,-0.042496413
3695,0,54b24045-e039-40ee-9ba6-824dbdc42f9e,StartingBlock,369.518066,5800.38965,1,43,43,53,7,0,0,334.051239,835.384583,-402.029907,-0.940704048,0.240628749,-0.235304341,-0.0424911864
3696,0,54b24045-e039-40ee-9ba6-824dbdc42f9e,StartingBlock,369.618164,5800.48975,1,43,43,53,7,0,0,338.675171,836.337524,-396.60733,-0.940708518,0.24062103,-0.235295206,-0.0424891785
3697,0,54b24045-e039-40ee-9ba6-824dbdc42f9e,StartingBlock,369.718262,5800.58984,1,43,43,53,7,0,0,343.291077,837.25647,-391.175415,-0.940711319,0.240625247,-0.235279188,-0.0424916111
3698,0,54b24045-e039-40ee-9ba6-824dbdc42f9e,StartingBlock,369.818359,5800.68994,1,43,43,53,7,0,0,347.898926,838.141479,-385.734253,-0.940710783,0.240626782,-0.235279396,-0.042492263
3699,0,54b24045-e039-40ee-9ba6-824dbdc42f9e,StartingBlock,369.918457,5800.79004,1,43,43,53,7,0,0,352.498566,838.992554,-380.283966,-0.940709531,0.240630716,-0.2352833,-0.0424748808
3700,0,54b24045-e039-40ee-9ba6-824dbdc42f9e,StartingBlock,370.018066,5800.88965,1,43,43,53,7,0,0,357.089935,839.809692,-374.824646,-0.940716088,0.240606233,-0.235283807,-0.0424668305
3701,0,54b24045-e039-40ee-9ba6-824dbdc42f9e,StartingBlock,370.118164,5800.98975,1,43,43,53,7,0,0,361.672943,840.592957,-369.356567,-0.940709591,0.240616247,-0.235298276,-0.0424744301
3702,0,54b24045-e039-40ee-9ba6-824dbdc42f9e,StartingBlock,370.218262,5801.08984,1,43,43,53,7,0,0,366.247437,841.342285,-363.879761,-0.940705478,0.240618095,-0.23530966,-0.0424927883
3703,0,54b24045-e039-40ee-9ba6-824dbdc42f9e,StartingBlock,370.318359,5801.18994,1,43,43,53,7,0,0,370.813324,842.0578,-358.394409,-0.940706372,0.240622714,-0.235303268,-0.0424814858
3704,0,54b24045-e039-40ee-9ba6-824dbdc42f9e,StartingBlock,370.418457,5801.29004,1,43,43,53,7,0,0,375.370544,842.739319,-352.900574,-0.940713346,0.240616158,-0.235283881,-0.0424719863
3705,0,54b24045-e039-40ee-9ba6-824dbdc42f9e,StartingBlock,370.518066,5801.38965,1,43,43,53,7,0,0,379.918976,843.387085,-347.398499,-0.940713882,0.240614876,-0.23528336,-0.0424702913
3706,0,54b24045-e039-40ee-9ba6-824dbdc42f9e,StartingBlock,370.618164,5801.48975,1,43,43,53,7,0,0,384.458496,844.001038,-341.888275,-0.940708458,0.240634605,-0.235282406,-0.0424834937
3707,0,54b24045-e039-40ee-9ba6-824dbdc42f9e,StartingBlock,370.718262,5801.58984,1,43,43,53,7,0,0,388.989044,844.581116,-336.370026,-0.940714002,0.24061431,-0.235283017,-0.0424723029
3708,0,54b24045-e039-40ee-9ba6-824dbdc42f9e,StartingBlock,370.818359,5801.68994,1,43,43,53,7,0,0,393.510529,845.127441,-330.843872,-0.940715194,0.240613371,-0.235277891,-0.0424780771
3709,0,54b24045-e039-40ee-9ba6-824dbdc42f9e,StartingBlock,370.918457,5801.79004,1,43,43,53,7,0,0,398.022827,845.639954,-325.309967,-0.940724611,0.2406023,-0.235251486,-0.0424789339
3710,0,54b24045-e039-40ee-9ba6-824dbdc42f9e,StartingBlock,371.018066,5801.88965,1,43,43,53,7,0,0,402.525848,846.118713,-319.768494,-0.940724015,0.240603328,-0.235252738,-0.0424814038
3711,0,54b24045-e039-40ee-9ba6-824dbdc42f9e,StartingBlock,371.118164,5801.98975,1,43,43,53,7,0,0,407.019501,846.563721,-314.219513,-0.94072473,0.240604103,-0.23525022,-0.0424738899
3712,0,54b24045-e039-40ee-9ba6-824dbdc42f9e,StartingBlock,371.218262,5802.08984,1,43,43,53,7,0,0,411.503662,846.975037,-308.663208,-0.940729797,0.24059999,-0.235238448,-0.0424502939
3713,0,54b24045-e039-40ee-9ba6-824dbdc42f9e,StartingBlock,371.318359,5802.18994,1,43,43,53,7,0,0,415.978271,847.3526,-303.099731,-0.940729022,0.240574956,-0.23526381,-0.0424698032
3714,0,54b24045-e039-40ee-9ba6-824dbdc42f9e,StartingBlock,371.418457,5802.29004,1,43,43,53,7,0,0,420.443237,847.696533,-297.529144,-0.940730751,0.240568548,-0.235264406,-0.0424634181
3715,0,54b24045-e039-40ee-9ba6-824dbdc42f9e,StartingBlock,371.518066,5802.38965,1,43,43,53,7,0,0,424.898438,848.006653,-291.951599,-0.940723836,0.240587354,-0.235275969,-0.0424474403
3716,0,54b24045-e039-40ee-9ba6-824dbdc42f9e,StartingBlock,371.618164,5802.48975,1,43,43,53,7,0,0,429.343781,848.283203,-286.367279,-0.940720022,0.240587533,-0.235289276,-0.042454835
3717,0,54b24045-e039-40ee-9ba6-824dbdc42f9e,StartingBlock,371.718262,5802.58984,1,43,43,53,7,0,0,433.779205,848.526123,-280.776306,-0.940721929,0.24057354,-0.235298142,-0.042444136
3718,0,54b24045-e039-40ee-9ba6-824dbdc42f9e,StartingBlock,371.818359,5802.68994,1,43,43,53,7,0,0,438.20459,848.735474,-275.178833,-0.940718889,0.24058938,-0.235296279,-0.0424301401
3719,0,54b24045-e039-40ee-9ba6-824dbdc42f9e,StartingBlock,371.918457,5802.79004,1,43,43,53,7,0,0,442.619812,848.911255,-269.574951,-0.940719545,0.240574732,-0.235306993,-0.0424415618
3720,0,54b24045-e039-40ee-9ba6-824dbdc42f9e,StartingBlock,372.018066,5802.88965,1,43,43,53,7,0,0,447.024872,849.053467,-263.964813,-0.940719724,0.240573287,-0.23531045,-0.0424246006
3721,0,54b24045-e039-40ee-9ba6-824dbdc42f9e,StartingBlock,372.118164,5802.98975,1,43,43,53,7,0,0,451.419556,849.16217,-258.348572,-0.940718949,0.240575805,-0.235311627,-0.0424235798
3722,0,54b24045-e039-40ee-9ba6-824dbdc42f9e,StartingBlock,372.218262,5803.08984,1,43,43,53,7,0,0,455.803833,849.237427,-252.726349,-0.940723479,0.24055849,-0.235309839,-0.0424294583
3723,0,54b24045-e039-40ee-9ba6-824dbdc42f9e,StartingBlock,372.318359,5803.18994,1,43,43,53,7,0,0,460.177582,849.279175,-247.098297,-0.940725803,0.240552768,-0.235305905,-0.0424310081
3724,0,54b24045-e039-40ee-9ba6-824dbdc42f9e,StartingBlock,372.418457,5803.29004,1,43,43,53,7,0,0,464.540771,849.287415,-241.464478,-0.940731764,0.240538418,-0.235298187,-0.0424249582
3725,0,54b24045-e039-40ee-9ba6-824dbdc42f9e,StartingBlock,372.518066,5803.38965,1,43,43,53,7,0,0,468.89328,849.262268,-235.825089,-0.940734506,0.240532905,-0.235294163,-0.0424187072
3726,0,54b24045-e039-40ee-9ba6-824dbdc42f9e,StartingBlock,372.618164,5803.48975,1,43,43,53,7,0,0,473.235016,849.203674,-230.180237,-0.940732062,0.24055022,-0.235285893,-0.0424190946
3727,0,54b24045-e039-40ee-9ba6-824dbdc42f9e,StartingBlock,372.718262,5803.58984,1,43,43,53,7,0,0,477.565857,849.111816,-224.53006,-0.940735102,0.240542129,-0.235285178,-0.0424019806
3728,0,54b24045-e039-40ee-9ba6-824dbdc42f9e,StartingBlock,372.818359,5803.68994,1,43,43,53,7,0,0,481.885742,848.986572,-218.874741,-0.940735757,0.24053818,-0.235284716,-0.0424119681
3729,0,54b24045-e039-40ee-9ba6-824dbdc42f9e,StartingBlock,372.918457,5803.79004,1,43,43,53,7,0,0,486.19455,848.828064,-213.214386,-0.9407354,0.240538061,-0.23528412,-0.0424236692
3730,0,54b24045-e039-40ee-9ba6-824dbdc42f9e,StartingBlock,373.018066,5803.88965,1,43,43,53,7,0,0,490.492218,848.63623,-207.549133,-0.940734148,0.240536541,-0.235287786,-0.0424410552
3731,0,54b24045-e039-40ee-9ba6-824dbdc42f9e,StartingBlock,373.118164,5803.98975,1,43,43,53,7,0,0,494.778687,848.411194,-201.879059,-0.94074142,0.240522653,-0.235281333,-0.0423933752
3732,0,54b24045-e039-40ee-9ba6-824dbdc42f9e,StartingBlock,373.218262,5804.08984,1,43,43,53,7,0,0,499.053802,848.152893,-196.204361,-0.940745115,0.240507156,-0.235283956,-0.0423849411
3733,0,54b24045-e039-40ee-9ba6-824dbdc42f9e,StartingBlock,373.318359,5804.18994,1,43,43,53,7,0,0,503.317505,847.861389,-190.525131,-0.94073683,0.240540668,-0.235279381,-0.0424038991
3734,0,54b24045-e039-40ee-9ba6-824dbdc42f9e,StartingBlock,373.418457,5804.29004,1,43,43,53,7,0,0,507.569733,847.536804,-184.841553,-0.940742373,0.24051252,-0.235284209,-0.0424132906
3735,0,54b24045-e039-40ee-9ba6-824dbdc42f9e,StartingBlock,373.518066,5804.38965,1,43,43,53,7,0,0,511.810364,847.179077,-179.153702,-0.94074446,0.240502641,-0.235289231,-0.0423960164
3736,0,54b24045-e039-40ee-9ba6-824dbdc42f9e,StartingBlock,373.618164,5804.48975,1,43,43,53,7,0,0,516.039307,846.788208,-173.461746,-0.940752804,0.240502417,-0.235259384,-0.0423755497
3737,0,54b24045-e039-40ee-9ba6-824dbdc42f9e,StartingBlock,373.718262,5804.58984,1,43,43,53,7,0,0,520.25647,846.36438,-167.765839,-0.94075042,0.240503356,-0.23526153,-0.0424125865
3738,0,54b24045-e039-40ee-9ba6-824dbdc42f9e,StartingBlock,373.818359,5804.68994,1,43,43,53,7,0,0,524.461731,845.907471,-162.066086,-0.940761745,0.240478843,-0.235246897,-0.0423808098
3739,0,54b24045-e039-40ee-9ba6-824dbdc42f9e,StartingBlock,373.918457,5804.79004,1,43,43,53,7,0,0,528.655151,845.417603,-156.362625,-0.940763831,0.240463614,-0.235248908,-0.0424100533
3740,0,54b24045-e039-40ee-9ba6-824dbdc42f9e,StartingBlock,374.018066,5804.88965,1,43,43,53,7,0,0,532.836548,844.894714,-150.655533,-0.940768361,0.240465954,-0.23523809,-0.0423580743
3741,0,54b24045-e039-40ee-9ba6-824dbdc42f9e,StartingBlock,374.118164,5804.98975,1,43,43,53,7,0,0,537.005798,844.338928,-144.945053,-0.940767109,0.24046196,-0.235242188,-0.0423848853
3742,0,54b24045-e039-40ee-9ba6-824dbdc42f9e,StartingBlock,374.218262,5805.08984,1,43,43,53,7,0,0,541.162842,843.750366,-139.231201,-0.940768778,0.240451366,-0.235247269,-0.0423798524
3743,0,54b24045-e039-40ee-9ba6-824dbdc42f9e,StartingBlock,374.318359,5805.18994,1,43,43,53,7,0,0,545.307678,843.128906,-133.514206,-0.940773308,0.240442201,-0.235239223,-0.0423766486
3744,0,54b24045-e039-40ee-9ba6-824dbdc42f9e,StartingBlock,374.418457,5805.29004,1,43,43,53,7,0,0,549.440063,842.47467,-127.794159,-0.940777481,0.24042733,-0.235239029,-0.0423697494
3745,0,54b24045-e039-40ee-9ba6-824dbdc42f9e,StartingBlock,374.518066,5805.38965,1,43,43,53,7,0,0,553.559998,841.787598,-122.071175,-0.9407745,0.240445033,-0.235229969,-0.0423841178
3746,0,54b24045-e039-40ee-9ba6-824dbdc42f9e,StartingBlock,374.618164,5805.48975,1,43,43,53,7,0,0,557.667358,841.067932,-116.345436,-0.940780818,0.240417659,-0.235234186,-0.0423764847
3747,0,54b24045-e039-40ee-9ba6-824dbdc42f9e,StartingBlock,374.718262,5805.58984,1,43,43,53,7,0,0,561.762207,840.315369,-110.616989,-0.940781891,0.240430504,-0.235221371,-0.0423517339
3748,0,54b24045-e039-40ee-9ba6-824dbdc42f9e,StartingBlock,374.818359,5805.68994,1,43,43,53,7,0,0,565.844238,839.530334,-104.88607,-0.940778852,0.24042584,-0.235229746,-0.0423965305
3749,0,54b24045-e039-40ee-9ba6-824dbdc42f9e,StartingBlock,374.918457,5805.79004,1,43,43,53,7,0,0,569.913513,838.712585,-99.1527405,-0.940780759,0.240423262,-0.235225514,-0.0423945673
3750,0,54b24045-e039-40ee-9ba6-824dbdc42f9e,StartingBlock,375.018066,5805.88965,1,43,43,53,7,0,0,573.969971,837.862366,-93.4171524,-0.940791368,0.240398854,-0.235213071,-0.0423648395
3751,0,54b24045-e039-40ee-9ba6-824dbdc42f9e,StartingBlock,375.118164,5805.98975,1,43,43,53,7,0,0,578.013367,836.979614,-87.6794128,-0.940791428,0.240399033,-0.235214055,-0.0423576236
3752,0,54b24045-e039-40ee-9ba6-824dbdc42f9e,StartingBlock,375.218262,5806.08984,1,43,43,53,7,0,0,582.043762,836.064331,-81.939682,-0.940792501,0.240394384,-0.235215276,-0.0423548408
3753,0,54b24045-e039-40ee-9ba6-824dbdc42f9e,StartingBlock,375.318359,5806.18994,1,43,43,53,7,0,0,586.061035,835.116638,-76.1980972,-0.940792263,0.240396366,-0.235210463,-0.0423749685
3754,0,54b24045-e039-40ee-9ba6-824dbdc42f9e,StartingBlock,375.418457,5806.29004,1,43,43,53,7,0,0,590.065063,834.136475,-70.4547653,-0.940791845,0.240386888,-0.23522231,-0.0423718579
3755,0,54b24045-e039-40ee-9ba6-824dbdc42f9e,StartingBlock,375.518066,5806.38965,1,43,43,53,7,0,0,594.055908,833.124023,-64.7098007,-0.940793812,0.240389153,-0.235218108,-0.0423391871
3756,0,54b24045-e039-40ee-9ba6-824dbdc42f9e,StartingBlock,375.618164,5806.48975,1,43,43,53,7,0,0,598.033325,832.079163,-58.9633751,-0.940794587,0.240388781,-0.235216767,-0.0423305891
3757,0,54b24045-e039-40ee-9ba6-824dbdc42f9e,StartingBlock,375.718262,5806.58984,1,43,43,53,7,0,0,601.997253,831.002136,-53.2156296,-0.94080019,0.240372658,-0.235206887,-0.042353645
3758,0,54b24045-e039-40ee-9ba6-824dbdc42f9e,StartingBlock,375.818359,5806.68994,1,43,43,53,7,0,0,605.947693,829.892822,-47.4666367,-0.940798223,0.240372583,-0.235217124,-0.0423402898
3759,0,54b24045-e039-40ee-9ba6-824dbdc42f9e,StartingBlock,375.918457,5806.79004,1,43,43,53,7,0,0,609.884521,828.751343,-41.7165871,-0.940799594,0.240362048,-0.235219225,-0.0423588753
3760,0,54b24045-e039-40ee-9ba6-824dbdc42f9e,StartingBlock,376.018066,5806.88965,1,43,43,53,7,0,0,613.807678,827.577698,-35.9655685,-0.940801203,0.24035491,-0.235216632,-0.0423757806
3761,0,54b24045-e039-40ee-9ba6-824dbdc42f9e,StartingBlock,376.118164,5806.98975,1,43,43,53,7,0,0,617.717041,826.372009,-30.2137051,-0.940811634,0.240337327,-0.23520501,-0.0423101336
3762,0,54b24045-e039-40ee-9ba6-824dbdc42f9e,StartingBlock,376.218262,5807.08984,1,43,43,53,7,0,0,621.612488,825.134216,-24.4611416,-0.940811694,0.240345389,-0.235191569,-0.0423368365
3763,0,54b24045-e039-40ee-9ba6-824dbdc42f9e,StartingBlock,376.318359,5807.18994,1,43,43,53,7,0,0,625.49408,823.864502,-18.7080498,-0.940813661,0.240328908,-0.235198021,-0.0423515663
3764,0,54b24045-e039-40ee-9ba6-824dbdc42f9e,StartingBlock,376.418457,5807.29004,1,43,43,53,7,0,0,629.361633,822.562866,-12.9545164,-0.940822303,0.240308538,-0.235189706,-0.0423203595
3765,0,54b24045-e039-40ee-9ba6-824dbdc42f9e,StartingBlock,376.518066,5807.38965,1,43,43,53,7,0,0,633.215149,821.229309,-7.20067596,-0.94082731,0.240283698,-0.235195398,-0.0423197336
3766,0,54b24045-e039-40ee-9ba6-824dbdc42f9e,StartingBlock,376.618164,5807.48975,1,43,43,53,7,0,0,637.054443,819.863708,-1.4466002,-0.940814376,0.240318581,-0.235205546,-0.042352818
3767,0,54b24045-e039-40ee-9ba6-824dbdc42f9e,StartingBlock,376.718262,5807.58984,1,43,43,53,7,0,0,640.879578,818.466492,4.30747652,-0.940828443,0.240287453,-0.235192761,-0.0422868766
3768,0,54b24045-e039-40ee-9ba6-824dbdc42f9e,StartingBlock,376.818359,5807.68994,1,43,43,53,7,0,0,644.690308,817.037537,10.0615072,-0.940821469,0.240298241,-0.235205665,-0.042308107
3769,0,54b24045-e039-40ee-9ba6-824dbdc42f9e,StartingBlock,376.918457,5807.79004,1,43,43,53,7,0,0,648.486633,815.576843,15.815299,-0.940818846,0.240295932,-0.235213354,-0.0423371494
3770,0,54b24045-e039-40ee-9ba6-824dbdc42f9e,StartingBlock,377.018066,5807.88965,1,43,43,53,7,0,0,652.268555,814.084534,21.5687771,-0.940819323,0.24029398,-0.235213757,-0.0423357487
3771,0,54b24045-e039-40ee-9ba6-824dbdc42f9e,StartingBlock,377.118164,5807.98975,1,43,43,53,7,0,0,656.03595,812.560547,27.3217964,-0.940822542,0.240289152,-0.235209927,-0.0423145592
3772,0,54b24045-e039-40ee-9ba6-824dbdc42f9e,StartingBlock,377.218262,5808.08984,1,43,43,53,7,0,0,659.788696,811.004883,33.0742111,-0.940829277,0.240274996,-0.23519668,-0.042315647
3773,0,54b24045-e039-40ee-9ba6-824dbdc42f9e,StartingBlock,377.318359,5808.18994,1,43,43,53,7,0,0,663.526672,809.417908,38.8259201,-0.940831602,0.240277499,-0.235181808,-0.0423330069
3774,0,54b24045-e039-40ee-9ba6-824dbdc42f9e,StartingBlock,377.418457,5808.29004,1,43,43,53,7,0,0,667.249939,807.799438,44.5767937,-0.940834165,0.240265116,-0.23518309,-0.0423415378
3775,0,54b24045-e039-40ee-9ba6-824dbdc42f9e,StartingBlock,377.518066,5808.38965,1,43,43,53,7,0,0,670.958313,806.149597,50.3266983,-0.940848529,0.240241006,-0.235163853,-0.0422648303
3776,0,54b24045-e039-40ee-9ba6-824dbdc42f9e,StartingBlock,377.618164,5808.48975,1,43,43,53,7,0,0,674.651733,804.468384,56.0754547,-0.940848053,0.240221307,-0.235177949,-0.0423097424
3777,0,54b24045-e039-40ee-9ba6-824dbdc42f9e,StartingBlock,377.718262,5808.58984,1,43,43,53,7,0,0,678.330261,802.755798,61.8230095,-0.940847397,0.240223855,-0.235175431,-0.0423242077
3778,0,54b24045-e039-40ee-9ba6-824dbdc42f9e,StartingBlock,377.818359,5808.68994,1,43,43,53,7,0,0,681.993652,801.012085,67.5692062,-0.940853417,0.24020724,-0.235171527,-0.0423054025
3779,0,54b24045-e039-40ee-9ba6-824dbdc42f9e,StartingBlock,377.918457,5808.79004,1,43,43,53,7,0,0,685.641846,799.237061,73.3139343,-0.94085145,0.240213379,-0.235169858,-0.0423240513
3780,0,54b24045-e039-40ee-9ba6-824dbdc42f9e,StartingBlock,378.018066,5808.88965,1,43,43,53,7,0,0,689.274902,797.43103,79.0570374,-0.940859556,0.240196198,-0.235158131,-0.0423061997
3781,0,54b24045-e039-40ee-9ba6-824dbdc42f9e,StartingBlock,378.118164,5808.98975,1,43,43,53,7,0,0,692.892639,795.593933,84.7984238,-0.940870643,0.240175754,-0.235138163,-0.0422848873
3782,0,54b24045-e039-40ee-9ba6-824dbdc42f9e,StartingBlock,378.218262,5809.08984,1,43,43,53,7,0,0,696.494995,793.725769,90.5379715,-0.940866649,0.240186483,-0.235137761,-0.0423168242
3783,0,54b24045-e039-40ee-9ba6-824dbdc42f9e,StartingBlock,378.318359,5809.18994,1,43,43,53,7,0,0,700.081909,791.826599,96.275528,-0.940872669,0.240176022,-0.235128537,-0.0422942452
3784,0,54b24045-e039-40ee-9ba6-824dbdc42f9e,StartingBlock,378.418457,5809.29004,1,43,43,53,7,0,0,703.653259,789.896667,102.010956,-0.940870523,0.240174726,-0.235133037,-0.0423239917
3785,0,54b24045-e039-40ee-9ba6-824dbdc42f9e,StartingBlock,378.518066,5809.38965,1,43,43,53,7,0,0,707.209106,787.935791,107.744164,-0.940884531,0.240155175,-0.235111132,-0.0422454514
3786,0,54b24045-e039-40ee-9ba6-824dbdc42f9e,StartingBlock,378.618164,5809.48975,1,43,43,53,7,0,0,710.749207,785.944153,113.474983,-0.940888643,0.240143016,-0.235098824,-0.0422899239
3787,0,54b24045-e039-40ee-9ba6-824dbdc42f9e,StartingBlock,378.718262,5809.58984,1,43,43,53,7,0,0,714.273682,783.921692,119.203339,-0.940888882,0.240140483,-0.235103697,-0.042272266
3788,0,54b24045-e039-40ee-9ba6-824dbdc42f9e,StartingBlock,378.818359,5809.68994,1,43,43,53,7,0,0,717.782288,781.868713,124.929031,-0.940895259,0.240128398,-0.235088378,-0.042284023
3789,0,54b24045-e039-40ee-9ba6-824dbdc42f9e,StartingBlock,378.918457,5809.79004,1,43,43,53,7,0,0,721.275085,779.785034,130.652023,-0.940898478,0.240121186,-0.235087499,-0.0422585458
3790,0,54b24045-e039-40ee-9ba6-824dbdc42f9e,StartingBlock,379.018066,5809.88965,1,43,43,53,7,0,0,724.751892,777.670898,136.372131,-0.940903902,0.240094215,-0.235095412,-0.0422476828
3791,0,54b24045-e039-40ee-9ba6-824dbdc42f9e,StartingBlock,379.118164,5809.98975,1,43,43,53,7,0,0,728.212708,775.526123,142.089279,-0.94089669,0.24010998,-0.235104546,-0.0422663875
3792,0,54b24045-e039-40ee-9ba6-824dbdc42f9e,StartingBlock,379.218262,5810.08984,1,43,43,53,7,0,0,731.657471,773.351013,147.803268,-0.940901875,0.240094826,-0.235101938,-0.0422524847
3793,0,54b24045-e039-40ee-9ba6-824dbdc42f9e,StartingBlock,379.318359,5810.18994,1,43,43,53,7,0,0,735.08606,771.145508,153.514023,-0.940897048,0.240103826,-0.235108256,-0.0422727019
3794,0,54b24045-e039-40ee-9ba6-824dbdc42f9e,StartingBlock,379.418457,5810.29004,1,43,43,53,7,0,0,738.498413,768.909729,159.22142,-0.940903187,0.240075186,-0.235113695,-0.042269811
3795,0,54b24045-e039-40ee-9ba6-824dbdc42f9e,StartingBlock,379.518066,5810.38965,1,43,43,53,7,0,0,741.894531,766.643555,164.925293,-0.940909624,0.240070745,-0.23510021,-0.0422249101
3796,0,54b24045-e039-40ee-9ba6-824dbdc42f9e,StartingBlock,379.618164,5810.48975,1,43,43,53,7,0,0,745.27417,764.34729,170.625595,-0.940913856,0.240056992,-0.23509489,-0.0422398858
3797,0,54b24045-e039-40ee-9ba6-824dbdc42f9e,StartingBlock,379.718262,5810.58984,1,43,43,53,7,0,0,748.637451,762.020935,176.322113,-0.940921903,0.240040287,-0.235082179,-0.0422249734
3798,0,54b24045-e039-40ee-9ba6-824dbdc42f9e,StartingBlock,379.818359,5810.68994,1,43,43,53,7,0,0,751.984253,759.664551,182.014771,-0.940919638,0.240044251,-0.235086232,-0.0422317944
3799,0,54b24045-e039-40ee-9ba6-824dbdc42f9e,StartingBlock,379.918457,5810.79004,1,43,43,53,7,0,0,755.314453,757.278137,187.703445,-0.940927088,0.240018532,-0.235080585,-0.0422426872
3800,0,54b24045-e039-40ee-9ba6-824dbdc42f9e,StartingBlock,380.018066,5810.88965,1,43,43,53,7,0,0,758.628113,754.861694,193.388046,-0.940931141,0.240018338,-0.235065952,-0.0422357172
3801,0,54b24045-e039-40ee-9ba6-824dbdc42f9e,StartingBlock,380.118164,5810.98975,1,43,43,53,7,0,0,761.92511,752.415466,199.068359,-0.940930784,0.240021154,-0.235068113,-0.0422144905
3802,0,54b24045-e039-40ee-9ba6-824dbdc42f9e,StartingBlock,380.218262,5811.08984,1,43,43,53,7,0,0,765.2052,749.939392,204.744324,-0.940933824,0.240004554,-0.235071614,-0.04222361
3803,0,54b24045-e039-40ee-9ba6-824dbdc42f9e,StartingBlock,380.318359,5811.18994,1,43,43,53,7,0,0,768.468567,747.433655,210.415787,-0.940937579,0.239983395,-0.235078275,-0.0422222838
3804,0,54b24045-e039-40ee-9ba6-824dbdc42f9e,StartingBlock,380.418457,5811.29004,1,43,43,53,7,0,0,771.715088,744.898132,216.082672,-0.940942764,0.239989221,-0.235051975,-0.0422181487
3805,0,54b24045-e039-40ee-9ba6-824dbdc42f9e,StartingBlock,380.518066,5811.38965,1,43,43,53,7,0,0,774.94458,742.333069,221.744827,-0.940937281,0.239992186,-0.235071659,-0.042214863
3806,0,54b24045-e039-40ee-9ba6-824dbdc42f9e,StartingBlock,380.618164,5811.48975,1,43,43,53,7,0,0,778.157043,739.738464,227.402115,-0.940931618,0.239996418,-0.235082045,-0.0422598943
3807,0,54b24045-e039-40ee-9ba6-824dbdc42f9e,StartingBlock,380.718262,5811.58984,1,43,43,53,7,0,0,781.352417,737.11438,233.054428,-0.940941095,0.2399721,-0.235076964,-0.0422162078
3808,0,54b24045-e039-40ee-9ba6-824dbdc42f9e,StartingBlock,380.818359,5811.68994,1,43,43,53,7,0,0,784.530701,734.460876,238.70166,-0.940945923,0.23996374,-0.235072151,-0.0421825349
3809,0,54b24045-e039-40ee-9ba6-824dbdc42f9e,StartingBlock,380.918457,5811.79004,1,43,43,53,7,0,0,787.691711,731.778076,244.343658,-0.940949261,0.239949211,-0.235070914,-0.0421969853
3810,0,54b24045-e039-40ee-9ba6-824dbdc42f9e,StartingBlock,381.018066,5811.88965,1,43,43,53,7,0,0,790.835449,729.065857,249.980331,-0.940948367,0.239958853,-0.235062659,-0.0422075018
3811,0,54b24045-e039-40ee-9ba6-824dbdc42f9e,StartingBlock,381.118164,5811.98975,1,43,43,53,7,0,0,793.961792,726.324524,255.611511,-0.940950453,0.239948943,-0.235062629,-0.0422178693
3812,0,54b24045-e039-40ee-9ba6-824dbdc42f9e,StartingBlock,381.218262,5812.08984,1,43,43,53,7,0,0,797.070801,723.554077,261.237122,-0.94096756,0.239914238,-0.235034421,-0.0421905853
3813,0,54b24045-e039-40ee-9ba6-824dbdc42f9e,StartingBlock,381.318359,5812.18994,1,43,43,53,7,0,0,800.162354,720.754639,266.856995,-0.940964282,0.239917085,-0.235042542,-0.0422041342
3814,0,54b24045-e039-40ee-9ba6-824dbdc42f9e,StartingBlock,381.418457,5812.29004,1,43,43,53,7,0,0,803.236328,717.926086,272.4711,-0.940964878,0.239912659,-0.235046282,-0.0421943292
3815,0,54b24045-e039-40ee-9ba6-824dbdc42f9e,StartingBlock,381.518066,5812.38965,1,43,43,53,7,0,0,806.292725,715.068665,278.079193,-0.9409675,0.239908889,-0.235038176,-0.0422026552
3816,0,54b24045-e039-40ee-9ba6-824dbdc42f9e,StartingBlock,381.618164,5812.48975,1,43,43,53,7,0,0,809.331421,712.182434,283.681274,-0.940970004,0.23989673,-0.235040635,-0.0422020182
3817,0,54b24045-e039-40ee-9ba6-824dbdc42f9e,StartingBlock,381.718262,5812.58984,1,43,43,53,7,0,0,812.352417,709.267395,289.2771,-0.940967441,0.239893392,-0.235053793,-0.0422042571
3818,0,54b24045-e039-40ee-9ba6-824dbdc42f9e,StartingBlock,381.818359,5812.68994,1,43,43,53,7,0,0,815.355652,706.323608,294.866669,-0.940973461,0.239876762,-0.235052809,-0.0421699956
3819,0,54b24045-e039-40ee-9ba6-824dbdc42f9e,StartingBlock,381.918457,5812.79004,1,43,43,53,7,0,0,818.341064,703.351196,300.449799,-0.940975904,0.239865452,-0.235055923,-0.0421611629
3820,0,54b24045-e039-40ee-9ba6-824dbdc42f9e,StartingBlock,382.018066,5812.88965,1,43,43,53,7,0,0,821.308533,700.35022,306.026337,-0.940978348,0.239850476,-0.235058844,-0.0421775095
3821,0,54b24045-e039-40ee-9ba6-824dbdc42f9e,StartingBlock,382.118164,5812.98975,1,43,43,53,7,0,0,824.258057,697.32074,311.596252,-0.940980792,0.239860773,-0.235033497,-0.0422041677
3822,0,54b24045-e039-40ee-9ba6-824dbdc42f9e,StartingBlock,382.218262,5813.08984,1,43,43,53,7,0,0,827.189636,694.262878,317.159332,-0.940989196,0.239847109,-0.235019654,-0.0421719663
3823,0,54b24045-e039-40ee-9ba6-824dbdc42f9e,StartingBlock,382.318359,5813.18994,1,43,43,53,7,0,0,830.103027,691.176636,322.715485,-0.940987945,0.239840493,-0.235027447,-0.0421952754
3824,0,54b24045-e039-40ee-9ba6-824dbdc42f9e,StartingBlock,382.418457,5813.29004,1,43,43,53,7,0,0,832.998291,688.062073,328.264648,-0.940995276,0.239837855,-0.235008821,-0.0421510227
3825,0,54b24045-e039-40ee-9ba6-824dbdc42f9e,StartingBlock,382.518066,5813.38965,1,43,43,53,7,0,0,835.875366,684.919373,333.806641,-0.941001773,0.239813998,-0.235010698,-0.0421293788
3826,0,54b24045-e039-40ee-9ba6-824dbdc42f9e,StartingBlock,382.618164,5813.48975,1,43,43,53,7,0,0,838.734192,681.748535,339.341339,-0.940997481,0.23981972,-0.235018373,-0.0421505645
3827,0,54b24045-e039-40ee-9ba6-824dbdc42f9e,StartingBlock,382.718262,5813.58984,1,43,43,53,7,0,0,841.574646,678.549622,344.868683,-0.941003382,0.239804193,-0.235015154,-0.042124562
3828,0,54b24045-e039-40ee-9ba6-824dbdc42f9e,StartingBlock,382.818359,5813.68994,1,43,43,53,7,0,0,844.39679,675.322876,350.388458,-0.941004097,0.239797473,-0.235018909,-0.0421267487
3829,0,54b24045-e039-40ee-9ba6-824dbdc42f9e,StartingBlock,382.918457,5813.79004,1,43,43,53,7,0,0,847.2005,672.068115,355.900635,-0.941008866,0.239778638,-0.235020876,-0.0421152487
3830,0,54b24045-e039-40ee-9ba6-824dbdc42f9e,StartingBlock,383.018066,5813.88965,1,43,43,53,7,0,0,849.985718,668.785461,361.40506,-0.941002548,0.239787653,-0.235031188,-0.042149514
3831,0,54b24045-e039-40ee-9ba6-824dbdc42f9e,StartingBlock,383.118164,5813.98975,1,43,43,53,7,0,0,852.75238,665.475159,366.901611,-0.941002429,0.239795864,-0.235028058,-0.0421219058
3832,0,54b24045-e039-40ee-9ba6-824dbdc42f9e,StartingBlock,383.218262,5814.08984,1,43,43,53,7,0,0,855.500366,662.137146,372.390167,-0.941004872,0.239782333,-0.235028058,-0.0421449915
3833,0,54b24045-e039-40ee-9ba6-824dbdc42f9e,StartingBlock,383.318359,5814.18994,1,43,43,53,7,0,0,858.229797,658.771606,377.870605,-0.941006839,0.239772573,-0.235029712,-0.0421451032
3834,0,54b24045-e039-40ee-9ba6-824dbdc42f9e,StartingBlock,383.418457,5814.29004,1,43,43,53,7,0,0,860.940491,655.37854,383.342834,-0.941016793,0.239737287,-0.235027328,-0.0421376228
3835,0,54b24045-e039-40ee-9ba6-824dbdc42f9e,StartingBlock,383.518066,5814.38965,1,43,43,53,7,0,0,863.632446,651.957947,388.806732,-0.94101733,0.239742935,-0.235025033,-0.042106133
3836,0,54b24045-e039-40ee-9ba6-824dbdc42f9e,StartingBlock,383.618164,5814.48975,1,43,43,53,7,0,0,866.305481,648.510132,394.262177,-0.941024125,0.239727244,-0.235016435,-0.0420932136
3837,0,54b24045-e039-40ee-9ba6-824dbdc42f9e,StartingBlock,383.718262,5814.58984,1,43,43,53,7,0,0,868.959656,645.035034,399.709015,-0.941019833,0.239725396,-0.235027,-0.0421393104
3838,0,54b24045-e039-40ee-9ba6-824dbdc42f9e,StartingBlock,383.818359,5814.68994,1,43,43,53,7,0,0,871.59491,641.532776,405.147156,-0.941027999,0.239706099,-0.23502399,-0.0420834981
3839,0,54b24045-e039-40ee-9ba6-824dbdc42f9e,StartingBlock,383.918457,5814.79004,1,43,43,53,7,0,0,874.211243,638.003174,410.576538,-0.94103241,0.239708439,-0.235003158,-0.0420901291
3840,0,54b24045-e039-40ee-9ba6-824dbdc42f9e,StartingBlock,384.018066,5814.88965,1,43,43,53,7,0,0,876.808411,634.446777,415.996918,-0.941039979,0.239700019,-0.234981671,-0.0420878604
3841,0,54b24045-e039-40ee-9ba6-824dbdc42f9e,StartingBlock,384.118164,5814.98975,1,43,43,53,7,0,0,879.386475,630.863342,421.408295,-0.94104445,0.239675984,-0.234982088,-0.0421216488
3842,0,54b24045-e039-40ee-9ba6-824dbdc42f9e,StartingBlock,384.218262,5815.08984,1,43,43,53,7,0,0,881.945435,627.253052,426.810455,-0.941049993,0.239677295,-0.234964222,-0.0420903936
3843,0,54b24045-e039-40ee-9ba6-824dbdc42f9e,StartingBlock,384.318359,5815.18994,1,43,43,53,7,0,0,884.485168,623.615967,432.2034,-0.941051304,0.239676535,-0.234959796,-0.0420892723
3844,0,54b24045-e039-40ee-9ba6-824dbdc42f9e,StartingBlock,384.418457,5815.29004,1,43,43,53,7,0,0,887.005554,619.952148,437.586945,-0.941046059,0.239691943,-0.234963685,-0.0420977399
3845,0,54b24045-e039-40ee-9ba6-824dbdc42f9e,StartingBlock,384.518066,5815.38965,1,43,43,53,7,0,0,889.506653,616.261719,442.960938,-0.94105202,0.239674717,-0.234958649,-0.0420905016
3846,0,54b24045-e039-40ee-9ba6-824dbdc42f9e,StartingBlock,384.618164,5815.48975,1,43,43,53,7,0,0,891.988464,612.5448,448.325287,-0.941052139,0.239681825,-0.234952137,-0.0420832261
3847,0,54b24045-e039-40ee-9ba6-824dbdc42f9e,StartingBlock,384.718262,5815.58984,1,43,43,53,7,0,0,894.450745,608.801392,453.679932,-0.941063583,0.239642918,-0.234946907,-0.0420787334
3848,0,54b24045-e039-40ee-9ba6-824dbdc42f9e,StartingBlock,384.818359,5815.68994,1,43,43,53,7,0,0,896.893677,605.031616,459.024658,-0.941070795,0.239633188,-0.234931067,-0.0420618504
3849,0,54b24045-e039-40ee-9ba6-824dbdc42f9e,StartingBlock,384.918457,5815.79004,1,43,43,53,7,0,0,899.317017,601.235474,464.359436,-0.941068649,0.239636868,-0.234930351,-0.0420925096
3850,0,54b24045-e039-40ee-9ba6-824dbdc42f9e,StartingBlock,385.018066,5815.88965,1,43,43,53,7,0,0,901.720703,597.413208,469.684113,-0.941072464,0.239626661,-0.23492676,-0.0420851111
3851,0,54b24045-e039-40ee-9ba6-824dbdc42f9e,StartingBlock,385.118164,5815.98975,1,43,43,53,7,0,0,904.104858,593.564819,474.998596,-0.94107455,0.239612505,-0.234934703,-0.0420744345
3852,0,54b24045-e039-40ee-9ba6-824dbdc42f9e,StartingBlock,385.218262,5816.08984,1,43,43,53,7,0,0,906.469299,589.690369,480.302765,-0.941077948,0.239603952,-0.234928176,-0.0420828238
3853,0,54b24045-e039-40ee-9ba6-824dbdc42f9e,StartingBlock,385.318359,5816.18994,1,43,43,53,7,0,0,908.814087,585.789978,485.596466,-0.94108212,0.239587858,-0.234929666,-0.0420737937
3854,0,54b24045-e039-40ee-9ba6-824dbdc42f9e,StartingBlock,385.418457,5816.29004,1,43,43,53,7,0,0,911.138977,581.86377,490.879639,-0.94108969,0.239581048,-0.234907657,-0.0420650803
3855,0,54b24045-e039-40ee-9ba6-824dbdc42f9e,StartingBlock,385.518066,5816.38965,1,43,43,53,7,0,0,913.444092,577.911743,496.15213,-0.941085637,0.239580482,-0.234919012,-0.0420978591
3856,0,54b24045-e039-40ee-9ba6-824dbdc42f9e,StartingBlock,385.618164,5816.48975,1,43,43,53,7,0,0,915.72937,573.933899,501.413849,-0.941087246,0.239587143,-0.234915391,-0.0420426317
3857,0,54b24045-e039-40ee-9ba6-824dbdc42f9e,StartingBlock,385.718262,5816.58984,1,43,43,53,7,0,0,917.994629,569.930603,506.664673,-0.941085458,0.239589125,-0.23491849,-0.0420540683
3858,0,54b24045-e039-40ee-9ba6-824dbdc42f9e,StartingBlock,385.818359,5816.68994,1,43,43,53,7,0,0,920.239929,565.901794,511.90448,-0.941085219,0.239579707,-0.234921247,-0.0420981199
3859,0,54b24045-e039-40ee-9ba6-824dbdc42f9e,StartingBlock,385.918457,5816.79004,1,43,43,53,7,0,0,922.465271,561.847534,517.133179,-0.941089153,0.239551827,-0.234936506,-0.0420827083
3860,0,54b24045-e039-40ee-9ba6-824dbdc42f9e,StartingBlock,386.018066,5816.88965,1,43,43,53,7,0,0,924.670471,557.768005,522.350647,-0.941080928,0.239584997,-0.23493281,-0.0420992561
3861,0,54b24045-e039-40ee-9ba6-824dbdc42f9e,StartingBlock,386.118164,5816.98975,1,43,43,53,7,0,0,926.855591,553.663147,527.556702,-0.941078722,0.239588991,-0.23493737,-0.0420997553
3862,0,54b24045-e039-40ee-9ba6-824dbdc42f9e,StartingBlock,386.218262,5817.08984,1,43,43,53,7,0,0,929.020508,549.533142,532.751404,-0.94108212,0.239581749,-0.234936848,-0.0420680009
3863,0,54b24045-e039-40ee-9ba6-824dbdc42f9e,StartingBlock,386.318359,5817.18994,1,43,43,53,7,0,0,931.165222,545.378113,537.934509,-0.94109261,0.239532039,-0.234942287,-0.0420871004
3864,0,54b24045-e039-40ee-9ba6-824dbdc42f9e,StartingBlock,386.418457,5817.29004,1,43,43,53,7,0,0,933.289673,541.198059,543.105835,-0.941086054,0.239553168,-0.234942928,-0.0421089493
3865,0,54b24045-e039-40ee-9ba6-824dbdc42f9e,StartingBlock,386.518066,5817.38965,1,43,43,53,7,0,0,935.393799,536.993103,548.265381,-0.941082716,0.239583194,-0.234930858,-0.0420806482
3866,0,54b24045-e039-40ee-9ba6-824dbdc42f9e,StartingBlock,386.618164,5817.48975,1,43,43,53,7,0,0,937.477539,532.763367,553.412964,-0.941101015,0.239528134,-0.234909981,-0.0420998745
3867,0,54b24045-e039-40ee-9ba6-824dbdc42f9e,StartingBlock,386.718262,5817.58984,1,43,43,53,7,0,0,939.540894,528.508911,558.548584,-0.941093922,0.239532292,-0.234935045,-0.0420965627
3868,0,54b24045-e039-40ee-9ba6-824dbdc42f9e,StartingBlock,386.818359,5817.68994,1,43,43,53,7,0,0,941.583801,524.229797,563.671997,-0.941099524,0.23950927,-0.234940872,-0.0420691483
3869,0,54b24045-e039-40ee-9ba6-824dbdc42f9e,StartingBlock,386.918457,5817.79004,1,43,43,53,7,0,0,943.606201,519.926147,568.783142,-0.941099882,0.239536405,-0.23491098,-0.0420738645
3870,0,54b24045-e039-40ee-9ba6-824dbdc42f9e,StartingBlock,387.018066,5817.88965,1,43,43,53,7,0,0,945.608154,515.598083,573.882019,-0.941116393,0.239474505,-0.234911427,-0.0420530215
3871,0,54b24045-e039-40ee-9ba6-824dbdc42f9e,StartingBlock,387.118164,5817.98975,1,43,43,53,7,0,0,947.589417,511.245789,578.968323,-0.941117167,0.239486977,-0.234890342,-0.0420818925
3872,0,54b24045-e039-40ee-9ba6-824dbdc42f9e,StartingBlock,387.218262,5818.08984,1,43,43,53,7,0,0,949.55011,506.869171,584.042114,-0.941123903,0.239464462,-0.234885454,-0.0420881733
3873,0,54b24045-e039-40ee-9ba6-824dbdc42f9e,StartingBlock,387.318359,5818.18994,1,43,43,53,7,0,0,951.490051,502.468414,589.103149,-0.941119969,0.239488676,-0.234879479,-0.0420728102
3874,0,54b24045-e039-40ee-9ba6-824dbdc42f9e,StartingBlock,387.418457,5818.29004,1,43,43,53,7,0,0,953.409363,498.043579,594.151428,-0.941132009,0.239436671,-0.234885857,-0.0420638435
3875,0,54b24045-e039-40ee-9ba6-824dbdc42f9e,StartingBlock,387.518066,5818.38965,1,43,43,53,7,0,0,955.307861,493.594818,599.186829,-0.941132069,0.239427164,-0.234897941,-0.0420491025
3876,0,54b24045-e039-40ee-9ba6-824dbdc42f9e,StartingBlock,387.618164,5818.48975,1,43,43,53,7,0,0,957.185547,489.122192,604.209106,-0.941127241,0.239451945,-0.234891847,-0.0420491882
3877,0,54b24045-e039-40ee-9ba6-824dbdc42f9e,StartingBlock,387.718262,5818.58984,1,43,43,53,7,0,0,959.04248,484.625732,609.218201,-0.941129684,0.239451751,-0.23487927,-0.0420652404
3878,0,54b24045-e039-40ee-9ba6-824dbdc42f9e,StartingBlock,387.818359,5818.68994,1,43,43,53,7,0,0,960.878418,480.105652,614.214111,-0.941138804,0.239418447,-0.234878495,-0.042055361
3879,0,54b24045-e039-40ee-9ba6-824dbdc42f9e,StartingBlock,387.918457,5818.79004,1,43,43,53,7,0,0,962.693481,475.561981,619.196594,-0.941130757,0.239441723,-0.234888792,-0.0420454368
3880,0,54b24045-e039-40ee-9ba6-824dbdc42f9e,StartingBlock,388.018066,5818.88965,1,43,43,53,7,0,0,964.48761,470.994873,624.165649,-0.941135168,0.239445075,-0.2348717,-0.0420243703
3881,0,54b24045-e039-40ee-9ba6-824dbdc42f9e,StartingBlock,388.118164,5818.98975,1,43,43,53,7,0,0,966.26062,466.404297,629.121155,-0.941137195,0.23942402,-0.234876543,-0.0420697369
3882,0,54b24045-e039-40ee-9ba6-824dbdc42f9e,StartingBlock,388.218262,5819.08984,1,43,43,53,7,0,0,968.012695,461.790436,634.062866,-0.941133142,0.239442974,-0.234876499,-0.0420547761
3883,0,54b24045-e039-40ee-9ba6-824dbdc42f9e,StartingBlock,388.318359,5819.18994,1,43,43,53,7,0,0,969.743591,457.153412,638.990784,-0.941145539,0.239395663,-0.234872431,-0.0420688801
3884,0,54b24045-e039-40ee-9ba6-824dbdc42f9e,StartingBlock,388.418457,5819.29004,1,43,43,53,7,0,0,971.453369,452.493317,643.904846,-0.941146433,0.239387304,-0.234874696,-0.0420831107
3885,0,54b24045-e039-40ee-9ba6-824dbdc42f9e,StartingBlock,388.518066,5819.38965,1,43,43,53,7,0,0,973.141968,447.810181,648.804871,-0.941145658,0.239391223,-0.234878063,-0.042061463
3886,0,54b24045-e039-40ee-9ba6-824dbdc42f9e,StartingBlock,388.618164,5819.48975,1,43,43,53,7,0,0,974.809326,443.104156,653.690735,-0.941151857,0.239351496,-0.234886289,-0.042099759
3887,0,54b24045-e039-40ee-9ba6-824dbdc42f9e,StartingBlock,388.718262,5819.58984,1,43,43,53,7,0,0,976.455444,438.375336,658.562378,-0.941161156,0.239367276,-0.234839767,-0.0420624651
3888,0,54b24045-e039-40ee-9ba6-824dbdc42f9e,StartingBlock,388.818359,5819.68994,1,43,43,53,7,0,0,978.0802,433.623779,663.419678,-0.941169202,0.239331767,-0.234846994,-0.0420446955
3889,0,54b24045-e039-40ee-9ba6-824dbdc42f9e,StartingBlock,388.918457,5819.79004,1,43,43,53,7,0,0,979.683716,428.849701,668.262512,-0.941170514,0.239341006,-0.234837592,-0.042015586
3890,0,54b24045-e039-40ee-9ba6-824dbdc42f9e,StartingBlock,389.018066,5819.88965,1,43,43,53,7,0,0,981.265747,424.05307,673.09082,-0.941173851,0.239328429,-0.234832123,-0.0420431644
3891,0,54b24045-e039-40ee-9ba6-824dbdc42f9e,StartingBlock,389.118164,5819.98975,1,43,43,53,7,0,0,982.826416,419.2341,677.904358,-0.941167951,0.239375472,-0.234813854,-0.0420106426
3892,0,54b24045-e039-40ee-9ba6-824dbdc42f9e,StartingBlock,389.218262,5820.08984,1,43,43,53,7,0,0,984.365601,414.392731,682.703186,-0.941176832,0.23933135,-0.234818324,-0.0420372598
3893,0,54b24045-e039-40ee-9ba6-824dbdc42f9e,StartingBlock,389.318359,5820.18994,1,43,43,53,7,0,0,985.883362,409.529175,687.487122,-0.941188693,0.239296958,-0.234808177,-0.0420230255
3894,0,54b24045-e039-40ee-9ba6-824dbdc42f9e,StartingBlock,389.418457,5820.29004,1,43,43,53,7,0,0,987.379578,404.643585,692.256042,-0.941180229,0.239323914,-0.23481299,-0.0420330465
3895,0,54b24045-e039-40ee-9ba6-824dbdc42f9e,StartingBlock,389.518066,5820.38965,1,43,43,53,7,0,0,988.854248,399.735992,697.009827,-0.94118309,0.239311591,-0.234810382,-0.0420530327
3896,0,54b24045-e039-40ee-9ba6-824dbdc42f9e,StartingBlock,389.618164,5820.48975,1,43,43,53,7,0,0,990.307312,394.806488,701.748474,-0.941189587,0.239300638,-0.234801084,-0.0420212708
3897,0,54b24045-e039-40ee-9ba6-824dbdc42f9e,StartingBlock,389.718262,5820.58984,1,43,43,53,7,0,0,991.738708,389.855194,706.471741,-0.9411937,0.239286497,-0.234798148,-0.0420275293
3898,0,54b24045-e039-40ee-9ba6-824dbdc42f9e,StartingBlock,389.818359,5820.68994,1,43,43,53,7,0,0,993.148499,384.882263,711.179626,-0.9411906,0.239292249,-0.234795272,-0.0420784317
3899,0,54b24045-e039-40ee-9ba6-824dbdc42f9e,StartingBlock,389.918457,5820.79004,1,43,43,53,7,0,0,994.536499,379.887695,715.871948,-0.941190481,0.23929283,-0.23480095,-0.0420477986
3900,0,54b24045-e039-40ee-9ba6-824dbdc42f9e,StartingBlock,390.018066,5820.88965,1,43,43,53,7,0,0,995.902832,374.871704,720.548645,-0.941191554,0.239278242,-0.234817415,-0.0420147963
3901,0,54b24045-e039-40ee-9ba6-824dbdc42f9e,StartingBlock,390.118164,5820.98975,1,43,43,53,7,0,0,997.247253,369.83429,725.209595,-0.941195667,0.239246979,-0.234826878,-0.0420468934
3902,0,54b24045-e039-40ee-9ba6-824dbdc42f9e,StartingBlock,390.218262,5821.08984,1,43,43,53,7,0,0,998.569946,364.775665,729.854736,-0.941188335,0.239275113,-0.23482278,-0.0420732647
3903,0,54b24045-e039-40ee-9ba6-824dbdc42f9e,StartingBlock,390.318359,5821.18994,1,43,43,53,7,0,0,999.870789,359.695862,734.483826,-0.941194594,0.239262953,-0.234816954,-0.0420368947
3904,0,54b24045-e039-40ee-9ba6-824dbdc42f9e,StartingBlock,390.418457,5821.29004,1,43,43,53,7,0,0,1001.14978,354.595001,739.096924,-0.941191792,0.239261761,-0.234823108,-0.0420709103
3905,0,54b24045-e039-40ee-9ba6-824dbdc42f9e,StartingBlock,390.518066,5821.38965,1,43,43,53,7,0,0,1002.4068,349.473206,743.693848,-0.941192985,0.23925972,-0.234824196,-0.0420503803
3906,0,54b24045-e039-40ee-9ba6-824dbdc42f9e,StartingBlock,390.618164,5821.48975,1,43,43,53,7,0,0,1003.64191,344.330536,748.274475,-0.941192746,0.239263564,-0.234818786,-0.0420639403
3907,0,54b24045-e039-40ee-9ba6-824dbdc42f9e,StartingBlock,390.718262,5821.58984,1,43,43,53,7,0,0,1004.85504,339.167145,752.838806,-0.941201568,0.239220053,-0.234830275,-0.0420489348
3908,0,54b24045-e039-40ee-9ba6-824dbdc42f9e,StartingBlock,390.818359,5821.68994,1,43,43,53,7,0,0,1006.04614,333.983185,757.386597,-0.941199601,0.239224687,-0.234830931,-0.0420645177
3909,0,54b24045-e039-40ee-9ba6-824dbdc42f9e,StartingBlock,390.918457,5821.79004,1,43,43,53,7,0,0,1007.21521,328.778656,761.917786,-0.941188812,0.2392658,-0.234834179,-0.0420540348
3910,0,54b24045-e039-40ee-9ba6-824dbdc42f9e,StartingBlock,391.018066,5821.88965,1,43,43,53,7,0,0,1008.36212,323.553711,766.432312,-0.941195548,0.239249095,-0.234827355,-0.0420354232
3911,0,54b24045-e039-40ee-9ba6-824dbdc42f9e,StartingBlock,391.118164,5821.98975,1,43,43,53,7,0,0,1009.48706,318.308472,770.930054,-0.941189408,0.239257857,-0.234837219,-0.0420680344
3912,0,54b24045-e039-40ee-9ba6-824dbdc42f9e,StartingBlock,391.218262,5822.08984,1,43,43,53,7,0,0,1010.58972,313.042999,775.410889,-0.941203654,0.23922956,-0.234816,-0.0420292579
3913,0,54b24045-e039-40ee-9ba6-824dbdc42f9e,StartingBlock,391.318359,5822.18994,1,43,43,53,7,0,0,1011.67029,307.757507,779.874695,-0.941209614,0.239204571,-0.23481442,-0.0420461372
3914,0,54b24045-e039-40ee-9ba6-824dbdc42f9e,StartingBlock,391.418457,5822.29004,1,43,43,53,7,0,0,1012.72858,302.451965,784.321411,-0.941213846,0.239179179,-0.234820262,-0.0420615263
3915,0,54b24045-e039-40ee-9ba6-824dbdc42f9e,StartingBlock,391.518066,5822.38965,1,43,43,53,7,0,0,1013.76465,297.126617,788.750916,-0.941219389,0.239174023,-0.234809384,-0.0420298465
3916,0,54b24045-e039-40ee-9ba6-824dbdc42f9e,StartingBlock,391.618164,5822.48975,1,43,43,53,7,0,0,1014.77844,291.781494,793.163086,-0.94122529,0.239181831,-0.234784126,-0.0419942178
3917,0,54b24045-e039-40ee-9ba6-824dbdc42f9e,StartingBlock,391.718262,5822.58984,1,43,43,53,7,0,0,1015.7699,286.416656,797.557922,-0.941217422,0.239178166,-0.234807923,-0.0420578197
3918,0,54b24045-e039-40ee-9ba6-824dbdc42f9e,StartingBlock,391.818359,5822.68994,1,43,43,53,7,0,0,1016.7392,281.032379,801.93512,-0.941221774,0.239177614,-0.234793216,-0.0420455746
3919,0,54b24045-e039-40ee-9ba6-824dbdc42f9e,StartingBlock,391.918457,5822.79004,1,43,43,53,7,0,0,1017.68604,275.628662,806.294739,-0.941224337,0.239163414,-0.234796554,-0.0420492589
3920,0,54b24045-e039-40ee-9ba6-824dbdc42f9e,StartingBlock,392.018066,5822.88965,1,43,43,53,7,0,0,1018.61047,270.205627,810.636658,-0.941225708,0.23918353,-0.23477754,-0.0420107394
3921,0,54b24045-e039-40ee-9ba6-824dbdc42f9e,StartingBlock,392.118164,5822.98975,1,43,43,53,7,0,0,1019.51257,264.763397,814.960754,-0.941221178,0.239187002,-0.234786347,-0.0420429707
3922,0,54b24045-e039-40ee-9ba6-824dbdc42f9e,StartingBlock,392.218262,5823.08984,1,43,43,53,7,0,0,1020.39215,259.302094,819.266968,-0.941229939,0.23916468,-0.234777495,-0.0420249477
3923,0,54b24045-e039-40ee-9ba6-824dbdc42f9e,StartingBlock,392.318359,5823.18994,1,43,43,53,7,0,0,1021.24927,253.821808,823.555054,-0.941228509,0.239159629,-0.234782591,-0.0420564823
3924,0,54b24045-e039-40ee-9ba6-824dbdc42f9e,StartingBlock,392.418457,5823.29004,1,43,43,53,7,0,0,1022.08392,248.322647,827.825073,-0.941228867,0.239175469,-0.234761819,-0.0420747586
3925,0,54b24045-e039-40ee-9ba6-824dbdc42f9e,StartingBlock,392.518066,5823.38965,1,43,43,53,7,0,0,1022.89606,242.804749,832.076843,-0.94124037,0.239142582,-0.234752864,-0.0420533046
3926,0,54b24045-e039-40ee-9ba6-824dbdc42f9e,StartingBlock,392.618164,5823.48975,1,43,43,53,7,0,0,1023.68561,237.268234,836.310242,-0.941239715,0.239163771,-0.234732762,-0.0420598276
3927,0,54b24045-e039-40ee-9ba6-824dbdc42f9e,StartingBlock,392.718262,5823.58984,1,43,43,53,7,0,0,1024.45264,231.713165,840.52533,-0.941252112,0.239117488,-0.234730542,-0.0420591682
3928,0,54b24045-e039-40ee-9ba6-824dbdc42f9e,StartingBlock,392.818359,5823.68994,1,43,43,53,7,0,0,1025.19702,226.139755,844.721802,-0.941249728,0.239132896,-0.234719038,-0.0420868471
3929,0,54b24045-e039-40ee-9ba6-824dbdc42f9e,StartingBlock,392.918457,5823.79004,1,43,43,53,7,0,0,1025.9187,220.54805,848.899658,-0.941244006,0.239144042,-0.234730795,-0.0420871861
3930,0,54b24045-e039-40ee-9ba6-824dbdc42f9e,StartingBlock,393.018066,5823.88965,1,43,43,53,7,0,0,1026.6178,214.938141,853.058777,-0.941245914,0.239129275,-0.234739214,-0.0420828797
3931,0,54b24045-e039-40ee-9ba6-824dbdc42f9e,StartingBlock,393.118164,5823.98975,1,43,43,53,7,0,0,1027.29419,209.310196,857.199036,-0.94124186,0.239157572,-0.23472932,-0.0420668237
3932,0,54b24045-e039-40ee-9ba6-824dbdc42f9e,StartingBlock,393.218262,5824.08984,1,43,43,53,7,0,0,1027.94788,203.664322,861.320435,-0.941243649,0.239138097,-0.234739348,-0.0420822725
3933,0,54b24045-e039-40ee-9ba6-824dbdc42f9e,StartingBlock,393.318359,5824.18994,1,43,43,53,7,0,0,1028.57898,198.000595,865.422729,-0.941251099,0.239117026,-0.234735683,-0.0420541838
3934,0,54b24045-e039-40ee-9ba6-824dbdc42f9e,StartingBlock,393.418457,5824.29004,1,43,43,53,7,0,0,1029.18713,192.319183,869.505981,-0.941244781,0.239137501,-0.234746322,-0.0420211293
3935,0,54b24045-e039-40ee-9ba6-824dbdc42f9e,StartingBlock,393.518066,5824.38965,1,43,43,53,7,0,0,1029.77258,186.620224,873.569885,-0.941251278,0.239124015,-0.234726474,-0.0420625173
3936,0,54b24045-e039-40ee-9ba6-824dbdc42f9e,StartingBlock,393.618164,5824.48975,1,43,43,53,7,0,0,1030.33521,180.903763,877.614502,-0.941243708,0.239174977,-0.23470965,-0.0420356281
3937,0,54b24045-e039-40ee-9ba6-824dbdc42f9e,StartingBlock,393.718262,5824.58984,1,43,43,53,7,0,0,1030.875,175.169952,881.639648,-0.941244364,0.239153087,-0.234727904,-0.0420442931
3938,0,54b24045-e039-40ee-9ba6-824dbdc42f9e,StartingBlock,393.818359,5824.68994,1,43,43,53,7,0,0,1031.39197,169.418884,885.645386,-0.941258669,0.239120409,-0.234710723,-0.0420046076
3939,0,54b24045-e039-40ee-9ba6-824dbdc42f9e,StartingBlock,393.918457,5824.79004,1,43,43,53,7,0,0,1031.88611,163.650772,889.63147,-0.941252112,0.239140347,-0.234699026,-0.0421051532
3940,0,54b24045-e039-40ee-9ba6-824dbdc42f9e,StartingBlock,394.018066,5824.88965,1,43,43,53,7,0,0,1032.3573,157.865631,893.5979,-0.941266656,0.239120886,-0.234679431,-0.0419996567
3941,0,54b24045-e039-40ee-9ba6-824dbdc42f9e,StartingBlock,394.118164,5824.98975,1,43,43,53,7,0,0,1032.80566,152.063675,897.544373,-0.941257298,0.239166617,-0.234668344,-0.0420088433
3942,0,54b24045-e039-40ee-9ba6-824dbdc42f9e,StartingBlock,394.218262,5825.08984,1,43,43,53,7,0,0,1033.23108,146.244919,901.471008,-0.941263735,0.239149243,-0.234663263,-0.0419931225
3943,0,54b24045-e039-40ee-9ba6-824dbdc42f9e,StartingBlock,394.318359,5825.18994,1,43,43,53,7,0,0,1033.63354,140.409531,905.377563,-0.941266894,0.239137366,-0.234663606,-0.0419876799
3944,0,54b24045-e039-40ee-9ba6-824dbdc42f9e,StartingBlock,394.418457,5825.29004,1,43,43,53,7,0,0,1034.01306,134.557663,909.264038,-0.941264868,0.239145458,-0.23465763,-0.0420214161
3945,0,54b24045-e039-40ee-9ba6-824dbdc42f9e,StartingBlock,394.518066,5825.38965,1,43,43,53,7,0,0,1034.36951,128.689377,913.130371,-0.94126904,0.239127532,-0.234664574,-0.0419911295
3946,0,54b24045-e039-40ee-9ba6-824dbdc42f9e,StartingBlock,394.618164,5825.48975,1,43,43,53,7,0,0,1034.703,122.804848,916.976318,-0.941263914,0.239152372,-0.234658659,-0.0419968888
3947,0,54b24045-e039-40ee-9ba6-824dbdc42f9e,StartingBlock,394.718262,5825.58984,1,43,43,53,7,0,0,1035.01343,116.904213,920.80188,-0.941261053,0.239146858,-0.234662399,-0.0420714691
3948,0,54b24045-e039-40ee-9ba6-824dbdc42f9e,StartingBlock,394.818359,5825.68994,1,43,43,53,7,0,0,1035.30078,110.987495,924.606934,-0.941269219,0.239123851,-0.234653458,-0.0420705378
3949,0,54b24045-e039-40ee-9ba6-824dbdc42f9e,StartingBlock,394.918457,5825.79004,1,43,43,53,7,0,0,1035.56506,105.054939,928.391418,-0.941259205,0.239143014,-0.234665647,-0.0421170592
3950,0,54b24045-e039-40ee-9ba6-824dbdc42f9e,StartingBlock,395.018066,5825.88965,1,43,43,53,7,0,0,1035.80627,99.1065674,932.155273,-0.941263437,0.239128247,-0.234664097,-0.0421142764
3951,0,54b24045-e039-40ee-9ba6-824dbdc42f9e,StartingBlock,395.118164,5825.98975,1,43,43,53,7,0,0,1036.02441,93.1425629,935.898315,-0.941257834,0.239146873,-0.234673485,-0.0420821346
3952,0,54b24045-e039-40ee-9ba6-824dbdc42f9e,StartingBlock,395.218262,5826.08984,1,43,43,53,7,0,0,1036.21936,87.1630325,939.620422,-0.941270709,0.239116326,-0.234661326,-0.0420352072
3953,0,54b24045-e039-40ee-9ba6-824dbdc42f9e,StartingBlock,395.318359,5826.18994,1,43,43,53,7,0,0,1036.39124,81.1681137,943.321655,-0.941273689,0.23911503,-0.234651193,-0.0420333929
3954,0,54b24045-e039-40ee-9ba6-824dbdc42f9e,StartingBlock,395.418457,5826.29004,1,43,43,53,7,0,0,1036.53992,75.1579514,947.001709,-0.941265821,0.239135668,-0.234654561,-0.042073667
3955,0,54b24045-e039-40ee-9ba6-824dbdc42f9e,StartingBlock,395.518066,5826.38965,1,43,43,53,7,0,0,1036.66541,69.1326141,950.660645,-0.941274107,0.23912926,-0.23463653,-0.042024184
3956,0,54b24045-e039-40ee-9ba6-824dbdc42f9e,StartingBlock,395.618164,5826.48975,1,43,43,53,7,0,0,1036.76782,63.0922699,954.29834,-0.941268146,0.239136025,-0.234646678,-0.0420620069
3957,0,54b24045-e039-40ee-9ba6-824dbdc42f9e,StartingBlock,395.718262,5826.58984,1,43,43,53,7,0,0,1036.84692,57.0370331,957.914673,-0.941268921,0.239131615,-0.234651238,-0.0420447849
3958,0,54b24045-e039-40ee-9ba6-824dbdc42f9e,StartingBlock,395.818359,5826.68994,1,43,43,53,7,0,0,1036.90283,50.9670372,961.509583,-0.941270173,0.239112198,-0.234655052,-0.0421053171
3959,0,54b24045-e039-40ee-9ba6-824dbdc42f9e,StartingBlock,395.918457,5826.79004,1,43,43,53,7,0,0,1036.93542,44.8824043,965.082947,-0.941261709,0.239121959,-0.23467961,-0.0421016328
3960,0,54b24045-e039-40ee-9ba6-824dbdc42f9e,StartingBlock,396.018066,5826.88965,1,43,43,53,7,0,0,1036.94482,38.783268,968.634644,-0.941263616,0.239147097,-0.234646559,-0.0421018414
3961,0,54b24045-e039-40ee-9ba6-824dbdc42f9e,StartingBlock,396.118164,5826.98975,1,43,43,53,7,0,0,1036.93103,32.6697083,972.164795,-0.941279233,0.239111692,-0.234620035,-0.042101115
3962,0,54b24045-e039-40ee-9ba6-824dbdc42f9e,StartingBlock,396.218262,5827.08984,1,43,43,53,7,0,0,1036.89392,26.541893,975.672913,-0.941297412,0.239084974,-0.23458162,-0.0420619026
3963,0,54b24045-e039-40ee-9ba6-824dbdc42f9e,StartingBlock,396.318359,5827.18994,1,43,43,53,7,0,0,1036.8335,20.4000359,979.15918,-0.941274345,0.239147663,-0.234599859,-0.0421178564
3964,0,54b24045-e039-40ee-9ba6-824dbdc42f9e,StartingBlock,396.418457,5827.29004,1,43,43,53,7,0,0,1036.74976,14.2441158,982.623535,-0.94128561,0.239090666,-0.234612212,-0.0421220474
3965,0,54b24045-e039-40ee-9ba6-824dbdc42f9e,StartingBlock,396.518066,5827.38965,1,43,43,53,7,0,0,1036.6427,8.07437325,986.065735,-0.941276968,0.239132017,-0.234602183,-0.0421374552
3966,0,54b24045-e039-40ee-9ba6-824dbdc42f9e,StartingBlock,396.618164,5827.48975,1,43,43,53,7,0,0,1036.51233,1.89086533,989.485779,-0.941275895,0.239135116,-0.234602526,-0.0421409123
3967,0,54b24045-e039-40ee-9ba6-824dbdc42f9e,StartingBlock,396.718262,5827.58984,1,43,43,53,7,0,0,1036.35864,-4.30623722,992.883606,-0.941281438,0.239118218,-0.23459959,-0.0421285182
3968,0,54b24045-e039-40ee-9ba6-824dbdc42f9e,StartingBlock,396.818359,5827.68994,1,43,43,53,7,0,0,1036.18152,-10.5168343,996.258911,-0.941298068,0.239091307,-0.234577343,-0.0420345925
3969,0,54b24045-e039-40ee-9ba6-824dbdc42f9e,StartingBlock,396.918457,5827.79004,1,43,43,53,7,0,0,1035.98108,-16.7407265,999.611816,-0.941297531,0.23909995,-0.234551489,-0.0421407036
3970,0,54b24045-e039-40ee-9ba6-824dbdc42f9e,StartingBlock,397.018066,5827.88965,1,43,43,53,7,0,0,1035.75732,-22.9778404,1002.94226,-0.941302717,0.239106148,-0.234525666,-0.0421327315
3971,0,54b24045-e039-40ee-9ba6-824dbdc42f9e,StartingBlock,397.118164,5827.98975,1,43,43,53,7,0,0,1035.51013,-29.2280617,1006.25,-0.941328406,0.239069954,-0.234473318,-0.0420568809
3972,0,54b24045-e039-40ee-9ba6-824dbdc42f9e,StartingBlock,397.218262,5828.08984,1,43,43,53,7,0,0,1035.2395,-35.4911766,1009.53503,-0.941320717,0.239099249,-0.234469637,-0.0420818739
3973,0,54b24045-e039-40ee-9ba6-824dbdc42f9e,StartingBlock,397.318359,5828.18994,1,43,43,53,7,0,0,1034.94543,-41.7671356,1012.79724,-0.941320002,0.23911126,-0.234462902,-0.0420663916
3974,0,54b24045-e039-40ee-9ba6-824dbdc42f9e,StartingBlock,397.418457,5828.29004,1,43,43,53,7,0,0,1034.62805,-48.0557938,1016.03662,-0.941329598,0.239072978,-0.23446402,-0.0420641378
3975,0,54b24045-e039-40ee-9ba6-824dbdc42f9e,StartingBlock,397.518066,5828.38965,1,43,43,53,7,0,0,1034.28723,-54.3569794,1019.25293,-0.941331029,0.239070505,-0.234462604,-0.0420549326
3976,0,54b24045-e039-40ee-9ba6-824dbdc42f9e,StartingBlock,397.618164,5828.48975,1,43,43,53,7,0,0,1033.92285,-60.6705627,1022.44623,-0.941329658,0.239083931,-0.2344511,-0.0420716219
3977,0,54b24045-e039-40ee-9ba6-824dbdc42f9e,StartingBlock,397.718262,5828.58984,1,43,43,53,7,0,0,1033.53516,-66.9964523,1025.61633,-0.941347003,0.239042014,-0.234431937,-0.0420291014
3978,0,54b24045-e039-40ee-9ba6-824dbdc42f9e,StartingBlock,397.818359,5828.68994,1,43,43,53,7,0,0,1033.1239,-73.3344116,1028.76318,-0.941323042,0.239109844,-0.234447137,-0.0420966819
3979,0,54b24045-e039-40ee-9ba6-824dbdc42f9e,StartingBlock,397.918457,5828.79004,1,43,43,53,7,0,0,1032.68933,-79.684433,1031.88672,-0.941323221,0.23909229,-0.234460428,-0.0421179533
3980,0,54b24045-e039-40ee-9ba6-824dbdc42f9e,StartingBlock,398.018066,5828.88965,1,43,43,53,7,0,0,1032.23132,-86.0463104,1034.98682,-0.941325545,0.239079341,-0.234476611,-0.0420485996
3981,0,54b24045-e039-40ee-9ba6-824dbdc42f9e,StartingBlock,398.118164,5828.98975,1,43,43,53,7,0,0,1031.74976,-92.4198914,1038.06335,-0.941325545,0.239101261,-0.234453663,-0.0420498997
3982,0,54b24045-e039-40ee-9ba6-824dbdc42f9e,StartingBlock,398.218262,5829.08984,1,43,43,53,7,0,0,1031.24463,-98.80513,1041.11621,-0.941333771,0.239051089,-0.234462291,-0.0421055667
3983,0,54b24045-e039-40ee-9ba6-824dbdc42f9e,StartingBlock,398.318359,5829.18994,1,43,43,53,7,0,0,1030.71606,-105.20179,1044.14551,-0.941336334,0.239078298,-0.234424099,-0.0421054177
3984,0,54b24045-e039-40ee-9ba6-824dbdc42f9e,StartingBlock,398.418457,5829.29004,1,43,43,53,7,0,0,1030.16406,-111.609825,1047.151,-0.941353083,0.239075541,-0.23435609,-0.0421249829
3985,0,54b24045-e039-40ee-9ba6-824dbdc42f9e,StartingBlock,398.518066,5829.38965,1,43,43,53,7,0,0,1029.58875,-118.028999,1050.13269,-0.941360593,0.239042968,-0.234353006,-0.0421603955
3986,0,54b24045-e039-40ee-9ba6-824dbdc42f9e,StartingBlock,398.618164,5829.48975,1,43,43,53,7,0,0,1028.98975,-124.459259,1053.09045,-0.941371322,0.239011332,-0.234348252,-0.0421258397
3987,0,54b24045-e039-40ee-9ba6-824dbdc42f9e,StartingBlock,398.718262,5829.58984,1,43,43,53,7,0,0,1028.36719,-130.900406,1056.02393,-0.941379786,0.238987178,-0.234334603,-0.0421490073
3988,0,54b24045-e039-40ee-9ba6-824dbdc42f9e,StartingBlock,398.818359,5829.68994,1,43,43,53,7,0,0,1027.72119,-137.352295,1058.93347,-0.941373348,0.239015862,-0.23433356,-0.0421364047
3989,0,54b24045-e039-40ee-9ba6-824dbdc42f9e,StartingBlock,398.918457,5829.79004,1,43,43,53,7,0,0,1027.05176,-143.814804,1061.81873,-0.941357851,0.239090145,-0.234313592,-0.0421717502
3990,0,54b24045-e039-40ee-9ba6-824dbdc42f9e,StartingBlock,399.018066,5829.88965,1,43,43,53,7,0,0,1026.35876,-150.287872,1064.67993,-0.94136858,0.239038557,-0.234326914,-0.0421506129
3991,0,54b24045-e039-40ee-9ba6-824dbdc42f9e,StartingBlock,399.118164,5829.98975,1,43,43,53,7,0,0,1025.64221,-156.77121,1067.5166,-0.941359639,0.239048526,-0.234336331,-0.0422421992
3992,0,54b24045-e039-40ee-9ba6-824dbdc42f9e,StartingBlock,399.218262,5830.08984,1,43,43,53,7,0,0,1024.90234,-163.264832,1070.32874,-0.941374302,0.239019901,-0.234324291,-0.0421424545
3993,0,54b24045-e039-40ee-9ba6-824dbdc42f9e,StartingBlock,399.318359,5830.18994,1,43,43,53,7,0,0,1024.13879,-169.768417,1073.11633,-0.941361487,0.239109024,-0.234288827,-0.0421213843
3994,0,54b24045-e039-40ee-9ba6-824dbdc42f9e,StartingBlock,399.418457,5830.29004,1,43,43,53,7,0,0,1023.35168,-176.282028,1075.87952,-0.941367924,0.239043117,-0.23432003,-0.0421782918
3995,0,54b24045-e039-40ee-9ba6-824dbdc42f9e,StartingBlock,399.518066,5830.38965,1,43,43,53,7,0,0,1022.54114,-182.805435,1078.6178,-0.941378951,0.239006817,-0.234319493,-0.0421408787
3996,0,54b24045-e039-40ee-9ba6-824dbdc42f9e,StartingBlock,399.618164,5830.48975,1,43,43,53,7,0,0,1021.70703,-189.338425,1081.3313,-0.941381931,0.239006415,-0.234305933,-0.042152375
3997,0,54b24045-e039-40ee-9ba6-824dbdc42f9e,StartingBlock,399.718262,5830.58984,1,43,43,53,7,0,0,1020.84943,-195.88092,1084.0199,-0.941377461,0.239038303,-0.23428829,-0.0421681516
3998,0,54b24045-e039-40ee-9ba6-824dbdc42f9e,StartingBlock,399.818359,5830.68994,1,43,43,53,7,0,0,1019.96832,-202.43277,1086.68359,-0.941366434,0.239059314,-0.23431018,-0.0421754494
3999,0,54b24045-e039-40ee-9ba6-824dbdc42f9e,StartingBlock,399.918457,5830.79004,1,43,43,53,7,0,0,1019.06372,-208.993866,1089.32214,-0.941378772,0.239045516,-0.234281942,-0.0421336479
4000,0,54b24045-e039-40ee-9ba6-824dbdc42f9e,StartingBlock,400.018066,5830.88965,1,43,43,53,7,0,0,1018.13556,-215.563965,1091.93567,-0.941377223,0.239087656,-0.234245673,-0.0421315171
4001,0,54b24045-e039-40ee-9ba6-824dbdc42f9e,StartingBlock,400.118164,5830.98975,1,43,43,53,7,0,0,1017.1839,-222.143051,1094.52417,-0.94138068,0.239028394,-0.234282464,-0.0421865322
4002,0,54b24045-e039-40ee-9ba6-824dbdc42f9e,StartingBlock,400.218262,5831.08984,1,43,43,53,7,0,0,1016.2088,-228.730881,1097.08716,-0.941390455,0.23903586,-0.234237313,-0.0421761125
4003,0,54b24045-e039-40ee-9ba6-824dbdc42f9e,StartingBlock,400.318359,5831.18994,1,43,43,53,7,0,0,1015.21014,-235.327347,1099.62488,-0.94139415,0.239006355,-0.234246328,-0.042210605
4004,0,54b24045-e039-40ee-9ba6-824dbdc42f9e,StartingBlock,400.418457,5831.29004,1,43,43,53,7,0,0,1014.18799,-241.932297,1102.13708,-0.941381574,0.239044145,-0.234262735,-0.0421863869
4005,0,54b24045-e039-40ee-9ba6-824dbdc42f9e,StartingBlock,400.518066,5831.38965,1,43,43,53,7,0,0,1013.14233,-248.545624,1104.62366,-0.941384375,0.239013568,-0.23428078,-0.0421970785
4006,0,54b24045-e039-40ee-9ba6-824dbdc42f9e,StartingBlock,400.618164,5831.48975,1,43,43,53,7,0,0,1012.07318,-255.167145,1107.08472,-0.941376209,0.239043906,-0.234284878,-0.0421836749
4007,0,54b24045-e039-40ee-9ba6-824dbdc42f9e,StartingBlock,400.718262,5831.58984,1,43,43,53,7,0,0,1010.98053,-261.796661,1109.52026,-0.941378117,0.239033341,-0.234287471,-0.0421882011
4008,0,54b24045-e039-40ee-9ba6-824dbdc42f9e,StartingBlock,400.818359,5831.68994,1,43,43,53,7,0,0,1009.86432,-268.434143,1111.92969,-0.941365182,0.239085123,-0.234289944,-0.0421683826
4009,0,54b24045-e039-40ee-9ba6-824dbdc42f9e,StartingBlock,400.918457,5831.79004,1,43,43,53,7,0,0,1008.72473,-275.079407,1114.3136,-0.94138521,0.239057362,-0.234240845,-0.0421514548
4010,0,54b24045-e039-40ee-9ba6-824dbdc42f9e,StartingBlock,401.018066,5831.88965,1,43,43,53,7,0,0,1007.56165,-281.732269,1116.67139,-0.94138974,0.239038348,-0.234241426,-0.0421561301
4011,0,54b24045-e039-40ee-9ba6-824dbdc42f9e,StartingBlock,401.118164,5831.98975,1,43,43,53,7,0,0,1006.37512,-288.392609,1119.00342,-0.941388011,0.239012927,-0.234263703,-0.0422140732
4012,0,54b24045-e039-40ee-9ba6-824dbdc42f9e,StartingBlock,401.218262,5832.08984,1,43,43,53,7,0,0,1005.1651,-295.06015,1121.30896,-0.941369057,0.239091188,-0.234260425,-0.0422105081
4013,0,54b24045-e039-40ee-9ba6-824dbdc42f9e,StartingBlock,401.318359,5832.18994,1,43,43,53,7,0,0,1003.93158,-301.734985,1123.58875,-0.941376686,0.239066318,-0.234259918,-0.0421853326
4014,0,54b24045-e039-40ee-9ba6-824dbdc42f9e,StartingBlock,401.418457,5832.29004,1,43,43,53,7,0,0,1002.67468,-308.416809,1125.84216,-0.941379607,0.239050239,-0.234262705,-0.0421957634
4015,0,54b24045-e039-40ee-9ba6-824dbdc42f9e,StartingBlock,401.518066,5832.38965,1,43,43,53,7,0,0,1001.39435,-315.10553,1128.06946,-0.941387832,0.238992274,-0.234289959,-0.0421885662
4016,0,54b24045-e039-40ee-9ba6-824dbdc42f9e,StartingBlock,401.618164,5832.48975,1,43,43,53,7,0,0,1000.09058,-321.800873,1130.27026,-0.941381037,0.239011884,-0.234295353,-0.0421982557
4017,0,54b24045-e039-40ee-9ba6-824dbdc42f9e,StartingBlock,401.718262,5832.58984,1,43,43,53,7,0,0,998.763428,-328.502777,1132.44446,-0.941379488,0.239010945,-0.234298915,-0.0422209054
4018,0,54b24045-e039-40ee-9ba6-824dbdc42f9e,StartingBlock,401.818359,5832.68994,1,43,43,53,7,0,0,997.412842,-335.21109,1134.59229,-0.941381097,0.239051104,-0.234260038,-0.0421712101
4019,0,54b24045-e039-40ee-9ba6-824dbdc42f9e,StartingBlock,401.918457,5832.79004,1,43,43,53,7,0,0,996.038879,-341.92569,1136.7135,-0.941374242,0.239086926,-0.234242365,-0.0422204547
4020,0,54b24045-e039-40ee-9ba6-824dbdc42f9e,StartingBlock,402.018066,5832.88965,1,43,43,53,7,0,0,994.641479,-348.646332,1138.80798,-0.941370666,0.239116818,-0.234233469,-0.0421801656
4021,0,54b24045-e039-40ee-9ba6-824dbdc42f9e,StartingBlock,402.118164,5832.98975,1,43,43,53,7,0,0,993.220703,-355.373016,1140.87573,-0.941386163,0.239050254,-0.234233603,-0.0422120728
4022,0,54b24045-e039-40ee-9ba6-824dbdc42f9e,StartingBlock,402.218262,5833.08984,1,43,43,53,7,0,0,991.776611,-362.105469,1142.91663,-0.941391408,0.239042193,-0.234218314,-0.0422254279
4023,0,54b24045-e039-40ee-9ba6-824dbdc42f9e,StartingBlock,402.318359,5833.18994,1,43,43,53,7,0,0,990.309143,-368.843567,1144.93054,-0.94137466,0.239085332,-0.234244585,-0.042206604
4024,0,54b24045-e039-40ee-9ba6-824dbdc42f9e,StartingBlock,402.418457,5833.29004,1,43,43,53,7,0,0,988.818359,-375.587189,1146.9176,-0.941386104,0.239064842,-0.234225243,-0.042176567
4025,0,54b24045-e039-40ee-9ba6-824dbdc42f9e,StartingBlock,402.518066,5833.38965,1,43,43,53,7,0,0,987.304138,-382.336121,1148.87769,-0.941390812,0.2390614,-0.234206855,-0.0421929844
4026,0,54b24045-e039-40ee-9ba6-824dbdc42f9e,StartingBlock,402.618164,5833.48975,1,43,43,53,7,0,0,985.766724,-389.090271,1150.81055,-0.941384256,0.239081278,-0.234211743,-0.0421994179
4027,0,54b24045-e039-40ee-9ba6-824dbdc42f9e,StartingBlock,402.718262,5833.58984,1,43,43,53,7,0,0,984.205994,-395.849426,1152.71619,-0.941375196,0.239086583,-0.23423633,-0.0422328487
4028,0,54b24045-e039-40ee-9ba6-824dbdc42f9e,StartingBlock,402.818359,5833.68994,1,43,43,53,7,0,0,982.621887,-402.613434,1154.5946,-0.941371441,0.239113986,-0.234224439,-0.0422287732
4029,0,54b24045-e039-40ee-9ba6-824dbdc42f9e,StartingBlock,402.918457,5833.79004,1,43,43,53,7,0,0,981.014526,-409.382202,1156.44568,-0.9413867,0.239075005,-0.234201983,-0.0422333628
4030,0,54b24045-e039-40ee-9ba6-824dbdc42f9e,StartingBlock,403.018066,5833.88965,1,43,43,53,7,0,0,979.384033,-416.155579,1158.26941,-0.94139415,0.239056438,-0.234193414,-0.042221088
4031,0,54b24045-e039-40ee-9ba6-824dbdc42f9e,StartingBlock,403.118164,5833.98975,1,43,43,53,7,0,0,977.730164,-422.933289,1160.06555,-0.941374362,0.239117458,-0.234206125,-0.0422458872
4032,0,54b24045-e039-40ee-9ba6-824dbdc42f9e,StartingBlock,403.218262,5834.08984,1,43,43,53,7,0,0,976.053162,-429.71524,1161.83411,-0.941374421,0.239105672,-0.234212756,-0.0422749892
4033,0,54b24045-e039-40ee-9ba6-824dbdc42f9e,StartingBlock,403.318359,5834.18994,1,43,43,53,7,0,0,974.352905,-436.501312,1163.5752,-0.941387594,0.239076197,-0.234189168,-0.0422781073
4034,0,54b24045-e039-40ee-9ba6-824dbdc42f9e,StartingBlock,403.418457,5834.29004,1,43,43,53,7,0,0,972.629395,-443.291321,1165.28845,-0.941383541,0.239122838,-0.234167412,-0.0422257446
4035,0,54b24045-e039-40ee-9ba6-824dbdc42f9e,StartingBlock,403.518066,5834.38965,1,43,43,53,7,0,0,970.882813,-450.085052,1166.974,-0.941375315,0.239181384,-0.234141573,-0.0422209464
4036,0,54b24045-e039-40ee-9ba6-824dbdc42f9e,StartingBlock,403.618164,5834.48975,1,43,43,53,7,0,0,969.113037,-456.882477,1168.63171,-0.941386461,0.239136681,-0.234139025,-0.0422391035
4037,0,54b24045-e039-40ee-9ba6-824dbdc42f9e,StartingBlock,403.718262,5834.58984,1,43,43,53,7,0,0,967.320068,-463.683319,1170.2616,-0.941367686,0.239197046,-0.23414667,-0.042273771
4038,0,54b24045-e039-40ee-9ba6-824dbdc42f9e,StartingBlock,403.818359,5834.68994,1,43,43,53,7,0,0,965.504028,-470.487518,1171.86353,-0.941384792,0.239140466,-0.234135687,-0.0422738865
4039,0,54b24045-e039-40ee-9ba6-824dbdc42f9e,StartingBlock,403.918457,5834.79004,1,43,43,53,7,0,0,963.664917,-477.29483,1173.4375,-0.941371858,0.239152536,-0.234174773,-0.0422766395
4040,0,54b24045-e039-40ee-9ba6-824dbdc42f9e,StartingBlock,404.018066,5834.88965,1,43,43,53,7,0,0,961.802612,-484.105164,1174.98328,-0.941364825,0.239188582,-0.234166592,-0.04227487
4041,0,54b24045-e039-40ee-9ba6-824dbdc42f9e,StartingBlock,404.118164,5834.98975,1,43,43,53,7,0,0,959.917358,-490.918304,1176.50098,-0.941361845,0.239188105,-0.234183639,-0.0422494188
4042,0,54b24045-e039-40ee-9ba6-824dbdc42f9e,StartingBlock,404.218262,5835.08984,1,43,43,53,7,0,0,958.009033,-497.734039,1177.99036,-0.941361368,0.239197865,-0.234170452,-0.0422786176
4043,0,54b24045-e039-40ee-9ba6-824dbdc42f9e,StartingBlock,404.318359,5835.18994,1,43,43,53,7,0,0,956.077698,-504.552368,1179.45142,-0.941368043,0.239189893,-0.234155238,-0.0422586277
4044,0,54b24045-e039-40ee-9ba6-824dbdc42f9e,StartingBlock,404.418457,5835.29004,1,43,43,53,7,0,0,954.123413,-511.373047,1180.88416,-0.94135648,0.239233896,-0.234159783,-0.0422419645
4045,0,54b24045-e039-40ee-9ba6-824dbdc42f9e,StartingBlock,404.518066,5835.38965,1,43,43,53,7,0,0,952.145996,-518.195801,1182.28857,-0.941363096,0.239182115,-0.234175429,-0.0423022471
4046,0,54b24045-e039-40ee-9ba6-824dbdc42f9e,StartingBlock,404.618164,5835.48975,1,43,43,53,7,0,0,950.145752,-525.020691,1183.66443,-0.941382945,0.23911716,-0.234168917,-0.042263791
4047,0,54b24045-e039-40ee-9ba6-824dbdc42f9e,StartingBlock,404.718262,5835.58984,1,43,43,53,7,0,0,948.122559,-531.847412,1185.01172,-0.941374063,0.2391655,-0.234152824,-0.0422756523
4048,0,54b24045-e039-40ee-9ba6-824dbdc42f9e,StartingBlock,404.818359,5835.68994,1,43,43,53,7,0,0,946.076477,-538.675842,1186.33044,-0.9413746,0.239158913,-0.234151512,-0.0423098132
4049,0,54b24045-e039-40ee-9ba6-824dbdc42f9e,StartingBlock,404.918457,5835.79004,1,43,43,53,7,0,0,944.007568,-545.505737,1187.62036,-0.94137001,0.239199236,-0.23413831,-0.0422550067
4050,0,54b24045-e039-40ee-9ba6-824dbdc42f9e,StartingBlock,405.018066,5835.88965,1,43,43,53,7,0,0,941.91571,-552.337097,1188.88171,-0.941379786,0.239186481,-0.234115422,-0.0422362909
4051,0,54b24045-e039-40ee-9ba6-824dbdc42f9e,StartingBlock,405.118164,5835.98975,1,43,43,53,7,0,0,939.801025,-559.169556,1190.11414,-0.941358209,0.239225075,-0.234155387,-0.042278599
4052,0,54b24045-e039-40ee-9ba6-824dbdc42f9e,StartingBlock,405.218262,5836.08984,1,43,43,53,7,0,0,937.663635,-566.003113,1191.31787,-0.94137162,0.239161104,-0.234165072,-0.0422880314
4053,0,54b24045-e039-40ee-9ba6-824dbdc42f9e,StartingBlock,405.318359,5836.18994,1,43,43,53,7,0,0,935.503479,-572.837463,1192.49255,-0.941360414,0.239187136,-0.234184936,-0.0422787294
4054,0,54b24045-e039-40ee-9ba6-824dbdc42f9e,StartingBlock,405.418457,5836.29004,1,43,43,53,7,0,0,933.320557,-579.672607,1193.63818,-0.941355646,0.239213154,-0.234175652,-0.0422887243
4055,0,54b24045-e039-40ee-9ba6-824dbdc42f9e,StartingBlock,405.518066,5836.38965,1,43,43,53,7,0,0,931.114868,-586.508118,1194.75488,-0.941345334,0.239218742,-0.234221071,-0.0422358252
4056,0,54b24045-e039-40ee-9ba6-824dbdc42f9e,StartingBlock,405.618164,5836.48975,1,43,43,53,7,0,0,928.886536,-593.344177,1195.84241,-0.941357374,0.239193127,-0.234194234,-0.0422622077
4057,0,54b24045-e039-40ee-9ba6-824dbdc42f9e,StartingBlock,405.718262,5836.58984,1,43,43,53,7,0,0,926.635559,-600.18042,1196.90088,-0.941344678,0.239220768,-0.234211773,-0.042290926
4058,0,54b24045-e039-40ee-9ba6-824dbdc42f9e,StartingBlock,405.818359,5836.68994,1,43,43,53,7,0,0,924.361938,-607.016724,1197.93005,-0.941338658,0.239250034,-0.234214231,-0.04224566
4059,0,54b24045-e039-40ee-9ba6-824dbdc42f9e,StartingBlock,405.918457,5836.79004,1,43,43,53,7,0,0,922.065735,-613.852844,1198.93005,-0.941344559,0.239216,-0.234219909,-0.042276185
4060,0,54b24045-e039-40ee-9ba6-824dbdc42f9e,StartingBlock,406.018066,5836.88965,1,43,43,53,7,0,0,919.746948,-620.688782,1199.90063,-0.941328526,0.23922281,-0.234276682,-0.0422797427
4061,0,54b24045-e039-40ee-9ba6-824dbdc42f9e,StartingBlock,406.118164,5836.98975,1,43,43,53,7,0,0,917.40564,-627.52417,1200.84167,-0.94132787,0.239265651,-0.234233603,-0.0422907434
4062,0,54b24045-e039-40ee-9ba6-824dbdc42f9e,StartingBlock,406.218262,5837.08984,1,43,43,53,7,0,0,915.041748,-634.358948,1201.75342,-0.941323996,0.239239737,-0.234274507,-0.042295523
4063,0,54b24045-e039-40ee-9ba6-824dbdc42f9e,StartingBlock,406.318359,5837.18994,1,43,43,53,7,0,0,912.655457,-641.192871,1202.63562,-0.941306233,0.239266425,-0.234321848,-0.0422789082
4064,0,54b24045-e039-40ee-9ba6-824dbdc42f9e,StartingBlock,406.418457,5837.29004,1,43,43,53,7,0,0,910.246704,-648.025879,1203.4884,-0.941303432,0.239263654,-0.234334975,-0.0422835127
4065,0,54b24045-e039-40ee-9ba6-824dbdc42f9e,StartingBlock,406.518066,5837.38965,1,43,43,53,7,0,0,907.815613,-654.857727,1204.3114,-0.941303015,0.239276946,-0.234325588,-0.0422696956
4066,0,54b24045-e039-40ee-9ba6-824dbdc42f9e,StartingBlock,406.618164,5837.48975,1,43,43,53,7,0,0,905.362061,-661.688354,1205.10486,-0.941299796,0.239289165,-0.234321207,-0.0422966629
4067,0,54b24045-e039-40ee-9ba6-824dbdc42f9e,StartingBlock,406.718262,5837.58984,1,43,43,53,7,0,0,902.886108,-668.517395,1205.86841,-0.941302776,0.239302635,-0.234300077,-0.04227053
4068,0,54b24045-e039-40ee-9ba6-824dbdc42f9e,StartingBlock,406.818359,5837.68994,1,43,43,53,7,0,0,900.387939,-675.34491,1206.60217,-0.941297174,0.239319175,-0.234301001,-0.0422966965
4069,0,54b24045-e039-40ee-9ba6-824dbdc42f9e,StartingBlock,406.918457,5837.79004,1,43,43,53,7,0,0,897.867493,-682.170532,1207.30627,-0.941297948,0.23931849,-0.234303862,-0.0422677845
4070,0,54b24045-e039-40ee-9ba6-824dbdc42f9e,StartingBlock,407.018066,5837.88965,1,43,43,53,7,0,0,895.324768,-688.994202,1207.98047,-0.941292644,0.239329934,-0.234312311,-0.0422736667
4071,0,54b24045-e039-40ee-9ba6-824dbdc42f9e,StartingBlock,407.118164,5837.98975,1,43,43,53,7,0,0,892.759888,-695.815735,1208.62463,-0.941293597,0.239353821,-0.23428525,-0.0422687232
4072,0,54b24045-e039-40ee-9ba6-824dbdc42f9e,StartingBlock,407.218262,5838.08984,1,43,43,53,7,0,0,890.172913,-702.634888,1209.23889,-0.941307843,0.239309713,-0.234273002,-0.0422684252
4073,0,54b24045-e039-40ee-9ba6-824dbdc42f9e,StartingBlock,407.318359,5838.18994,1,43,43,53,7,0,0,887.563782,-709.451477,1209.823,-0.941312134,0.239281893,-0.234284505,-0.0422674045
4074,0,54b24045-e039-40ee-9ba6-824dbdc42f9e,StartingBlock,407.418457,5838.29004,1,43,43,53,7,0,0,884.932556,-716.265503,1210.37708,-0.941313148,0.239303619,-0.234251544,-0.0423032343
4075,0,54b24045-e039-40ee-9ba6-824dbdc42f9e,StartingBlock,407.518066,5838.38965,1,43,43,53,7,0,0,882.279297,-723.076599,1210.90112,-0.941317856,0.239270389,-0.234264016,-0.0423175097
4076,0,54b24045-e039-40ee-9ba6-824dbdc42f9e,StartingBlock,407.618164,5838.48975,1,43,43,53,7,0,0,879.604065,-729.884766,1211.3949,-0.941328466,0.23926957,-0.234220073,-0.0423308462
4077,0,54b24045-e039-40ee-9ba6-824dbdc42f9e,StartingBlock,407.718262,5838.58984,1,43,43,53,7,0,0,876.906738,-736.689636,1211.8584,-0.941325068,0.239279449,-0.234223172,-0.0423328951
4078,0,54b24045-e039-40ee-9ba6-824dbdc42f9e,StartingBlock,407.818359,5838.68994,1,43,43,53,7,0,0,874.187622,-743.491272,1212.29163,-0.941329122,0.239308342,-0.234185725,-0.0422866493
4079,0,54b24045-e039-40ee-9ba6-824dbdc42f9e,StartingBlock,407.918457,5838.79004,1,43,43,53,7,0,0,871.446594,-750.289307,1212.69458,-0.941325784,0.239293262,-0.234205931,-0.0423340686
4080,0,54b24045-e039-40ee-9ba6-824dbdc42f9e,StartingBlock,408.018066,5838.88965,1,43,43,53,7,0,0,868.683716,-757.083557,1213.06702,-0.94132781,0.239330202,-0.234166935,-0.0422951281
4081,0,54b24045-e039-40ee-9ba6-824dbdc42f9e,StartingBlock,408.118164,5838.98975,1,43,43,53,7,0,0,865.899048,-763.873962,1213.40918,-0.94131285,0.239366829,-0.234186366,-0.042313721
4082,0,54b24045-e039-40ee-9ba6-824dbdc42f9e,StartingBlock,408.218262,5839.08984,1,43,43,53,7,0,0,863.09259,-770.660339,1213.7207,-0.941322982,0.239330992,-0.234177649,-0.0423395112
4083,0,54b24045-e039-40ee-9ba6-824dbdc42f9e,StartingBlock,408.318359,5839.18994,1,43,43,53,7,0,0,860.264465,-777.442261,1214.00171,-0.94133091,0.239324152,-0.234155953,-0.0423199907
4084,0,54b24045-e039-40ee-9ba6-824dbdc42f9e,StartingBlock,408.418457,5839.29004,1,43,43,53,7,0,0,857.414734,-784.21991,1214.25232,-0.941338778,0.239319682,-0.234135121,-0.0422869734
4085,0,54b24045-e039-40ee-9ba6-824dbdc42f9e,StartingBlock,408.518066,5839.38965,1,43,43,53,7,0,0,854.543274,-790.993042,1214.47241,-0.941352367,0.239265248,-0.23413302,-0.0423026159
4086,0,54b24045-e039-40ee-9ba6-824dbdc42f9e,StartingBlock,408.618164,5839.48975,1,43,43,53,7,0,0,851.65033,-797.761353,1214.66174,-0.941340566,0.239281923,-0.234154165,-0.0423565991
4087,0,54b24045-e039-40ee-9ba6-824dbdc42f9e,StartingBlock,408.718262,5839.58984,1,43,43,53,7,0,0,848.735779,-804.524658,1214.82019,-0.941340446,0.239318281,-0.234124854,-0.0423139036
4088,0,54b24045-e039-40ee-9ba6-824dbdc42f9e,StartingBlock,408.818359,5839.68994,1,43,43,53,7,0,0,845.799683,-811.282837,1214.948,-0.941362977,0.239284381,-0.234064832,-0.0423370004
4089,0,54b24045-e039-40ee-9ba6-824dbdc42f9e,StartingBlock,408.918457,5839.79004,1,43,43,53,7,0,0,842.842285,-818.035889,1215.04504,-0.941358089,0.239293382,-0.234075248,-0.0423372984
4090,0,54b24045-e039-40ee-9ba6-824dbdc42f9e,StartingBlock,409.018066,5839.88965,1,43,43,53,7,0,0,839.863464,-824.783142,1215.11121,-0.941357791,0.239311129,-0.234052792,-0.0423681401
4091,0,54b24045-e039-40ee-9ba6-824dbdc42f9e,StartingBlock,409.118164,5839.98975,1,43,43,53,7,0,0,836.86322,-831.525024,1215.14673,-0.941378832,0.239253551,-0.234022573,-0.0423915125
4092,0,54b24045-e039-40ee-9ba6-824dbdc42f9e,StartingBlock,409.218262,5840.08984,1,43,43,53,7,0,0,833.841797,-838.260803,1215.15125,-0.941374362,0.23930645,-0.233991846,-0.0423630588
4093,0,54b24045-e039-40ee-9ba6-824dbdc42f9e,StartingBlock,409.318359,5840.18994,1,43,43,53,7,0,0,830.799133,-844.990723,1215.12476,-0.941379249,0.239283964,-0.233995378,-0.0423617288
4094,0,54b24045-e039-40ee-9ba6-824dbdc42f9e,StartingBlock,409.418457,5840.29004,1,43,43,53,7,0,0,827.735229,-851.714417,1215.06738,-0.941368163,0.239309713,-0.234010532,-0.0423771627
4095,0,54b24045-e039-40ee-9ba6-824dbdc42f9e,StartingBlock,409.518066,5840.38965,1,43,43,53,7,0,0,824.650146,-858.431702,1214.979,-0.941371322,0.239304915,-0.234005153,-0.0423653759
4096,0,54b24045-e039-40ee-9ba6-824dbdc42f9e,StartingBlock,409.618164,5840.48975,1,43,43,53,7,0,0,821.544067,-865.142395,1214.85938,-0.94136107,0.239340097,-0.234009221,-0.0423708111
4097,0,54b24045-e039-40ee-9ba6-824dbdc42f9e,StartingBlock,409.718262,5840.58984,1,43,43,53,7,0,0,818.41687,-871.846313,1214.70874,-0.941371441,0.239305153,-0.234001219,-0.0423838422
4098,0,54b24045-e039-40ee-9ba6-824dbdc42f9e,StartingBlock,409.818359,5840.68994,1,43,43,53,7,0,0,815.268799,-878.543335,1214.5271,-0.941368103,0.239351287,-0.233966261,-0.0423894674
4099,0,54b24045-e039-40ee-9ba6-824dbdc42f9e,StartingBlock,409.918457,5840.79004,1,43,43,53,7,0,0,812.099731,-885.233215,1214.31396,-0.941362023,0.239358604,-0.233983696,-0.0423881374
4100,0,54b24045-e039-40ee-9ba6-824dbdc42f9e,StartingBlock,410.018066,5840.88965,1,43,43,53,7,0,0,808.909851,-891.915955,1214.07007,-0.941381574,0.23928614,-0.233977884,-0.0423949882
4101,0,54b24045-e039-40ee-9ba6-824dbdc42f9e,StartingBlock,410.118164,5840.98975,1,43,43,53,7,0,0,805.699097,-898.591064,1213.79468,-0.941376984,0.239326984,-0.233954385,-0.0423958972
4102,0,54b24045-e039-40ee-9ba6-824dbdc42f9e,StartingBlock,410.218262,5841.08984,1,43,43,53,7,0,0,802.46759,-905.258545,1213.48816,-0.941372097,0.239332557,-0.23397617,-0.0423536487
4103,0,54b24045-e039-40ee-9ba6-824dbdc42f9e,StartingBlock,410.318359,5841.18994,1,43,43,53,7,0,0,799.215332,-911.918274,1213.15027,-0.941356301,0.23938106,-0.233982235,-0.0423956364
4104,0,54b24045-e039-40ee-9ba6-824dbdc42f9e,StartingBlock,410.418457,5841.29004,1,43,43,53,7,0,0,795.942505,-918.569885,1212.78088,-0.941337526,0.239441007,-0.233997554,-0.042389106
4105,0,54b24045-e039-40ee-9ba6-824dbdc42f9e,StartingBlock,410.518066,5841.38965,1,43,43,53,7,0,0,792.649048,-925.21344,1212.38037,-0.941341221,0.239392966,-0.234029219,-0.0424039103
4106,0,54b24045-e039-40ee-9ba6-824dbdc42f9e,StartingBlock,410.618164,5841.48975,1,43,43,53,7,0,0,789.335083,-931.848572,1211.94836,-0.941352308,0.239370883,-0.234008908,-0.0423944481
4107,0,54b24045-e039-40ee-9ba6-824dbdc42f9e,StartingBlock,410.718262,5841.58984,1,43,43,53,7,0,0,786.000549,-938.475037,1211.48486,-0.941338778,0.239418298,-0.234012961,-0.0424041674
4108,0,54b24045-e039-40ee-9ba6-824dbdc42f9e,StartingBlock,410.818359,5841.68994,1,43,43,53,7,0,0,782.645752,-945.092834,1210.98999,-0.941344798,0.239410907,-0.234000057,-0.0423842669
4109,0,54b24045-e039-40ee-9ba6-824dbdc42f9e,StartingBlock,410.918457,5841.79004,1,43,43,53,7,0,0,779.270447,-951.70166,1210.46362,-0.941333234,0.239435628,-0.234017521,-0.04240527
4110,0,54b24045-e039-40ee-9ba6-824dbdc42f9e,StartingBlock,411.018066,5841.88965,1,43,43,53,7,0,0,775.875,-958.301392,1209.90564,-0.941323698,0.239452124,-0.234045714,-0.0423685536
4111,0,54b24045-e039-40ee-9ba6-824dbdc42f9e,StartingBlock,411.118164,5841.98975,1,43,43,53,7,0,0,772.459106,-964.891846,1209.31616,-0.941330075,0.23942472,-0.234047502,-0.0423698276
4112,0,54b24045-e039-40ee-9ba6-824dbdc42f9e,StartingBlock,411.218262,5842.08984,1,43,43,53,7,0,0,769.023193,-971.472839,1208.69507,-0.941312432,0.23949033,-0.234050453,-0.0423766114
4113,0,54b24045-e039-40ee-9ba6-824dbdc42f9e,StartingBlock,411.318359,5842.18994,1,43,43,53,7,0,0,765.567078,-978.044128,1208.04248,-0.941304862,0.239531249,-0.234052151,-0.0423037335
4114,0,54b24045-e039-40ee-9ba6-824dbdc42f9e,StartingBlock,411.418457,5842.29004,1,43,43,53,7,0,0,762.091003,-984.605591,1207.35815,-0.941299021,0.239533156,-0.234062999,-0.0423626862
4115,0,54b24045-e039-40ee-9ba6-824dbdc42f9e,StartingBlock,411.518066,5842.38965,1,43,43,53,7,0,0,758.59491,-991.157043,1206.64221,-0.941314757,0.23946014,-0.234065607,-0.0424117595
4116,0,54b24045-e039-40ee-9ba6-824dbdc42f9e,StartingBlock,411.618164,5842.48975,1,43,43,53,7,0,0,755.078857,-997.698181,1205.89465,-0.941311538,0.239472315,-0.234072164,-0.0423792601
4117,0,54b24045-e039-40ee-9ba6-824dbdc42f9e,StartingBlock,411.718262,5842.58984,1,43,43,53,7,0,0,751.542908,-1004.22906,1205.11523,-0.941302717,0.239515722,-0.234068364,-0.0423494242
4118,0,54b24045-e039-40ee-9ba6-824dbdc42f9e,StartingBlock,411.818359,5842.68994,1,43,43,53,7,0,0,747.987244,-1010.74921,1204.3042,-0.941301346,0.239529207,-0.234053284,-0.0423864573
4119,0,54b24045-e039-40ee-9ba6-824dbdc42f9e,StartingBlock,411.918457,5842.79004,1,43,43,53,7,0,0,744.411926,-1017.25854,1203.46143,-0.941334128,0.239430338,-0.234025925,-0.0423691273
4120,0,54b24045-e039-40ee-9ba6-824dbdc42f9e,StartingBlock,412.018066,5842.88965,1,43,43,53,7,0,0,740.816895,-1023.75696,1202.58691,-0.941301823,0.239537016,-0.23404415,-0.0423819385
4121,0,54b24045-e039-40ee-9ba6-824dbdc42f9e,StartingBlock,412.118164,5842.98975,1,43,43,53,7,0,0,737.202209,-1030.24414,1201.68054,-0.941304803,0.239553988,-0.234016851,-0.0423712172
4122,0,54b24045-e039-40ee-9ba6-824dbdc42f9e,StartingBlock,412.218262,5843.08984,1,43,43,53,7,0,0,733.568176,-1036.72009,1200.74243,-0.941301465,0.239538297,-0.234040022,-0.0424053781
4123,0,54b24045-e039-40ee-9ba6-824dbdc42f9e,StartingBlock,412.318359,5843.18994,1,43,43,53,7,0,0,729.914551,-1043.18445,1199.77246,-0.941302001,0.239543676,-0.234035194,-0.0423911661
4124,0,54b24045-e039-40ee-9ba6-824dbdc42f9e,StartingBlock,412.418457,5843.29004,1,43,43,53,7,0,0,726.241577,-1049.63708,1198.77051,-0.94129914,0.239548177,-0.234034225,-0.0424339212
4125,0,54b24045-e039-40ee-9ba6-824dbdc42f9e,StartingBlock,412.518066,5843.38965,1,43,43,53,7,0,0,722.549255,-1056.07788,1197.73694,-0.941302121,0.239577264,-0.233993784,-0.042425964
4126,0,54b24045-e039-40ee-9ba6-824dbdc42f9e,StartingBlock,412.618164,5843.48975,1,43,43,53,7,0,0,718.837708,-1062.50647,1196.67139,-0.941310763,0.239543855,-0.233996049,-0.0424107686
4127,0,54b24045-e039-40ee-9ba6-824dbdc42f9e,StartingBlock,412.718262,5843.58984,1,43,43,53,7,0,0,715.107056,-1068.92285,1195.57385,-0.941314757,0.239537671,-0.233986571,-0.0424081311
4128,0,54b24045-e039-40ee-9ba6-824dbdc42f9e,StartingBlock,412.818359,5843.68994,1,43,43,53,7,0,0,711.357239,-1075.32666,1194.44458,-0.941309273,0.239524961,-0.234007671,-0.042485822
4129,0,54b24045-e039-40ee-9ba6-824dbdc42f9e,StartingBlock,412.918457,5843.79004,1,43,43,53,7,0,0,707.588501,-1081.71777,1193.28333,-0.941299438,0.239591882,-0.233992741,-0.0424096882
4130,0,54b24045-e039-40ee-9ba6-824dbdc42f9e,StartingBlock,413.018066,5843.88965,1,43,43,53,7,0,0,703.80072,-1088.09619,1192.08997,-0.941272795,0.239679053,-0.234011739,-0.0424030274
4131,0,54b24045-e039-40ee-9ba6-824dbdc42f9e,StartingBlock,413.118164,5843.98975,1,43,43,53,7,0,0,699.994141,-1094.46143,1190.86487,-0.941288114,0.239602655,-0.234028786,-0.0424018763
4132,0,54b24045-e039-40ee-9ba6-824dbdc42f9e,StartingBlock,413.218262,5844.08984,1,43,43,53,7,0,0,696.16864,-1100.8136,1189.60767,-0.941277325,0.239628643,-0.234048456,-0.042384658
4133,0,54b24045-e039-40ee-9ba6-824dbdc42f9e,StartingBlock,413.318359,5844.18994,1,43,43,53,7,0,0,692.324524,-1107.15222,1188.3186,-0.941284776,0.239604175,-0.234043881,-0.0423842855
4134,0,54b24045-e039-40ee-9ba6-824dbdc42f9e,StartingBlock,413.418457,5844.29004,1,43,43,53,7,0,0,688.461792,-1113.47742,1186.99744,-0.941266,0.23966296,-0.234058261,-0.042388089
4135,0,54b24045-e039-40ee-9ba6-824dbdc42f9e,StartingBlock,413.518066,5844.38965,1,43,43,53,7,0,0,684.580444,-1119.78857,1185.64441,-0.941265881,0.239635006,-0.234078735,-0.0424371623
4136,0,54b24045-e039-40ee-9ba6-824dbdc42f9e,StartingBlock,413.618164,5844.48975,1,43,43,53,7,0,0,680.680664,-1126.08569,1184.2594,-0.94126302,0.239667773,-0.234063163,-0.0424010605
4137,0,54b24045-e039-40ee-9ba6-824dbdc42f9e,StartingBlock,413.718262,5844.58984,1,43,43,53,7,0,0,676.762451,-1132.3689,1182.84229,-0.941262543,0.239675581,-0.234050885,-0.0424342006
4138,0,54b24045-e039-40ee-9ba6-824dbdc42f9e,StartingBlock,413.818359,5844.68994,1,43,43,53,7,0,0,672.825928,-1138.63745,1181.39319,-0.94126451,0.239686385,-0.234026954,-0.0424616784
4139,0,54b24045-e039-40ee-9ba6-824dbdc42f9e,StartingBlock,413.918457,5844.79004,1,43,43,53,7,0,0,668.871094,-1144.8916,1179.91199,-0.94125104,0.239718512,-0.234057322,-0.0424105562
4140,0,54b24045-e039-40ee-9ba6-824dbdc42f9e,StartingBlock,414.018066,5844.88965,1,43,43,53,7,0,0,664.898071,-1151.13086,1178.3988,-0.941245198,0.239747331,-0.234050691,-0.0424137935
4141,0,54b24045-e039-40ee-9ba6-824dbdc42f9e,StartingBlock,414.118164,5844.98975,1,43,43,53,7,0,0,660.906982,-1157.35522,1176.85364,-0.941250145,0.239689797,-0.234082773,-0.042454198
4142,0,54b24045-e039-40ee-9ba6-824dbdc42f9e,StartingBlock,414.218262,5845.08984,1,43,43,53,7,0,0,656.897949,-1163.56458,1175.27637,-0.941237569,0.239772201,-0.234061629,-0.042384509
4143,0,54b24045-e039-40ee-9ba6-824dbdc42f9e,StartingBlock,414.318359,5845.18994,1,43,43,53,7,0,0,652.870972,-1169.75842,1173.66699,-0.941228092,0.239832059,-0.234032542,-0.0424167141
4144,0,54b24045-e039-40ee-9ba6-824dbdc42f9e,StartingBlock,414.418457,5845.29004,1,43,43,53,7,0,0,648.826233,-1175.93689,1172.02576,-0.941232026,0.239810079,-0.23402597,-0.042488981
4145,0,54b24045-e039-40ee-9ba6-824dbdc42f9e,StartingBlock,414.518066,5845.38965,1,43,43,53,7,0,0,644.763672,-1182.09949,1170.35229,-0.941251099,0.239796147,-0.233974025,-0.042430263
4146,0,54b24045-e039-40ee-9ba6-824dbdc42f9e,StartingBlock,414.618164,5845.48975,1,43,43,53,7,0,0,640.683472,-1188.24622,1168.64685,-0.941271722,0.239776134,-0.233911619,-0.0424307436
4147,0,54b24045-e039-40ee-9ba6-824dbdc42f9e,StartingBlock,414.718262,5845.58984,1,43,43,53,7,0,0,636.585693,-1194.37708,1166.9093,-0.941249728,0.239827096,-0.233939618,-0.0424755141
4148,0,54b24045-e039-40ee-9ba6-824dbdc42f9e,StartingBlock,414.818359,5845.68994,1,43,43,53,7,0,0,632.470459,-1200.49158,1165.13977,-0.941243112,0.239862993,-0.23392877,-0.0424794219
4149,0,54b24045-e039-40ee-9ba6-824dbdc42f9e,StartingBlock,414.918457,5845.79004,1,43,43,53,7,0,0,628.337708,-1206.5896,1163.33813,-0.941243351,0.239882842,-0.23391515,-0.0424376391
4150,0,54b24045-e039-40ee-9ba6-824dbdc42f9e,StartingBlock,415.018066,5845.88965,1,43,43,53,7,0,0,624.187805,-1212.6709,1161.50439,-0.941243112,0.239859015,-0.233934537,-0.0424715169
4151,0,54b24045-e039-40ee-9ba6-824dbdc42f9e,StartingBlock,415.118164,5845.98975,1,43,43,53,7,0,0,620.020569,-1218.73523,1159.63867,-0.941224039,0.239924446,-0.233945802,-0.0424606651
4152,0,54b24045-e039-40ee-9ba6-824dbdc42f9e,StartingBlock,415.218262,5846.08984,1,43,43,53,7,0,0,615.836182,-1224.78259,1157.74084,-0.941222429,0.239949092,-0.233924091,-0.0424785167
4153,0,54b24045-e039-40ee-9ba6-824dbdc42f9e,StartingBlock,415.318359,5846.18994,1,43,43,53,7,0,0,611.634827,-1230.81274,1155.81116,-0.941242814,0.239852622,-0.233932629,-0.0425240435
4154,0,54b24045-e039-40ee-9ba6-824dbdc42f9e,StartingBlock,415.418457,5846.29004,1,43,43,53,7,0,0,607.416443,-1236.82544,1153.84937,-0.941231668,0.239912003,-0.233916834,-0.0425219424
4155,0,54b24045-e039-40ee-9ba6-824dbdc42f9e,StartingBlock,415.518066,5846.38965,1,43,43,53,7,0,0,603.181152,-1242.82043,1151.85535,-0.941243052,0.239892855,-0.233895749,-0.0424941964
4156,0,54b24045-e039-40ee-9ba6-824dbdc42f9e,StartingBlock,415.618164,5846.48975,1,43,43,53,7,0,0,598.929199,-1248.79773,1149.82947,-0.941255867,0.239868879,-0.233870536,-0.0424842872
4157,0,54b24045-e039-40ee-9ba6-824dbdc42f9e,StartingBlock,415.718262,5846.58984,1,43,43,53,7,0,0,594.660583,-1254.75684,1147.77161,-0.941264272,0.239862546,-0.23383525,-0.0425294116
4158,0,54b24045-e039-40ee-9ba6-824dbdc42f9e,StartingBlock,415.818359,5846.68994,1,43,43,53,7,0,0,590.375427,-1260.69788,1145.68164,-0.941260576,0.239875019,-0.23383221,-0.0425570011
4159,0,54b24045-e039-40ee-9ba6-824dbdc42f9e,StartingBlock,415.918457,5846.79004,1,43,43,53,7,0,0,586.073669,-1266.62048,1143.55969,-0.941239715,0.239976138,-0.233811989,-0.0425570086
4160,0,54b24045-e039-40ee-9ba6-824dbdc42f9e,StartingBlock,416.018066,5846.88965,1,43,43,53,7,0,0,581.755615,-1272.52454,1141.40588,-0.941256106,0.239909738,-0.233821511,-0.0425184779
4161,0,54b24045-e039-40ee-9ba6-824dbdc42f9e,StartingBlock,416.118164,5846.98975,1,43,43,53,7,0,0,577.421204,-1278.40967,1139.22009,-0.941244125,0.239919797,-0.233851537,-0.0425611921
4162,0,54b24045-e039-40ee-9ba6-824dbdc42f9e,StartingBlock,416.218262,5847.08984,1,43,43,53,7,0,0,573.070679,-1284.27576,1137.00244,-0.941231012,0.239994138,-0.233825058,-0.042578768
4163,0,54b24045-e039-40ee-9ba6-824dbdc42f9e,StartingBlock,416.318359,5847.18994,1,43,43,53,7,0,0,568.703979,-1290.1228,1134.75281,-0.941249669,0.239959165,-0.233793259,-0.0425358787
4164,0,54b24045-e039-40ee-9ba6-824dbdc42f9e,StartingBlock,416.418457,5847.29004,1,43,43,53,7,0,0,564.32135,-1295.95032,1132.47131,-0.941240489,0.239993364,-0.233792096,-0.0425548106
4165,0,54b24045-e039-40ee-9ba6-824dbdc42f9e,StartingBlock,416.518066,5847.38965,1,43,43,53,7,0,0,559.922852,-1301.7583,1130.15784,-0.941259086,0.239918977,-0.233796,-0.0425405055
4166,0,54b24045-e039-40ee-9ba6-824dbdc42f9e,StartingBlock,416.618164,5847.48975,1,43,43,53,7,0,0,555.508484,-1307.54675,1127.8125,-0.941230357,0.240033507,-0.233785704,-0.0425852388
4167,0,54b24045-e039-40ee-9ba6-824dbdc42f9e,StartingBlock,416.718262,5847.58984,1,43,43,53,7,0,0,551.07843,-1313.31519,1125.4353,-0.941237092,0.23998487,-0.233805016,-0.0426069461
4168,0,54b24045-e039-40ee-9ba6-824dbdc42f9e,StartingBlock,416.818359,5847.68994,1,43,43,53,7,0,0,546.632751,-1319.06323,1123.02637,-0.941237926,0.239976451,-0.233807921,-0.042620331
4169,0,54b24045-e039-40ee-9ba6-824dbdc42f9e,StartingBlock,416.918457,5847.79004,1,43,43,53,7,0,0,542.171692,-1324.79114,1120.58557,-0.941216767,0.240052909,-0.233814254,-0.0426218659
4170,0,54b24045-e039-40ee-9ba6-824dbdc42f9e,StartingBlock,417.018066,5847.88965,1,43,43,53,7,0,0,537.695129,-1330.49854,1118.11279,-0.941233039,0.240021691,-0.233773723,-0.042660851
4171,0,54b24045-e039-40ee-9ba6-824dbdc42f9e,StartingBlock,417.118164,5847.98975,1,43,43,53,7,0,0,533.203308,-1336.18506,1115.60828,-0.941231012,0.240048707,-0.233755112,-0.0426539443
4172,0,54b24045-e039-40ee-9ba6-824dbdc42f9e,StartingBlock,417.218262,5848.08984,1,43,43,53,7,0,0,528.696289,-1341.85083,1113.07214,-0.941231072,0.240052342,-0.233755335,-0.0426316895
4173,0,54b24045-e039-40ee-9ba6-824dbdc42f9e,StartingBlock,417.318359,5848.18994,1,43,43,53,7,0,0,524.174255,-1347.49536,1110.50415,-0.94123286,0.240016937,-0.233778551,-0.0426636152
4174,0,54b24045-e039-40ee-9ba6-824dbdc42f9e,StartingBlock,417.418457,5848.29004,1,43,43,53,7,0,0,519.637146,-1353.11865,1107.90442,-0.941221952,0.240055427,-0.233779863,-0.0426815413
4175,0,54b24045-e039-40ee-9ba6-824dbdc42f9e,StartingBlock,417.518066,5848.38965,1,43,43,53,7,0,0,515.085205,-1358.72046,1105.27319,-0.941232324,0.240033284,-0.233764574,-0.0426598229
4176,0,54b24045-e039-40ee-9ba6-824dbdc42f9e,StartingBlock,417.618164,5848.48975,1,43,43,53,7,0,0,510.518616,-1364.30066,1102.61035,-0.941227376,0.24005951,-0.233753145,-0.0426841415
4177,0,54b24045-e039-40ee-9ba6-824dbdc42f9e,StartingBlock,417.718262,5848.58984,1,43,43,53,7,0,0,505.937347,-1369.85889,1099.91565,-0.941213191,0.240136459,-0.233736277,-0.0426580682
4178,0,54b24045-e039-40ee-9ba6-824dbdc42f9e,StartingBlock,417.818359,5848.68994,1,43,43,53,7,0,0,501.341461,-1375.3949,1097.18958,-0.941231549,0.24006854,-0.233730718,-0.0426649079
4179,0,54b24045-e039-40ee-9ba6-824dbdc42f9e,StartingBlock,417.918457,5848.79004,1,43,43,53,7,0,0,496.731232,-1380.90881,1094.43176,-0.941232026,0.24007982,-0.233715639,-0.0426734909
4180,0,54b24045-e039-40ee-9ba6-824dbdc42f9e,StartingBlock,418.018066,5848.88965,1,43,43,53,7,0,0,492.10672,-1386.40015,1091.64246,-0.941230893,0.240084484,-0.233715042,-0.0426759124
4181,0,54b24045-e039-40ee-9ba6-824dbdc42f9e,StartingBlock,418.118164,5848.98975,1,43,43,53,7,0,0,487.467987,-1391.8689,1088.82166,-0.941205502,0.240198523,-0.23369731,-0.0426918343
4182,0,54b24045-e039-40ee-9ba6-824dbdc42f9e,StartingBlock,418.218262,5849.08984,1,43,43,53,7,0,0,482.815186,-1397.3147,1085.96948,-0.941213369,0.240137622,-0.233721703,-0.0427271649
4183,0,54b24045-e039-40ee-9ba6-824dbdc42f9e,StartingBlock,418.318359,5849.18994,1,43,43,53,7,0,0,478.148407,-1402.73767,1083.08582,-0.941205382,0.240152121,-0.233738795,-0.0427272618
4184,0,54b24045-e039-40ee-9ba6-824dbdc42f9e,StartingBlock,418.418457,5849.29004,1,43,43,53,7,0,0,473.467712,-1408.13721,1080.17078,-0.941195786,0.240165293,-0.233765602,-0.0427176096
4185,0,54b24045-e039-40ee-9ba6-824dbdc42f9e,StartingBlock,418.518066,5849.38965,1,43,43,53,7,0,0,468.773346,-1413.51343,1077.22437,-0.941190362,0.24018012,-0.233771712,-0.0427192301
4186,0,54b24045-e039-40ee-9ba6-824dbdc42f9e,StartingBlock,418.618164,5849.48975,1,43,43,53,7,0,0,464.065277,-1418.86584,1074.24658,-0.941187739,0.240202025,-0.233758599,-0.0427259058
4187,0,54b24045-e039-40ee-9ba6-824dbdc42f9e,StartingBlock,418.718262,5849.58984,1,43,43,53,7,0,0,459.343719,-1424.19458,1071.23755,-0.941177607,0.240218267,-0.233783513,-0.0427223928
4188,0,54b24045-e039-40ee-9ba6-824dbdc42f9e,StartingBlock,418.818359,5849.68994,1,43,43,53,7,0,0,454.608765,-1429.49951,1068.19739,-0.941183448,0.240178779,-0.2337998,-0.042727638
4189,0,54b24045-e039-40ee-9ba6-824dbdc42f9e,StartingBlock,418.918457,5849.79004,1,43,43,53,7,0,0,449.860504,-1434.78003,1065.12585,-0.941169024,0.240232974,-0.233805552,-0.0427085049
4190,0,54b24045-e039-40ee-9ba6-824dbdc42f9e,StartingBlock,419.018066,5849.88965,1,43,43,53,7,0,0,445.099121,-1440.03613,1062.02332,-0.941172361,0.240158975,-0.233861417,-0.0427445173
4191,0,54b24045-e039-40ee-9ba6-824dbdc42f9e,StartingBlock,419.118164,5849.98975,1,43,43,53,7,0,0,440.324768,-1445.26782,1058.88953,-0.941158056,0.240189627,-0.233890444,-0.0427294262
4192,0,54b24045-e039-40ee-9ba6-824dbdc42f9e,StartingBlock,419.218262,5850.08984,1,43,43,53,7,0,0,435.537384,-1450.47461,1055.72485,-0.941154122,0.240223005,-0.23386994,-0.0427386314
4193,0,54b24045-e039-40ee-9ba6-824dbdc42f9e,StartingBlock,419.318359,5850.18994,1,43,43,53,7,0,0,430.737244,-1455.65637,1052.52893,-0.941141188,0.240263835,-0.233883381,-0.0427230895
4194,0,54b24045-e039-40ee-9ba6-824dbdc42f9e,StartingBlock,419.418457,5850.29004,1,43,43,53,7,0,0,425.924408,-1460.81311,1049.302,-0.941153586,0.240198433,-0.233899161,-0.0427303724
4195,0,54b24045-e039-40ee-9ba6-824dbdc42f9e,StartingBlock,419.518066,5850.38965,1,43,43,53,7,0,0,421.09903,-1465.94458,1046.04431,-0.941154599,0.240210652,-0.233881906,-0.0427326299
4196,0,54b24045-e039-40ee-9ba6-824dbdc42f9e,StartingBlock,419.618164,5850.48975,1,43,43,53,7,0,0,416.261261,-1471.05042,1042.75574,-0.941143334,0.240254015,-0.23388578,-0.0427161679
4197,0,54b24045-e039-40ee-9ba6-824dbdc42f9e,StartingBlock,419.718262,5850.58984,1,43,43,53,7,0,0,411.411163,-1476.13049,1039.43616,-0.941135466,0.240259841,-0.233903527,-0.0427601486
4198,0,54b24045-e039-40ee-9ba6-824dbdc42f9e,StartingBlock,419.818359,5850.68994,1,43,43,53,7,0,0,406.54892,-1481.18469,1036.08594,-0.941125631,0.2403052,-0.23389557,-0.0427665003
4199,0,54b24045-e039-40ee-9ba6-824dbdc42f9e,StartingBlock,419.918457,5850.79004,1,43,43,53,7,0,0,401.674591,-1486.21265,1032.70483,-0.941132605,0.240263015,-0.233914554,-0.0427458398
4200,0,54b24045-e039-40ee-9ba6-824dbdc42f9e,StartingBlock,420.018066,5850.88965,1,43,43,53,7,0,0,396.788269,-1491.21448,1029.29321,-0.941133261,0.240288779,-0.23388727,-0.0427361317
4201,0,54b24045-e039-40ee-9ba6-824dbdc42f9e,StartingBlock,420.118164,5850.98975,1,43,43,53,7,0,0,391.890228,-1496.1897,1025.85095,-0.941133797,0.240279496,-0.233890757,-0.0427570008
4202,0,54b24045-e039-40ee-9ba6-824dbdc42f9e,StartingBlock,420.218262,5851.08984,1,43,43,53,7,0,0,386.980438,-1501.13843,1022.37817,-0.941130996,0.240281686,-0.233899832,-0.0427562892
4203,0,54b24045-e039-40ee-9ba6-824dbdc42f9e,StartingBlock,420.318359,5851.18994,1,43,43,53,7,0,0,382.059174,-1506.06018,1018.87488,-0.941118121,0.240292773,-0.233941063,-0.0427513272
4204,0,54b24045-e039-40ee-9ba6-824dbdc42f9e,StartingBlock,420.418457,5851.29004,1,43,43,53,7,0,0,377.126465,-1510.95496,1015.34106,-0.941110849,0.240317211,-0.233944714,-0.042754814
4205,0,54b24045-e039-40ee-9ba6-824dbdc42f9e,StartingBlock,420.518066,5851.38965,1,43,43,53,7,0,0,372.182495,-1515.82251,1011.77698,-0.94111222,0.240341946,-0.233914092,-0.0427527651
4206,0,54b24045-e039-40ee-9ba6-824dbdc42f9e,StartingBlock,420.618164,5851.48975,1,43,43,53,7,0,0,367.227325,-1520.6626,1008.18243,-0.941114545,0.240347266,-0.233896926,-0.0427654944
4207,0,54b24045-e039-40ee-9ba6-824dbdc42f9e,StartingBlock,420.718262,5851.58984,1,43,43,53,7,0,0,362.261139,-1525.47498,1004.55762,-0.941113949,0.240338609,-0.233906493,-0.0427746214
4208,0,54b24045-e039-40ee-9ba6-824dbdc42f9e,StartingBlock,420.818359,5851.68994,1,43,43,53,7,0,0,357.284027,-1530.25952,1000.90265,-0.941117585,0.240304783,-0.233926579,-0.0427762195
4209,0,54b24045-e039-40ee-9ba6-824dbdc42f9e,StartingBlock,420.918457,5851.79004,1,43,43,53,7,0,0,352.296204,-1535.01611,997.217468,-0.9411304,0.240296587,-0.233884349,-0.0427699126
4210,0,54b24045-e039-40ee-9ba6-824dbdc42f9e,StartingBlock,421.018066,5851.88965,1,43,43,53,7,0,0,347.29776,-1539.74463,993.502258,-0.941130817,0.240289703,-0.23388724,-0.0427830853
4211,0,54b24045-e039-40ee-9ba6-824dbdc42f9e,StartingBlock,421.118164,5851.98975,1,43,43,53,7,0,0,342.288788,-1544.44482,989.757019,-0.941128731,0.240289316,-0.233894691,-0.0427923724
4212,0,54b24045-e039-40ee-9ba6-824dbdc42f9e,StartingBlock,421.218262,5852.08984,1,43,43,53,7,0,0,337.269501,-1549.11633,985.98175,-0.941129923,0.240290672,-0.233889356,-0.0427865908
4213,0,54b24045-e039-40ee-9ba6-824dbdc42f9e,StartingBlock,421.318359,5852.18994,1,43,43,53,7,0,0,332.240021,-1553.75928,982.176758,-0.941111743,0.240372688,-0.233878762,-0.0427849218
4214,0,54b24045-e039-40ee-9ba6-824dbdc42f9e,StartingBlock,421.418457,5852.29004,1,43,43,53,7,0,0,327.200439,-1558.37317,978.341919,-0.941107988,0.240368858,-0.233889163,-0.0428300053
4215,0,54b24045-e039-40ee-9ba6-824dbdc42f9e,StartingBlock,421.518066,5852.38965,1,43,43,53,7,0,0,322.150879,-1562.95801,974.477295,-0.941099465,0.24040775,-0.233886048,-0.0428169519
4216,0,54b24045-e039-40ee-9ba6-824dbdc42f9e,StartingBlock,421.618164,5852.48975,1,43,43,53,7,0,0,317.091522,-1567.51343,970.583008,-0.941100717,0.240391746,-0.233898878,-0.0428089313
4217,0,54b24045-e039-40ee-9ba6-824dbdc42f9e,StartingBlock,421.718262,5852.58984,1,43,43,53,7,0,0,312.022491,-1572.03955,966.65918,-0.941102326,0.240376458,-0.233907372,-0.0428123362
4218,0,54b24045-e039-40ee-9ba6-824dbdc42f9e,StartingBlock,421.818359,5852.68994,1,43,43,53,7,0,0,306.94397,-1576.53589,962.70575,-0.941108584,0.240378186,-0.233883306,-0.0427977629
4219,0,54b24045-e039-40ee-9ba6-824dbdc42f9e,StartingBlock,421.918457,5852.79004,1,43,43,53,7,0,0,301.856018,-1581.00256,958.722961,-0.941099703,0.240412116,-0.233883202,-0.0428038649
4220,0,54b24045-e039-40ee-9ba6-824dbdc42f9e,StartingBlock,422.018066,5852.88965,1,43,43,53,7,0,0,296.75885,-1585.43909,954.710815,-0.941102147,0.240404531,-0.233880237,-0.0428088717
4221,0,54b24045-e039-40ee-9ba6-824dbdc42f9e,StartingBlock,422.118164,5852.98975,1,43,43,53,7,0,0,291.652557,-1589.84534,950.66925,-0.941112816,0.24038814,-0.233852804,-0.0428163484
4222,0,54b24045-e039-40ee-9ba6-824dbdc42f9e,StartingBlock,422.218262,5853.08984,1,43,43,53,7,0,0,286.537323,-1594.22131,946.598572,-0.941117108,0.240376502,-0.233848333,-0.0428100303
4223,0,54b24045-e039-40ee-9ba6-824dbdc42f9e,StartingBlock,422.318359,5853.18994,1,43,43,53,7,0,0,281.41333,-1598.56677,942.49884,-0.941108823,0.240400136,-0.233853102,-0.0428349786
4224,0,54b24045-e039-40ee-9ba6-824dbdc42f9e,StartingBlock,422.418457,5853.29004,1,43,43,53,7,0,0,276.28064,-1602.88135,938.369995,-0.94111228,0.240424782,-0.233814076,-0.0428328365
4225,0,54b24045-e039-40ee-9ba6-824dbdc42f9e,StartingBlock,422.518066,5853.38965,1,43,43,53,7,0,0,271.139404,-1607.16504,934.212158,-0.941107213,0.24045907,-0.233803377,-0.0428101383
4226,0,54b24045-e039-40ee-9ba6-824dbdc42f9e,StartingBlock,422.618164,5853.48975,1,43,43,53,7,0,0,265.989838,-1611.4176,930.025574,-0.941103399,0.24045752,-0.233818457,-0.0428204611
4227,0,54b24045-e039-40ee-9ba6-824dbdc42f9e,StartingBlock,422.718262,5853.58984,1,43,43,53,7,0,0,260.832031,-1615.63904,925.81012,-0.94110316,0.240469635,-0.23380731,-0.0428195335
4228,0,54b24045-e039-40ee-9ba6-824dbdc42f9e,StartingBlock,422.818359,5853.68994,1,43,43,53,7,0,0,255.666168,-1619.82886,921.565979,-0.941094279,0.240495294,-0.233810142,-0.0428535081
4229,0,54b24045-e039-40ee-9ba6-824dbdc42f9e,StartingBlock,422.918457,5853.79004,1,43,43,53,7,0,0,250.49234,-1623.98706,917.293213,-0.941086173,0.240532264,-0.233803511,-0.0428605713
4230,0,54b24045-e039-40ee-9ba6-824dbdc42f9e,StartingBlock,423.018066,5853.88965,1,43,43,53,7,0,0,245.310715,-1628.11353,912.991882,-0.941090822,0.240527943,-0.233788848,-0.0428629965
4231,0,54b24045-e039-40ee-9ba6-824dbdc42f9e,StartingBlock,423.118164,5853.98975,1,43,43,53,7,0,0,240.121414,-1632.20776,908.662048,-0.941100061,0.240475699,-0.233808279,-0.0428476557
4232,0,54b24045-e039-40ee-9ba6-824dbdc42f9e,StartingBlock,423.218262,5854.08984,1,43,43,53,7,0,0,234.924683,-1636.2699,904.303894,-0.941093564,0.240489051,-0.233818576,-0.0428595915
4233,0,54b24045-e039-40ee-9ba6-824dbdc42f9e,StartingBlock,423.318359,5854.18994,1,43,43,53,7,0,0,229.720596,-1640.2998,899.917603,-0.941091597,0.240503803,-0.233809978,-0.0428658761
4234,0,54b24045-e039-40ee-9ba6-824dbdc42f9e,StartingBlock,423.418457,5854.29004,1,43,43,53,7,0,0,224.509323,-1644.29724,895.503052,-0.941090345,0.240518719,-0.233801976,-0.0428541861
4235,0,54b24045-e039-40ee-9ba6-824dbdc42f9e,StartingBlock,423.518066,5854.38965,1,43,43,53,7,0,0,219.291016,-1648.26184,891.060486,-0.941080928,0.240537181,-0.233820468,-0.0428558365
4236,0,54b24045-e039-40ee-9ba6-824dbdc42f9e,StartingBlock,423.618164,5854.48975,1,43,43,53,7,0,0,214.065872,-1652.1936,886.589905,-0.941075683,0.240530208,-0.233849511,-0.0428524539
4237,0,54b24045-e039-40ee-9ba6-824dbdc42f9e,StartingBlock,423.718262,5854.58984,1,43,43,53,7,0,0,208.833939,-1656.09229,882.091492,-0.941078901,0.240526348,-0.233839169,-0.0428599417
4238,0,54b24045-e039-40ee-9ba6-824dbdc42f9e,StartingBlock,423.818359,5854.68994,1,43,43,53,7,0,0,203.59552,-1659.95776,877.565308,-0.941071153,0.240566447,-0.233829483,-0.04285606
4239,0,54b24045-e039-40ee-9ba6-824dbdc42f9e,StartingBlock,423.918457,5854.79004,1,43,43,53,7,0,0,198.350632,-1663.78992,873.011475,-0.941077948,0.240531296,-0.233835235,-0.0428735986
4240,0,54b24045-e039-40ee-9ba6-824dbdc42f9e,StartingBlock,424.018066,5854.88965,1,43,43,53,7,0,0,193.099472,-1667.58838,868.430054,-0.941079378,0.24051699,-0.233848184,-0.0428525805
4241,0,54b24045-e039-40ee-9ba6-824dbdc42f9e,StartingBlock,424.118164,5854.98975,1,43,43,53,7,0,0,187.842239,-1671.35327,863.821228,-0.94106698,0.240573406,-0.233840182,-0.0428519845
4242,0,54b24045-e039-40ee-9ba6-824dbdc42f9e,StartingBlock,424.218262,5855.08984,1,43,43,53,7,0,0,182.579102,-1675.08423,859.184998,-0.941080987,0.24055469,-0.233799562,-0.0428687334
4243,0,54b24045-e039-40ee-9ba6-824dbdc42f9e,StartingBlock,424.318359,5855.18994,1,43,43,53,7,0,0,177.310135,-1678.78101,854.521545,-0.941075087,0.240567639,-0.233809486,-0.0428735353
4244,0,54b24045-e039-40ee-9ba6-824dbdc42f9e,StartingBlock,424.418457,5855.29004,1,43,43,53,7,0,0,172.035568,-1682.4436,849.830933,-0.94106847,0.240604386,-0.233799353,-0.0428669974
4245,0,54b24045-e039-40ee-9ba6-824dbdc42f9e,StartingBlock,424.518066,5855.38965,1,43,43,53,7,0,0,166.755493,-1686.07178,845.11322,-0.94107312,0.240596145,-0.233790517,-0.0428588912
4246,0,54b24045-e039-40ee-9ba6-824dbdc42f9e,StartingBlock,424.618164,5855.48975,1,43,43,53,7,0,0,161.470154,-1689.66516,840.368652,-0.941079915,0.240595356,-0.233762547,-0.04286623
4247,0,54b24045-e039-40ee-9ba6-824dbdc42f9e,StartingBlock,424.718262,5855.58984,1,43,43,53,7,0,0,156.179657,-1693.224,835.597229,-0.941081583,0.240596503,-0.233752787,-0.0428776629
4248,0,54b24045-e039-40ee-9ba6-824dbdc42f9e,StartingBlock,424.818359,5855.68994,1,43,43,53,7,0,0,150.884186,-1696.74805,830.799194,-0.94107908,0.240589559,-0.233771175,-0.042872455
4249,0,54b24045-e039-40ee-9ba6-824dbdc42f9e,StartingBlock,424.918457,5855.79004,1,43,43,53,7,0,0,145.583923,-1700.23682,825.974426,-0.941072762,0.240624934,-0.233757034,-0.0428888462
4250,0,54b24045-e039-40ee-9ba6-824dbdc42f9e,StartingBlock,425.018066,5855.88965,1,43,43,53,7,0,0,140.278961,-1703.69043,821.123291,-0.941077054,0.240630731,-0.233731106,-0.042902045
4251,0,54b24045-e039-40ee-9ba6-824dbdc42f9e,StartingBlock,425.118164,5855.98975,1,43,43,53,7,0,0,134.969543,-1707.10864,816.245789,-0.941082537,0.240610003,-0.23372665,-0.0429239087
4252,0,54b24045-e039-40ee-9ba6-824dbdc42f9e,StartingBlock,425.218262,5856.08984,1,43,43,53,7,0,0,129.655762,-1710.49121,811.342041,-0.941082597,0.240605548,-0.233732671,-0.0429147184
4253,0,54b24045-e039-40ee-9ba6-824dbdc42f9e,StartingBlock,425.318359,5856.18994,1,43,43,53,7,0,0,124.337799,-1713.83813,806.41217,-0.94108367,0.24060066,-0.233732924,-0.042916812
4254,0,54b24045-e039-40ee-9ba6-824dbdc42f9e,StartingBlock,425.418457,5856.29004,1,43,43,53,7,0,0,119.015862,-1717.14917,801.456299,-0.941069841,0.240636602,-0.233751819,-0.0429154038
4255,0,54b24045-e039-40ee-9ba6-824dbdc42f9e,StartingBlock,425.518066,5856.38965,1,43,43,53,7,0,0,113.690063,-1720.42407,796.474548,-0.941065729,0.240656108,-0.233749211,-0.0429102518
4256,0,54b24045-e039-40ee-9ba6-824dbdc42f9e,StartingBlock,425.618164,5856.48975,1,43,43,53,7,0,0,108.360603,-1723.66272,791.46698,-0.941076994,0.240639105,-0.233723849,-0.042896051
4257,0,54b24045-e039-40ee-9ba6-824dbdc42f9e,StartingBlock,425.718262,5856.58984,1,43,43,53,7,0,0,103.027687,-1726.86536,786.43396,-0.941074908,0.240649253,-0.233716652,-0.0429245979
4258,0,54b24045-e039-40ee-9ba6-824dbdc42f9e,StartingBlock,425.818359,5856.68994,1,43,43,53,7,0,0,97.6913986,-1730.03113,781.375244,-0.941079855,0.240637824,-0.233710408,-0.0429141968
4259,0,54b24045-e039-40ee-9ba6-824dbdc42f9e,StartingBlock,425.918457,5856.79004,1,43,43,53,7,0,0,92.3519516,-1733.1604,776.29126,-0.941068888,0.240696266,-0.2336936,-0.042919077
4260,0,54b24045-e039-40ee-9ba6-824dbdc42f9e,StartingBlock,426.018066,5856.88965,1,43,43,53,7,0,0,87.0095139,-1736.25281,771.182007,-0.941071212,0.240675285,-0.233705252,-0.0429222658
4261,0,54b24045-e039-40ee-9ba6-824dbdc42f9e,StartingBlock,426.118164,5856.98975,1,43,43,53,7,0,0,81.6642227,-1739.30798,766.047546,-0.941077769,0.24063623,-0.233720705,-0.0429121107
4262,0,54b24045-e039-40ee-9ba6-824dbdc42f9e,StartingBlock,426.218262,5857.08984,1,43,43,53,7,0,0,76.3162689,-1742.32617,760.888123,-0.941066444,0.240669549,-0.233737528,-0.0428832695
4263,0,54b24045-e039-40ee-9ba6-824dbdc42f9e,StartingBlock,426.318359,5857.18994,1,43,43,53,7,0,0,70.9658432,-1745.30701,755.703857,-0.941070855,0.240627363,-0.233761728,-0.0428920723
4264,0,54b24045-e039-40ee-9ba6-824dbdc42f9e,StartingBlock,426.418457,5857.29004,1,43,43,53,7,0,0,65.6131668,-1748.25049,750.494995,-0.941063881,0.240641475,-0.233772337,-0.0429064594
4265,0,54b24045-e039-40ee-9ba6-824dbdc42f9e,StartingBlock,426.518066,5857.38965,1,43,43,53,7,0,0,60.2583122,-1751.15637,745.261414,-0.941069543,0.24064441,-0.233746767,-0.0429061577
4266,0,54b24045-e039-40ee-9ba6-824dbdc42f9e,StartingBlock,426.618164,5857.48975,1,43,43,53,7,0,0,54.9014816,-1754.02429,740.003418,-0.941074014,0.24063836,-0.233735621,-0.0429037064
4267,0,54b24045-e039-40ee-9ba6-824dbdc42f9e,StartingBlock,426.718262,5857.58984,1,43,43,53,7,0,0,49.5428772,-1756.85449,734.721069,-0.941070497,0.240650475,-0.233737364,-0.0429020822
4268,0,54b24045-e039-40ee-9ba6-824dbdc42f9e,StartingBlock,426.818359,5857.68994,1,43,43,53,7,0,0,44.1826591,-1759.64661,729.414612,-0.941068947,0.240669787,-0.233724117,-0.0428989753
4269,0,54b24045-e039-40ee-9ba6-824dbdc42f9e,StartingBlock,426.918457,5857.79004,1,43,43,53,7,0,0,38.821003,-1762.40063,724.084106,-0.941058517,0.240695044,-0.233739153,-0.042904228
4270,0,54b24045-e039-40ee-9ba6-824dbdc42f9e,StartingBlock,427.018066,5857.88965,1,43,43,53,7,0,0,33.4580536,-1765.11609,718.729736,-0.941061914,0.240683556,-0.233739644,-0.0428926647
4271,0,54b24045-e039-40ee-9ba6-824dbdc42f9e,StartingBlock,427.118164,5857.98975,1,43,43,53,7,0,0,28.0940456,-1767.79309,713.351624,-0.94105798,0.240693256,-0.233742192,-0.0429103896
4272,0,54b24045-e039-40ee-9ba6-824dbdc42f9e,StartingBlock,427.218262,5858.08984,1,43,43,53,7,0,0,22.7291183,-1770.43164,707.949829,-0.941051841,0.240697637,-0.233764812,-0.0428964309
4273,0,54b24045-e039-40ee-9ba6-824dbdc42f9e,StartingBlock,427.318359,5858.18994,1,43,43,53,7,0,0,17.3633766,-1773.03137,702.524597,-0.941067994,0.240649655,-0.233748317,-0.0428997576
4274,0,54b24045-e039-40ee-9ba6-824dbdc42f9e,StartingBlock,427.418457,5858.29004,1,43,43,53,7,0,0,11.9970789,-1775.59204,697.07605,-0.941064954,0.240673184,-0.233737811,-0.0428943001
4275,0,54b24045-e039-40ee-9ba6-824dbdc42f9e,StartingBlock,427.518066,5858.38965,1,43,43,53,7,0,0,6.63039541,-1778.11377,691.604309,-0.941075385,0.240662321,-0.233707204,-0.0428915173
4276,0,54b24045-e039-40ee-9ba6-824dbdc42f9e,StartingBlock,427.618164,5858.48975,1,43,43,53,7,0,0,1.26354456,-1780.59631,686.109619,-0.941084921,0.240632981,-0.233695686,-0.0429104827
4277,0,54b24045-e039-40ee-9ba6-824dbdc42f9e,StartingBlock,427.718262,5858.58984,1,43,43,53,7,0,0,-4.1033268,-1783.03943,680.592041,-0.941066444,0.240704507,-0.233695716,-0.0429146439
4278,0,54b24045-e039-40ee-9ba6-824dbdc42f9e,StartingBlock,427.818359,5858.68994,1,43,43,53,7,0,0,-9.47011375,-1785.44312,675.051697,-0.941075981,0.240662843,-0.233701333,-0.0429083817
4279,0,54b24045-e039-40ee-9ba6-824dbdc42f9e,StartingBlock,427.918457,5858.79004,1,43,43,53,7,0,0,-14.8365393,-1787.80725,669.488831,-0.941082656,0.240638703,-0.23370105,-0.0428987779
4280,0,54b24045-e039-40ee-9ba6-824dbdc42f9e,StartingBlock,428.018066,5858.88965,1,43,43,53,7,0,0,-20.202425,-1790.13147,663.903564,-0.941073656,0.240674317,-0.233701736,-0.0428936817
4281,0,54b24045-e039-40ee-9ba6-824dbdc42f9e,StartingBlock,428.118164,5858.98975,1,43,43,53,7,0,0,-25.5675907,-1792.41602,658.296143,-0.941069245,0.240697235,-0.23369278,-0.0429092683
4282,0,54b24045-e039-40ee-9ba6-824dbdc42f9e,StartingBlock,428.218262,5859.08984,1,43,43,53,7,0,0,-30.9319057,-1794.6604,652.666504,-0.941062987,0.240722716,-0.233692288,-0.0429077595
4283,0,54b24045-e039-40ee-9ba6-824dbdc42f9e,StartingBlock,428.318359,5859.18994,1,43,43,53,7,0,0,-36.2951889,-1796.86475,647.014954,-0.941051245,0.240746096,-0.233717605,-0.0428938419
4284,0,54b24045-e039-40ee-9ba6-824dbdc42f9e,StartingBlock,428.418457,5859.29004,1,43,43,53,7,0,0,-41.6571884,-1799.02881,641.341675,-0.941058159,0.240689442,-0.233743146,-0.0429219641
4285,0,54b24045-e039-40ee-9ba6-824dbdc42f9e,StartingBlock,428.518066,5859.38965,1,43,43,53,7,0,0,-47.0178108,-1801.15247,635.646729,-0.941048861,0.24075155,-0.233721554,-0.0428934358
4286,0,54b24045-e039-40ee-9ba6-824dbdc42f9e,StartingBlock,428.618164,5859.48975,1,43,43,53,7,0,0,-52.3768387,-1803.2356,629.930359,-0.941066265,0.24070251,-0.233700618,-0.0429021344
4287,0,54b24045-e039-40ee-9ba6-824dbdc42f9e,StartingBlock,428.718262,5859.58984,1,43,43,53,7,0,0,-57.7340622,-1805.27808,624.192688,-0.941056609,0.240724832,-0.233716592,-0.0429032296
4288,0,54b24045-e039-40ee-9ba6-824dbdc42f9e,StartingBlock,428.818359,5859.68994,1,43,43,53,7,0,0,-63.0893097,-1807.27966,618.43396,-0.941037655,0.240805939,-0.233710065,-0.042899657
4289,0,54b24045-e039-40ee-9ba6-824dbdc42f9e,StartingBlock,428.918457,5859.79004,1,43,43,53,7,0,0,-68.4424286,-1809.2406,612.654114,-0.941039026,0.240791172,-0.233719856,-0.0428972654
4290,0,54b24045-e039-40ee-9ba6-824dbdc42f9e,StartingBlock,429.018066,5859.88965,1,43,43,53,7,0,0,-73.7931595,-1811.16028,606.853638,-0.941042662,0.240782216,-0.233712196,-0.0429095328
4291,0,54b24045-e039-40ee-9ba6-824dbdc42f9e,StartingBlock,429.118164,5859.98975,1,43,43,53,7,0,0,-79.1414261,-1813.03882,601.03241,-0.941048563,0.240744263,-0.23372981,-0.0428982973
4292,0,54b24045-e039-40ee-9ba6-824dbdc42f9e,StartingBlock,429.218262,5860.08984,1,43,43,53,7,0,0,-84.4869614,-1814.8761,595.190857,-0.941047788,0.240742579,-0.233734682,-0.0428980775
4293,0,54b24045-e039-40ee-9ba6-824dbdc42f9e,StartingBlock,429.318359,5860.18994,1,43,43,53,7,0,0,-89.8295975,-1816.67212,589.329041,-0.941053808,0.240720898,-0.233732283,-0.0429008231
4294,0,54b24045-e039-40ee-9ba6-824dbdc42f9e,StartingBlock,429.418457,5860.29004,1,43,43,53,7,0,0,-95.1691589,-1818.42664,583.447021,-0.941047013,0.240735561,-0.233744904,-0.0428975224
4295,0,54b24045-e039-40ee-9ba6-824dbdc42f9e,StartingBlock,429.518066,5860.38965,1,43,43,53,7,0,0,-100.505432,-1820.13953,577.545166,-0.941037953,0.240753502,-0.233763963,-0.0428929813
4296,0,54b24045-e039-40ee-9ba6-824dbdc42f9e,StartingBlock,429.618164,5860.48975,1,43,43,53,7,0,0,-105.838272,-1821.81067,571.623535,-0.941036046,0.24077858,-0.233746216,-0.0428916812
4297,0,54b24045-e039-40ee-9ba6-824dbdc42f9e,StartingBlock,429.718262,5860.58984,1,43,43,53,7,0,0,-111.16748,-1823.43994,565.682312,-0.941036165,0.240785778,-0.233740076,-0.0428812057
4298,0,54b24045-e039-40ee-9ba6-824dbdc42f9e,StartingBlock,429.818359,5860.68994,1,43,43,53,7,0,0,-116.492821,-1825.02734,559.72168,-0.941034019,0.240787446,-0.2337448,-0.0428915434
4299,0,54b24045-e039-40ee-9ba6-824dbdc42f9e,StartingBlock,429.918457,5860.79004,1,43,43,53,7,0,0,-121.814163,-1826.57251,553.741882,-0.941038728,0.240753472,-0.233762562,-0.0428839475
4300,0,54b24045-e039-40ee-9ba6-824dbdc42f9e,StartingBlock,430.018066,5860.88965,1,43,43,53,7,0,0,-127.131279,-1828.07556,547.742981,-0.941043079,0.240747556,-0.233750001,-0.0428891405
4301,0,54b24045-e039-40ee-9ba6-824dbdc42f9e,StartingBlock,430.118164,5860.98975,1,43,43,53,7,0,0,-132.444016,-1829.53638,541.725281,-0.941047192,0.240755111,-0.233723462,-0.0429020897
4302,0,54b24045-e039-40ee-9ba6-824dbdc42f9e,StartingBlock,430.218262,5861.08984,1,43,43,53,7,0,0,-137.752151,-1830.95483,535.688843,-0.941058755,0.240738302,-0.233692333,-0.0429116152
4303,0,54b24045-e039-40ee-9ba6-824dbdc42f9e,StartingBlock,430.318359,5861.18994,1,43,43,53,7,0,0,-143.055511,-1832.33069,529.633972,-0.941054821,0.240758121,-0.23368974,-0.0429003946
4304,0,54b24045-e039-40ee-9ba6-824dbdc42f9e,StartingBlock,430.418457,5861.29004,1,43,43,53,7,0,0,-148.353882,-1833.66418,523.560791,-0.941054225,0.240761772,-0.233689755,-0.0428938158
4305,0,54b24045-e039-40ee-9ba6-824dbdc42f9e,StartingBlock,430.518066,5861.38965,1,43,43,53,7,0,0,-153.647141,-1834.95483,517.469482,-0.941066325,0.240738809,-0.233661368,-0.0429132953
4306,0,54b24045-e039-40ee-9ba6-824dbdc42f9e,StartingBlock,430.618164,5861.48975,1,43,43,53,7,0,0,-158.935043,-1836.20264,511.36026,-0.941054642,0.240780324,-0.233665079,-0.0429136902
4307,0,54b24045-e039-40ee-9ba6-824dbdc42f9e,StartingBlock,430.718262,5861.58984,1,43,43,53,7,0,0,-164.217392,-1837.40759,505.233337,-0.941050828,0.240791455,-0.233670875,-0.0429039262
4308,0,54b24045-e039-40ee-9ba6-824dbdc42f9e,StartingBlock,430.818359,5861.68994,1,43,43,53,7,0,0,-169.494034,-1838.5697,499.088837,-0.941051781,0.240778103,-0.233681411,-0.0429014228
4309,0,54b24045-e039-40ee-9ba6-824dbdc42f9e,StartingBlock,430.918457,5861.79004,1,43,43,53,7,0,0,-174.764771,-1839.6886,492.927032,-0.941049099,0.240797192,-0.233674377,-0.0428914502
4310,0,54b24045-e039-40ee-9ba6-824dbdc42f9e,StartingBlock,431.018066,5861.88965,1,43,43,53,7,0,0,-180.029358,-1840.76428,486.748016,-0.941057861,0.240783766,-0.233651996,-0.0428950153
4311,0,54b24045-e039-40ee-9ba6-824dbdc42f9e,StartingBlock,431.118164,5861.98975,1,43,43,53,7,0,0,-185.287659,-1841.79675,480.552032,-0.941056907,0.240806088,-0.233631864,-0.0429023094
4312,0,54b24045-e039-40ee-9ba6-824dbdc42f9e,StartingBlock,431.218262,5862.08984,1,43,43,53,7,0,0,-190.539459,-1842.78589,474.339294,-0.941062868,0.240784064,-0.233630329,-0.042903889
4313,0,54b24045-e039-40ee-9ba6-824dbdc42f9e,StartingBlock,431.318359,5862.18994,1,43,43,53,7,0,0,-195.784592,-1843.73157,468.109955,-0.941055119,0.240802482,-0.233643189,-0.0428995825
4314,0,54b24045-e039-40ee-9ba6-824dbdc42f9e,StartingBlock,431.418457,5862.29004,1,43,43,53,7,0,0,-201.022842,-1844.63379,461.864258,-0.941053152,0.240810633,-0.233644098,-0.0428930558
4315,0,54b24045-e039-40ee-9ba6-824dbdc42f9e,StartingBlock,431.518066,5862.38965,1,43,43,53,7,0,0,-206.254044,-1845.49219,455.602386,-0.941062868,0.240790144,-0.233626068,-0.0428911485
4316,0,54b24045-e039-40ee-9ba6-824dbdc42f9e,StartingBlock,431.618164,5862.48975,1,43,43,53,7,0,0,-211.477951,-1846.30701,449.324554,-0.941063344,0.240785673,-0.233629212,-0.0428888761
4317,0,54b24045-e039-40ee-9ba6-824dbdc42f9e,StartingBlock,431.718262,5862.58984,1,43,43,53,7,0,0,-216.694412,-1847.07813,443.030884,-0.941061318,0.24079366,-0.233629569,-0.042887792
4318,0,54b24045-e039-40ee-9ba6-824dbdc42f9e,StartingBlock,431.818359,5862.68994,1,43,43,53,7,0,0,-221.903183,-1847.8053,436.72168,-0.941049814,0.240798011,-0.233669072,-0.0428995676
4319,0,54b24045-e039-40ee-9ba6-824dbdc42f9e,StartingBlock,431.918457,5862.79004,1,43,43,53,7,0,0,-227.104202,-1848.48853,430.397095,-0.941051543,0.240782648,-0.233680531,-0.0428859554
4320,0,54b24045-e039-40ee-9ba6-824dbdc42f9e,StartingBlock,432.018066,5862.88965,1,43,43,53,7,0,0,-232.297165,-1849.12769,424.057343,-0.94106096,0.24077563,-0.23365207,-0.0428744964
4321,0,54b24045-e039-40ee-9ba6-824dbdc42f9e,StartingBlock,432.118164,5862.98975,1,43,43,53,7,0,0,-237.481903,-1849.72278,417.702637,-0.941061139,0.240771174,-0.233656451,-0.04287095
4322,0,54b24045-e039-40ee-9ba6-824dbdc42f9e,StartingBlock,432.218262,5863.08984,1,43,43,53,7,0,0,-242.658188,-1850.2738,411.33316,-0.941061199,0.240767762,-0.233657598,-0.0428824089
4323,0,54b24045-e039-40ee-9ba6-824dbdc42f9e,StartingBlock,432.318359,5863.18994,1,43,43,53,7,0,0,-247.825912,-1850.78052,404.949158,-0.94106251,0.240770712,-0.233651668,-0.0428687222
4324,0,54b24045-e039-40ee-9ba6-824dbdc42f9e,StartingBlock,432.418457,5863.29004,1,43,43,53,7,0,0,-252.984787,-1851.24304,398.550842,-0.941064656,0.240757167,-0.233657956,-0.042864304
4325,0,54b24045-e039-40ee-9ba6-824dbdc42f9e,StartingBlock,432.518066,5863.38965,1,43,43,53,7,0,0,-258.134674,-1851.66101,392.138397,-0.941064477,0.240767777,-0.233645484,-0.0428773575
4326,0,54b24045-e039-40ee-9ba6-824dbdc42f9e,StartingBlock,432.618164,5863.48975,1,43,43,53,7,0,0,-263.27536,-1852.03467,385.712036,-0.941063225,0.240768567,-0.233653978,-0.0428541638
4327,0,54b24045-e039-40ee-9ba6-824dbdc42f9e,StartingBlock,432.718262,5863.58984,1,43,43,53,7,0,0,-268.406677,-1852.36377,379.271973,-0.94106406,0.240762055,-0.23365584,-0.0428610817
4328,0,54b24045-e039-40ee-9ba6-824dbdc42f9e,StartingBlock,432.818359,5863.68994,1,43,43,53,7,0,0,-273.528412,-1852.64844,372.81839,-0.941066861,0.240757838,-0.233650267,-0.0428540558
4329,0,54b24045-e039-40ee-9ba6-824dbdc42f9e,StartingBlock,432.918457,5863.79004,1,43,43,53,7,0,0,-278.640381,-1852.88831,366.351593,-0.941075981,0.24075374,-0.233617038,-0.0428590365
4330,0,54b24045-e039-40ee-9ba6-824dbdc42f9e,StartingBlock,433.018066,5863.88965,1,43,43,53,7,0,0,-283.742371,-1853.08337,359.871735,-0.941079557,0.240736932,-0.233620301,-0.0428558588
4331,0,54b24045-e039-40ee-9ba6-824dbdc42f9e,StartingBlock,433.118164,5863.98975,1,43,43,53,7,0,0,-288.834137,-1853.23389,353.379028,-0.941073716,0.240725949,-0.233656242,-0.0428502411
4332,0,54b24045-e039-40ee-9ba6-824dbdc42f9e,StartingBlock,433.218262,5864.08984,1,43,43,53,7,0,0,-293.915588,-1853.3396,346.873779,-0.941051781,0.240794271,-0.23367165,-0.0428640954
4333,0,54b24045-e039-40ee-9ba6-824dbdc42f9e,StartingBlock,433.318359,5864.18994,1,43,43,53,7,0,0,-298.986481,-1853.40039,340.356049,-0.941051722,0.240794599,-0.23367247,-0.0428590216
4334,0,54b24045-e039-40ee-9ba6-824dbdc42f9e,StartingBlock,433.418457,5864.29004,1,43,43,53,7,0,0,-304.046631,-1853.41638,333.826172,-0.941061616,0.240757108,-0.233671561,-0.0428553112
4335,0,54b24045-e039-40ee-9ba6-824dbdc42f9e,StartingBlock,433.518066,5864.38965,1,43,43,53,7,0,0,-309.095886,-1853.38733,327.284271,-0.941073596,0.24072805,-0.233658418,-0.0428270847
4336,0,54b24045-e039-40ee-9ba6-824dbdc42f9e,StartingBlock,433.618164,5864.48975,1,43,43,53,7,0,0,-314.134003,-1853.31323,320.730621,-0.941077113,0.240718424,-0.23365137,-0.0428446457
4337,0,54b24045-e039-40ee-9ba6-824dbdc42f9e,StartingBlock,433.718262,5864.58984,1,43,43,53,7,0,0,-319.160767,-1853.19434,314.165527,-0.941080093,0.240716204,-0.233643755,-0.0428319313
4338,0,54b24045-e039-40ee-9ba6-824dbdc42f9e,StartingBlock,433.818359,5864.68994,1,43,43,53,7,0,0,-324.176056,-1853.03015,307.589111,-0.941085339,0.24070172,-0.233638093,-0.0428287312
4339,0,54b24045-e039-40ee-9ba6-824dbdc42f9e,StartingBlock,433.918457,5864.79004,1,43,43,53,7,0,0,-329.179626,-1852.8208,301.001617,-0.941084087,0.240698949,-0.233646244,-0.0428288057
4340,0,54b24045-e039-40ee-9ba6-824dbdc42f9e,StartingBlock,434.018066,5864.88965,1,43,43,53,7,0,0,-334.171295,-1852.56628,294.40332,-0.941087484,0.240680605,-0.233651519,-0.0428292379
4341,0,54b24045-e039-40ee-9ba6-824dbdc42f9e,StartingBlock,434.118164,5864.98975,1,43,43,53,7,0,0,-339.150818,-1852.2666,287.794403,-0.941088319,0.24066475,-0.233665466,-0.0428222008
4342,0,54b24045-e039-40ee-9ba6-824dbdc42f9e,StartingBlock,434.218262,5865.08984,1,43,43,53,7,0,0,-344.118073,-1851.92175,281.17511,-0.941085756,0.240688324,-0.233653754,-0.0428110957
4343,0,54b24045-e039-40ee-9ba6-824dbdc42f9e,StartingBlock,434.318359,5865.18994,1,43,43,53,7,0,0,-349.072876,-1851.53149,274.545654,-0.941094816,0.240651146,-0.23365742,-0.0428000428
4344,0,54b24045-e039-40ee-9ba6-824dbdc42f9e,StartingBlock,434.418457,5865.29004,1,43,43,53,7,0,0,-354.014984,-1851.09607,267.906342,-0.941093564,0.240662768,-0.233651057,-0.0427977629
4345,0,54b24045-e039-40ee-9ba6-824dbdc42f9e,StartingBlock,434.518066,5865.38965,1,43,43,53,7,0,0,-358.944244,-1850.61511,261.257294,-0.941095054,0.240661502,-0.233644068,-0.0428108498
4346,0,54b24045-e039-40ee-9ba6-824dbdc42f9e,StartingBlock,434.618164,5865.48975,1,43,43,53,7,0,0,-363.860443,-1850.08887,254.598755,-0.941092134,0.240655258,-0.233664513,-0.0427964069
4347,0,54b24045-e039-40ee-9ba6-824dbdc42f9e,StartingBlock,434.718262,5865.58984,1,43,43,53,7,0,0,-368.763397,-1849.51733,247.93103,-0.941084921,0.240680486,-0.233663008,-0.0428222492
4348,0,54b24045-e039-40ee-9ba6-824dbdc42f9e,StartingBlock,434.818359,5865.68994,1,43,43,53,7,0,0,-373.652924,-1848.90002,241.254257,-0.941095114,0.240640745,-0.233668402,-0.0427921824
4349,0,54b24045-e039-40ee-9ba6-824dbdc42f9e,StartingBlock,434.918457,5865.79004,1,43,43,53,7,0,0,-378.528778,-1848.23767,234.568756,-0.94108367,0.240658447,-0.233692825,-0.0428102724
4350,0,54b24045-e039-40ee-9ba6-824dbdc42f9e,StartingBlock,435.018066,5865.88965,1,43,43,53,7,0,0,-383.390839,-1847.52954,227.874725,-0.941086292,0.240652487,-0.233691648,-0.0427933037
4351,0,54b24045-e039-40ee-9ba6-824dbdc42f9e,StartingBlock,435.118164,5865.98975,1,43,43,53,7,0,0,-388.238892,-1846.776,221.172394,-0.941091061,0.240635395,-0.233690172,-0.0427926518
4352,0,54b24045-e039-40ee-9ba6-824dbdc42f9e,StartingBlock,435.218262,5866.08984,1,43,43,53,7,0,0,-393.072723,-1845.97693,214.462006,-0.941091835,0.240619287,-0.233706355,-0.0427777208
4353,0,54b24045-e039-40ee-9ba6-824dbdc42f9e,StartingBlock,435.318359,5866.18994,1,43,43,53,7,0,0,-397.892151,-1845.13232,207.74382,-0.94109273,0.240606904,-0.233717874,-0.0427629426
4354,0,54b24045-e039-40ee-9ba6-824dbdc42f9e,StartingBlock,435.418457,5866.29004,1,43,43,53,7,0,0,-402.696991,-1844.24231,201.018036,-0.94110465,0.240576535,-0.233700365,-0.0427677557
4355,0,54b24045-e039-40ee-9ba6-824dbdc42f9e,StartingBlock,435.518066,5866.38965,1,43,43,53,7,0,0,-407.487091,-1843.30664,194.284943,-0.941106498,0.240584865,-0.233685598,-0.0427623801
4356,0,54b24045-e039-40ee-9ba6-824dbdc42f9e,StartingBlock,435.618164,5866.48975,1,43,43,53,7,0,0,-412.262238,-1842.32556,187.544739,-0.941116989,0.240565941,-0.233666509,-0.0427425019
4357,0,54b24045-e039-40ee-9ba6-824dbdc42f9e,StartingBlock,435.718262,5866.58984,1,43,43,53,7,0,0,-417.022186,-1841.29871,180.797699,-0.941116512,0.240570143,-0.233659819,-0.0427653827
4358,0,54b24045-e039-40ee-9ba6-824dbdc42f9e,StartingBlock,435.818359,5866.68994,1,43,43,53,7,0,0,-421.766785,-1840.22656,174.044052,-0.941111326,0.240590841,-0.233663067,-0.0427451394
4359,0,54b24045-e039-40ee-9ba6-824dbdc42f9e,StartingBlock,435.918457,5866.79004,1,43,43,53,7,0,0,-426.49588,-1839.10864,167.283981,-0.94111377,0.240573779,-0.233669817,-0.0427495949
4360,0,54b24045-e039-40ee-9ba6-824dbdc42f9e,StartingBlock,436.018066,5866.88965,1,43,43,53,7,0,0,-431.209198,-1837.94531,160.517807,-0.941116929,0.240569517,-0.233661011,-0.0427517109
4361,0,54b24045-e039-40ee-9ba6-824dbdc42f9e,StartingBlock,436.118164,5866.98975,1,43,43,53,7,0,0,-435.906677,-1836.73645,153.745728,-0.941129804,0.240539953,-0.233636692,-0.04276767
4362,0,54b24045-e039-40ee-9ba6-824dbdc42f9e,StartingBlock,436.218262,5867.08984,1,43,43,53,7,0,0,-440.588013,-1835.48193,146.968018,-0.941125989,0.240557134,-0.233638793,-0.0427448601
4363,0,54b24045-e039-40ee-9ba6-824dbdc42f9e,StartingBlock,436.318359,5867.18994,1,43,43,53,7,0,0,-445.253082,-1834.18188,140.184937,-0.941128314,0.240543798,-0.233644143,-0.0427384712
4364,0,54b24045-e039-40ee-9ba6-824dbdc42f9e,StartingBlock,436.418457,5867.29004,1,43,43,53,7,0,0,-449.901672,-1832.8363,133.396683,-0.941131234,0.24052009,-0.233656809,-0.0427394249
4365,0,54b24045-e039-40ee-9ba6-824dbdc42f9e,StartingBlock,436.518066,5867.38965,1,43,43,53,7,0,0,-454.533569,-1831.44519,126.6036,-0.941127717,0.240536079,-0.23365435,-0.0427390635
4366,0,54b24045-e039-40ee-9ba6-824dbdc42f9e,StartingBlock,436.618164,5867.48975,1,43,43,53,7,0,0,-459.148682,-1830.00854,119.805847,-0.941117764,0.240563259,-0.233665109,-0.0427471139
4367,0,54b24045-e039-40ee-9ba6-824dbdc42f9e,StartingBlock,436.718262,5867.58984,1,43,43,53,7,0,0,-463.746796,-1828.52637,113.003593,-0.941138327,0.240494028,-0.233661234,-0.042705968
4368,0,54b24045-e039-40ee-9ba6-824dbdc42f9e,StartingBlock,436.818359,5867.68994,1,43,43,53,7,0,0,-468.327606,-1826.99878,106.197273,-0.94113189,0.240512803,-0.233667418,-0.0427076668
4369,0,54b24045-e039-40ee-9ba6-824dbdc42f9e,StartingBlock,436.918457,5867.79004,1,43,43,53,7,0,0,-472.891083,-1825.42566,99.3870239,-0.941128314,0.240521505,-0.233672485,-0.0427091941
4370,0,54b24045-e039-40ee-9ba6-824dbdc42f9e,StartingBlock,437.018066,5867.88965,1,43,43,53,7,0,0,-477.436981,-1823.80713,92.5731125,-0.941130638,0.240525573,-0.233661771,-0.0426937155
4371,0,54b24045-e039-40ee-9ba6-824dbdc42f9e,StartingBlock,437.118164,5867.98975,1,43,43,53,7,0,0,-481.965118,-1822.14319,85.7557602,-0.941132128,0.24050428,-0.233681008,-0.0426749177
4372,0,54b24045-e039-40ee-9ba6-824dbdc42f9e,StartingBlock,437.218262,5868.08984,1,43,43,53,7,0,0,-486.47525,-1820.43384,78.9352875,-0.941133916,0.240506828,-0.2336694,-0.0426856764
4373,0,54b24045-e039-40ee-9ba6-824dbdc42f9e,StartingBlock,437.318359,5868.18994,1,43,43,53,7,0,0,-490.967316,-1818.67908,72.1118469,-0.941144526,0.240469158,-0.233668149,-0.0426704399
4374,0,54b24045-e039-40ee-9ba6-824dbdc42f9e,StartingBlock,437.418457,5868.29004,1,43,43,53,7,0,0,-495.44104,-1816.87891,65.2857971,-0.941139281,0.240491241,-0.233665809,-0.0426756963
4375,0,54b24045-e039-40ee-9ba6-824dbdc42f9e,StartingBlock,437.518066,5868.38965,1,43,43,53,7,0,0,-499.896271,-1815.03357,58.4573174,-0.941150129,0.240456372,-0.233657882,-0.0426759087
4376,0,54b24045-e039-40ee-9ba6-824dbdc42f9e,StartingBlock,437.618164,5868.48975,1,43,43,53,7,0,0,-504.332825,-1813.14294,51.6267281,-0.94114387,0.240466416,-0.233672485,-0.0426771417
4377,0,54b24045-e039-40ee-9ba6-824dbdc42f9e,StartingBlock,437.718262,5868.58984,1,43,43,53,7,0,0,-508.75058,-1811.20691,44.7942162,-0.941153824,0.240442902,-0.233660832,-0.0426527448
4378,0,54b24045-e039-40ee-9ba6-824dbdc42f9e,StartingBlock,437.818359,5868.68994,1,43,43,53,7,0,0,-513.149231,-1809.22583,37.960083,-0.94116056,0.240422755,-0.233659923,-0.0426243469
4379,0,54b24045-e039-40ee-9ba6-824dbdc42f9e,StartingBlock,437.918457,5868.79004,1,43,43,53,7,0,0,-517.528748,-1807.19983,31.1245861,-0.941155076,0.24042818,-0.233670115,-0.0426568612
4380,0,54b24045-e039-40ee-9ba6-824dbdc42f9e,StartingBlock,438.018066,5868.88965,1,43,43,53,7,0,0,-521.888855,-1805.12854,24.2879696,-0.941158473,0.240438655,-0.233652562,-0.0426195487
4381,0,54b24045-e039-40ee-9ba6-824dbdc42f9e,StartingBlock,438.118164,5868.98975,1,43,43,53,7,0,0,-526.229431,-1803.01208,17.4504414,-0.941159546,0.24043265,-0.233652085,-0.0426343717
4382,0,54b24045-e039-40ee-9ba6-824dbdc42f9e,StartingBlock,438.218262,5869.08984,1,43,43,53,7,0,0,-530.550171,-1800.85059,10.6122808,-0.941164315,0.240418896,-0.233651981,-0.042606473
4383,0,54b24045-e039-40ee-9ba6-824dbdc42f9e,StartingBlock,438.318359,5869.18994,1,43,43,53,7,0,0,-534.851013,-1798.64417,3.77372599,-0.941169739,0.240413293,-0.233628348,-0.0426475331
4384,0,54b24045-e039-40ee-9ba6-824dbdc42f9e,StartingBlock,438.418457,5869.29004,1,43,43,53,7,0,0,-539.131775,-1796.39282,-3.06494999,-0.941182375,0.240375802,-0.233624309,-0.0426009335
4385,0,54b24045-e039-40ee-9ba6-824dbdc42f9e,StartingBlock,438.518066,5869.38965,1,43,43,53,7,0,0,-543.392395,-1794.09656,-9.90347672,-0.941188276,0.240355298,-0.233614504,-0.0426423103
4386,0,54b24045-e039-40ee-9ba6-824dbdc42f9e,StartingBlock,438.618164,5869.48975,1,43,43,53,7,0,0,-547.632446,-1791.75562,-16.7415314,-0.941183627,0.240364015,-0.233625919,-0.0426320061
4387,0,54b24045-e039-40ee-9ba6-824dbdc42f9e,StartingBlock,438.718262,5869.58984,1,43,43,53,7,0,0,-551.851868,-1789.37,-23.5789242,-0.941179395,0.240386069,-0.233625159,-0.0426067151
4388,0,54b24045-e039-40ee-9ba6-824dbdc42f9e,StartingBlock,438.818359,5869.68994,1,43,43,53,7,0,0,-556.050598,-1786.93958,-30.4154358,-0.941188812,0.240353793,-0.233625501,-0.0425781794
4389,0,54b24045-e039-40ee-9ba6-824dbdc42f9e,StartingBlock,438.918457,5869.79004,1,43,43,53,7,0,0,-560.228333,-1784.46448,-37.2507591,-0.941182017,0.240362525,-0.233638749,-0.0426053442
4390,0,54b24045-e039-40ee-9ba6-824dbdc42f9e,StartingBlock,439.018066,5869.88965,1,43,43,53,7,0,0,-564.384949,-1781.94482,-44.0846596,-0.941186666,0.240347773,-0.233636871,-0.0425968505
4391,0,54b24045-e039-40ee-9ba6-824dbdc42f9e,StartingBlock,439.118164,5869.98975,1,43,43,53,7,0,0,-568.520264,-1779.38062,-50.9168663,-0.941197515,0.240309194,-0.233635023,-0.0425853357
4392,0,54b24045-e039-40ee-9ba6-824dbdc42f9e,StartingBlock,439.218262,5870.08984,1,43,43,53,7,0,0,-572.634094,-1776.77209,-57.747097,-0.941200078,0.240314603,-0.233620018,-0.0425791331
4393,0,54b24045-e039-40ee-9ba6-824dbdc42f9e,StartingBlock,439.318359,5870.18994,1,43,43,53,7,0,0,-576.726379,-1774.11914,-64.5751343,-0.941206813,0.240292877,-0.233616188,-0.0425752923
4394,0,54b24045-e039-40ee-9ba6-824dbdc42f9e,StartingBlock,439.418457,5870.29004,1,43,43,53,7,0,0,-580.796753,-1771.42212,-71.40065,-0.941210985,0.240305096,-0.233597234,-0.0425176509
4395,0,54b24045-e039-40ee-9ba6-824dbdc42f9e,StartingBlock,439.518066,5870.38965,1,43,43,53,7,0,0,-584.845215,-1768.68066,-78.2235107,-0.9412238,0.240270302,-0.233574286,-0.0425563082
4396,0,54b24045-e039-40ee-9ba6-824dbdc42f9e,StartingBlock,439.618164,5870.48975,1,43,43,53,7,0,0,-588.871521,-1765.89526,-85.0433044,-0.941222966,0.240303665,-0.233547628,-0.0425337777
4397,0,54b24045-e039-40ee-9ba6-824dbdc42f9e,StartingBlock,439.718262,5870.58984,1,43,43,53,7,0,0,-592.87561,-1763.06567,-91.8599091,-0.941227078,0.240294218,-0.233536556,-0.0425563343
4398,0,54b24045-e039-40ee-9ba6-824dbdc42f9e,StartingBlock,439.818359,5870.68994,1,43,43,53,7,0,0,-596.857117,-1760.19226,-98.672966,-0.941240251,0.240259528,-0.233522892,-0.0425358415
4399,0,54b24045-e039-40ee-9ba6-824dbdc42f9e,StartingBlock,439.918457,5870.79004,1,43,43,53,7,0,0,-600.81604,-1757.2749,-105.482262,-0.941246927,0.240223691,-0.233533055,-0.0425341763
4400,0,54b24045-e039-40ee-9ba6-824dbdc42f9e,StartingBlock,440.018066,5870.88965,1,43,43,53,7,0,0,-604.752258,-1754.31372,-112.287476,-0.941240191,0.240242988,-0.233545423,-0.0425059199
4401,0,54b24045-e039-40ee-9ba6-824dbdc42f9e,StartingBlock,440.118164,5870.98975,1,43,43,53,7,0,0,-608.665466,-1751.30896,-119.08847,-0.941244066,0.240236744,-0.233532995,-0.0425243974
4402,0,54b24045-e039-40ee-9ba6-824dbdc42f9e,StartingBlock,440.218262,5871.08984,1,43,43,53,7,0,0,-612.555542,-1748.26062,-125.88488,-0.941246748,0.240222454,-0.233538657,-0.0425144732
4403,0,54b24045-e039-40ee-9ba6-824dbdc42f9e,StartingBlock,440.318359,5871.18994,1,43,43,53,7,0,0,-616.422363,-1745.16858,-132.676498,-0.941254079,0.24019675,-0.233539864,-0.0424904153
4404,0,54b24045-e039-40ee-9ba6-824dbdc42f9e,StartingBlock,440.418457,5871.29004,1,43,43,53,7,0,0,-620.265747,-1742.03333,-139.463013,-0.941251099,0.240193918,-0.233557627,-0.0424748994
4405,0,54b24045-e039-40ee-9ba6-824dbdc42f9e,StartingBlock,440.518066,5871.38965,1,43,43,53,7,0,0,-624.085632,-1738.85474,-146.244217,-0.941247106,0.240200803,-0.233559698,-0.0425136201
4406,0,54b24045-e039-40ee-9ba6-824dbdc42f9e,StartingBlock,440.618164,5871.48975,1,43,43,53,7,0,0,-627.881653,-1735.63281,-153.019821,-0.941260457,0.24018088,-0.233532578,-0.0424788855
4407,0,54b24045-e039-40ee-9ba6-824dbdc42f9e,StartingBlock,440.718262,5871.58984,1,43,43,53,7,0,0,-631.65387,-1732.3678,-159.789566,-0.941264868,0.240186706,-0.233499259,-0.0425318554
4408,0,54b24045-e039-40ee-9ba6-824dbdc42f9e,StartingBlock,440.818359,5871.68994,1,43,43,53,7,0,0,-635.402039,-1729.05969,-166.553207,-0.941274047,0.240174606,-0.233480677,-0.0424977392
4409,0,54b24045-e039-40ee-9ba6-824dbdc42f9e,StartingBlock,440.918457,5871.79004,1,43,43,53,7,0,0,-639.125977,-1725.70886,-173.310486,-0.941284359,0.240135625,-0.233486041,-0.0424613729
4410,0,54b24045-e039-40ee-9ba6-824dbdc42f9e,StartingBlock,441.018066,5871.88965,1,43,43,53,7,0,0,-642.825562,-1722.31519,-180.061127,-0.941288114,0.240129992,-0.23347865,-0.042451214
4411,0,54b24045-e039-40ee-9ba6-824dbdc42f9e,StartingBlock,441.118164,5871.98975,1,43,43,53,7,0,0,-646.500671,-1718.87891,-186.80484,-0.941286862,0.240134403,-0.233476028,-0.0424681008
4412,0,54b24045-e039-40ee-9ba6-824dbdc42f9e,StartingBlock,441.218262,5872.08984,1,43,43,53,7,0,0,-650.151123,-1715.3999,-193.541428,-0.941282809,0.240142703,-0.233479097,-0.0424941741
4413,0,54b24045-e039-40ee-9ba6-824dbdc42f9e,StartingBlock,441.318359,5872.18994,1,43,43,53,7,0,0,-653.776733,-1711.87854,-200.270584,-0.941301346,0.24009797,-0.233456627,-0.0424602106
4414,0,54b24045-e039-40ee-9ba6-824dbdc42f9e,StartingBlock,441.418457,5872.29004,1,43,43,53,7,0,0,-657.377502,-1708.3147,-206.992065,-0.941307425,0.240081653,-0.233446389,-0.0424735174
4415,0,54b24045-e039-40ee-9ba6-824dbdc42f9e,StartingBlock,441.518066,5872.38965,1,43,43,53,7,0,0,-660.953064,-1704.70874,-213.705658,-0.941312611,0.240077704,-0.233429149,-0.0424757265
4416,0,54b24045-e039-40ee-9ba6-824dbdc42f9e,StartingBlock,441.618164,5872.48975,1,43,43,53,7,0,0,-664.503479,-1701.06079,-220.411041,-0.941326737,0.240033641,-0.233424395,-0.0424383096
4417,0,54b24045-e039-40ee-9ba6-824dbdc42f9e,StartingBlock,441.718262,5872.58984,1,43,43,53,7,0,0,-668.028503,-1697.37073,-227.107971,-0.941333175,0.240016133,-0.233412758,-0.0424580462
4418,0,54b24045-e039-40ee-9ba6-824dbdc42f9e,StartingBlock,441.818359,5872.68994,1,43,43,53,7,0,0,-671.527954,-1693.63904,-233.796112,-0.941318929,0.240073681,-0.233415574,-0.0424329154
4419,0,54b24045-e039-40ee-9ba6-824dbdc42f9e,StartingBlock,441.918457,5872.79004,1,43,43,53,7,0,0,-675.001709,-1689.86548,-240.475388,-0.941324174,0.240051404,-0.233413622,-0.0424519889
4420,0,54b24045-e039-40ee-9ba6-824dbdc42f9e,StartingBlock,442.018066,5872.88965,1,43,43,53,7,0,0,-678.449646,-1686.05042,-247.145432,-0.941330373,0.240035698,-0.233410716,-0.0424212143
4421,0,54b24045-e039-40ee-9ba6-824dbdc42f9e,StartingBlock,442.118164,5872.98975,1,43,43,53,7,0,0,-681.871704,-1682.19385,-253.806,-0.941337287,0.240012214,-0.233405292,-0.042429354
4422,0,54b24045-e039-40ee-9ba6-824dbdc42f9e,StartingBlock,442.218262,5873.08984,1,43,43,53,7,0,0,-685.267639,-1678.29602,-260.456818,-0.941339135,0.239985034,-0.233430266,-0.0424049124
4423,0,54b24045-e039-40ee-9ba6-824dbdc42f9e,StartingBlock,442.318359,5873.18994,1,43,43,53,7,0,0,-688.637329,-1674.35693,-267.097565,-0.941332757,0.240003631,-0.233435765,-0.042410206
4424,0,54b24045-e039-40ee-9ba6-824dbdc42f9e,StartingBlock,442.418457,5873.29004,1,43,43,53,7,0,0,-691.980652,-1670.37683,-273.728149,-0.941344082,0.239969403,-0.233436272,-0.042351909
4425,0,54b24045-e039-40ee-9ba6-824dbdc42f9e,StartingBlock,442.518066,5873.38965,1,43,43,53,7,0,0,-695.297485,-1666.35583,-280.348145,-0.941337526,0.239999905,-0.233425409,-0.0423834622
4426,0,54b24045-e039-40ee-9ba6-824dbdc42f9e,StartingBlock,442.618164,5873.48975,1,43,43,53,7,0,0,-698.587646,-1662.29419,-286.957336,-0.941339314,0.239991814,-0.233426079,-0.0423860289
4427,0,54b24045-e039-40ee-9ba6-824dbdc42f9e,StartingBlock,442.718262,5873.58984,1,43,43,53,7,0,0,-701.851074,-1658.19177,-293.555603,-0.941341639,0.239989758,-0.233422101,-0.0423673056
4428,0,54b24045-e039-40ee-9ba6-824dbdc42f9e,StartingBlock,442.818359,5873.68994,1,43,43,53,7,0,0,-705.087646,-1654.04895,-300.142609,-0.941349208,0.23995851,-0.23341766,-0.042401094
4429,0,54b24045-e039-40ee-9ba6-824dbdc42f9e,StartingBlock,442.918457,5873.79004,1,43,43,53,7,0,0,-708.297058,-1649.86584,-306.718079,-0.941353858,0.239951611,-0.233413711,-0.0423575379
4430,0,54b24045-e039-40ee-9ba6-824dbdc42f9e,StartingBlock,443.018066,5873.88965,1,43,43,53,7,0,0,-711.479431,-1645.64258,-313.281738,-0.941352189,0.239952505,-0.233414888,-0.042385146
4431,0,54b24045-e039-40ee-9ba6-824dbdc42f9e,StartingBlock,443.118164,5873.98975,1,43,43,53,7,0,0,-714.63446,-1641.37939,-319.833374,-0.941371024,0.239894763,-0.233409792,-0.0423207991
4432,0,54b24045-e039-40ee-9ba6-824dbdc42f9e,StartingBlock,443.218262,5874.08984,1,43,43,53,7,0,0,-717.762085,-1637.07642,-326.37265,-0.941372573,0.239884734,-0.233414784,-0.04231406
4433,0,54b24045-e039-40ee-9ba6-824dbdc42f9e,StartingBlock,443.318359,5874.18994,1,43,43,53,7,0,0,-720.862244,-1632.73364,-332.899414,-0.941358507,0.239919767,-0.233429298,-0.0423494317
4434,0,54b24045-e039-40ee-9ba6-824dbdc42f9e,StartingBlock,443.418457,5874.29004,1,43,43,53,7,0,0,-723.934692,-1628.3512,-339.413391,-0.94137162,0.239897698,-0.233402699,-0.0423301384
4435,0,54b24045-e039-40ee-9ba6-824dbdc42f9e,StartingBlock,443.518066,5874.38965,1,43,43,53,7,0,0,-726.979309,-1623.92944,-345.914276,-0.94137758,0.239871383,-0.233400479,-0.0423580296
4436,0,54b24045-e039-40ee-9ba6-824dbdc42f9e,StartingBlock,443.618164,5874.48975,1,43,43,53,7,0,0,-729.996094,-1619.46863,-352.401917,-0.941387296,0.239839986,-0.233400673,-0.0423178971
4437,0,54b24045-e039-40ee-9ba6-824dbdc42f9e,StartingBlock,443.718262,5874.58984,1,43,43,53,7,0,0,-732.984863,-1614.96875,-358.875977,-0.941397548,0.239818156,-0.233383894,-0.0423087813
4438,0,54b24045-e039-40ee-9ba6-824dbdc42f9e,StartingBlock,443.818359,5874.68994,1,43,43,53,7,0,0,-735.945496,-1610.42993,-365.336212,-0.941399753,0.239808276,-0.233391792,-0.0422719456
4439,0,54b24045-e039-40ee-9ba6-824dbdc42f9e,StartingBlock,443.918457,5874.79004,1,43,43,53,7,0,0,-738.877808,-1605.85254,-371.78241,-0.94140166,0.239808157,-0.233382151,-0.0422825329
4440,0,54b24045-e039-40ee-9ba6-824dbdc42f9e,StartingBlock,444.018066,5874.88965,1,43,43,53,7,0,0,-741.781799,-1601.23657,-378.214325,-0.941400468,0.239823163,-0.233364329,-0.0423222519
4441,0,54b24045-e039-40ee-9ba6-824dbdc42f9e,StartingBlock,444.118164,5874.98975,1,43,43,53,7,0,0,-744.657288,-1596.58215,-384.631622,-0.941404939,0.239810586,-0.233366355,-0.0422821604
4442,0,54b24045-e039-40ee-9ba6-824dbdc42f9e,StartingBlock,444.218262,5875.08984,1,43,43,53,7,0,0,-747.50415,-1591.88965,-391.034149,-0.941405594,0.23981601,-0.233356461,-0.0422922783
4443,0,54b24045-e039-40ee-9ba6-824dbdc42f9e,StartingBlock,444.318359,5875.18994,1,43,43,53,7,0,0,-750.322388,-1587.15906,-397.421753,-0.941436112,0.239727378,-0.233333021,-0.0422433168
4444,0,54b24045-e039-40ee-9ba6-824dbdc42f9e,StartingBlock,444.418457,5875.29004,1,43,43,53,7,0,0,-753.111755,-1582.39075,-403.793945,-0.941438198,0.239746645,-0.23330684,-0.0422339067
4445,0,54b24045-e039-40ee-9ba6-824dbdc42f9e,StartingBlock,444.518066,5875.38965,1,43,43,53,7,0,0,-755.872253,-1577.58472,-410.150665,-0.941435695,0.239756644,-0.233306199,-0.0422356836
4446,0,54b24045-e039-40ee-9ba6-824dbdc42f9e,StartingBlock,444.618164,5875.48975,1,43,43,53,7,0,0,-758.603638,-1572.74133,-416.491547,-0.941440523,0.239739314,-0.233302847,-0.0422455072
4447,0,54b24045-e039-40ee-9ba6-824dbdc42f9e,StartingBlock,444.718262,5875.58984,1,43,43,53,7,0,0,-761.305847,-1567.8606,-422.816406,-0.941442192,0.239744529,-0.233286604,-0.0422690436
4448,0,54b24045-e039-40ee-9ba6-824dbdc42f9e,StartingBlock,444.818359,5875.68994,1,43,43,53,7,0,0,-763.978882,-1562.94287,-429.125031,-0.941453993,0.239706889,-0.23328732,-0.0422132909
4449,0,54b24045-e039-40ee-9ba6-824dbdc42f9e,StartingBlock,444.918457,5875.79004,1,43,43,53,7,0,0,-766.622559,-1557.98816,-435.417114,-0.941450357,0.239726365,-0.233275369,-0.0422507003
4450,0,54b24045-e039-40ee-9ba6-824dbdc42f9e,StartingBlock,445.018066,5875.88965,1,43,43,53,7,0,0,-769.236755,-1552.9967,-441.692444,-0.941464186,0.239711255,-0.233239204,-0.0422286987
4451,0,54b24045-e039-40ee-9ba6-824dbdc42f9e,StartingBlock,445.118164,5875.98975,1,43,43,53,7,0,0,-771.821472,-1547.96875,-447.950775,-0.941472054,0.239678949,-0.233235613,-0.0422570966
4452,0,54b24045-e039-40ee-9ba6-824dbdc42f9e,StartingBlock,445.218262,5876.08984,1,43,43,53,7,0,0,-774.376465,-1542.90466,-454.191803,-0.941470265,0.239694566,-0.233238488,-0.0421916433
4453,0,54b24045-e039-40ee-9ba6-824dbdc42f9e,StartingBlock,445.318359,5876.18994,1,43,43,53,7,0,0,-776.901733,-1537.8042,-460.415436,-0.941474974,0.239678875,-0.233237654,-0.0421802364
4454,0,54b24045-e039-40ee-9ba6-824dbdc42f9e,StartingBlock,445.418457,5876.29004,1,43,43,53,7,0,0,-779.397217,-1532.66797,-466.621368,-0.941485822,0.239647865,-0.233227298,-0.042172119
4455,0,54b24045-e039-40ee-9ba6-824dbdc42f9e,StartingBlock,445.518066,5876.38965,1,43,43,53,7,0,0,-781.862671,-1527.49597,-472.809326,-0.941481411,0.239639655,-0.233252406,-0.0421784297
4456,0,54b24045-e039-40ee-9ba6-824dbdc42f9e,StartingBlock,445.618164,5876.48975,1,43,43,53,7,0,0,-784.298157,-1522.28845,-478.979095,-0.941484034,0.239608765,-0.233275697,-0.0421665683
4457,0,54b24045-e039-40ee-9ba6-824dbdc42f9e,StartingBlock,445.718262,5876.58984,1,43,43,53,7,0,0,-786.703491,-1517.04553,-485.130463,-0.941497564,0.239606783,-0.233222619,-0.0421687625
4458,0,54b24045-e039-40ee-9ba6-824dbdc42f9e,StartingBlock,445.818359,5876.68994,1,43,43,53,7,0,0,-789.078613,-1511.76746,-491.263123,-0.941504896,0.239592582,-0.233212546,-0.0421400182
4459,0,54b24045-e039-40ee-9ba6-824dbdc42f9e,StartingBlock,445.918457,5876.79004,1,43,43,53,7,0,0,-791.423462,-1506.45459,-497.376923,-0.941502035,0.239590243,-0.233225062,-0.0421495102
4460,0,54b24045-e039-40ee-9ba6-824dbdc42f9e,StartingBlock,446.018066,5876.88965,1,43,43,53,7,0,0,-793.737915,-1501.10693,-503.471588,-0.941508234,0.239585057,-0.233204812,-0.0421513207
4461,0,54b24045-e039-40ee-9ba6-824dbdc42f9e,StartingBlock,446.118164,5876.98975,1,43,43,53,7,0,0,-796.021851,-1495.72498,-509.546844,-0.94151473,0.239590079,-0.233179107,-0.0421189703
4462,0,54b24045-e039-40ee-9ba6-824dbdc42f9e,StartingBlock,446.218262,5877.08984,1,43,43,53,7,0,0,-798.27533,-1490.30847,-515.6026,-0.941508055,0.239596948,-0.233192131,-0.0421595126
4463,0,54b24045-e039-40ee-9ba6-824dbdc42f9e,StartingBlock,446.318359,5877.18994,1,43,43,53,7,0,0,-800.498108,-1484.85803,-521.63855,-0.941528976,0.23952803,-0.233184159,-0.042126473
4464,0,54b24045-e039-40ee-9ba6-824dbdc42f9e,StartingBlock,446.418457,5877.29004,1,43,43,53,7,0,0,-802.690247,-1479.37354,-527.654419,-0.941517413,0.239576042,-0.233182326,-0.0421230681
4465,0,54b24045-e039-40ee-9ba6-824dbdc42f9e,StartingBlock,446.518066,5877.38965,1,43,43,53,7,0,0,-804.85144,-1473.85559,-533.650085,-0.941531718,0.239547953,-0.233153,-0.0421247631
4466,0,54b24045-e039-40ee-9ba6-824dbdc42f9e,StartingBlock,446.618164,5877.48975,1,43,43,53,7,0,0,-806.981934,-1468.30408,-539.625183,-0.941552937,0.239491791,-0.233122423,-0.0421392284
4467,0,54b24045-e039-40ee-9ba6-824dbdc42f9e,StartingBlock,446.718262,5877.58984,1,43,43,53,7,0,0,-809.081299,-1462.7196,-545.579529,-0.941554308,0.239500999,-0.233110845,-0.0421200953
4468,0,54b24045-e039-40ee-9ba6-824dbdc42f9e,StartingBlock,446.818359,5877.68994,1,43,43,53,7,0,0,-811.14978,-1457.10193,-551.513,-0.941557169,0.239477336,-0.233121231,-0.0421332046
4469,0,54b24045-e039-40ee-9ba6-824dbdc42f9e,StartingBlock,446.918457,5877.79004,1,43,43,53,7,0,0,-813.187134,-1451.45142,-557.425232,-0.941538274,0.239522055,-0.233157143,-0.0421027914
4470,0,54b24045-e039-40ee-9ba6-824dbdc42f9e,StartingBlock,447.018066,5877.88965,1,43,43,53,7,0,0,-815.193359,-1445.76843,-563.316162,-0.941548228,0.239474371,-0.233166471,-0.0421013422
4471,0,54b24045-e039-40ee-9ba6-824dbdc42f9e,StartingBlock,447.118164,5877.98975,1,43,43,53,7,0,0,-817.168213,-1440.0531,-569.185486,-0.941552997,0.239477009,-0.233150557,-0.0420668162
4472,0,54b24045-e039-40ee-9ba6-824dbdc42f9e,StartingBlock,447.218262,5878.08984,1,43,43,53,7,0,0,-819.111877,-1434.30579,-575.032959,-0.941541076,0.239520207,-0.233144879,-0.042118948
4473,0,54b24045-e039-40ee-9ba6-824dbdc42f9e,StartingBlock,447.318359,5878.18994,1,43,43,53,7,0,0,-821.024048,-1428.52649,-580.858337,-0.94155544,0.23948352,-0.233127937,-0.0421008617
4474,0,54b24045-e039-40ee-9ba6-824dbdc42f9e,StartingBlock,447.418457,5878.29004,1,43,43,53,7,0,0,-822.904907,-1422.71558,-586.661499,-0.94156307,0.239431903,-0.233150497,-0.0420981534
4475,0,54b24045-e039-40ee-9ba6-824dbdc42f9e,StartingBlock,447.52832,5878.3999,1,43,43,53,7,0,0,-824.9375,-1416.28735,-593.018982,-0.941562057,0.239423901,-0.233168527,-0.042067036
4476,0,54b24045-e039-40ee-9ba6-824dbdc42f9e,StartingBlock,447.618164,5878.48975,1,43,43,53,7,0,0,-826.572021,-1410.99988,-598.200073,-0.941559494,0.23946467,-0.233137339,-0.0420651138
4477,0,54b24045-e039-40ee-9ba6-824dbdc42f9e,StartingBlock,447.718262,5878.58984,1,43,43,53,7,0,0,-828.358154,-1405.0957,-603.93512,-0.941564023,0.23943074,-0.23315452,-0.0420616902
4478,0,54b24045-e039-40ee-9ba6-824dbdc42f9e,StartingBlock,447.818359,5878.68994,1,43,43,53,7,0,0,-830.11261,-1399.16064,-609.647034,-0.941567183,0.23941946,-0.233146876,-0.0420976952
4479,0,54b24045-e039-40ee-9ba6-824dbdc42f9e,StartingBlock,447.918457,5878.79004,1,43,43,53,7,0,0,-831.835327,-1393.19507,-615.335632,-0.941588938,0.239385486,-0.233102858,-0.0420481414
4480,0,54b24045-e039-40ee-9ba6-824dbdc42f9e,StartingBlock,448.02832,5878.8999,1,43,43,53,7,0,0,-833.693604,-1386.59802,-621.565918,-0.941588223,0.239384726,-0.233096197,-0.0421048589
4481,0,54b24045-e039-40ee-9ba6-824dbdc42f9e,StartingBlock,448.118164,5878.98975,1,43,43,53,7,0,0,-835.185364,-1381.17346,-626.64209,-0.941605985,0.239346623,-0.233066455,-0.0420872346
4482,0,54b24045-e039-40ee-9ba6-824dbdc42f9e,StartingBlock,448.218262,5879.08984,1,43,43,53,7,0,0,-836.8125,-1375.11792,-632.259399,-0.941602468,0.239364848,-0.233061582,-0.0420898311
4483,0,54b24045-e039-40ee-9ba6-824dbdc42f9e,StartingBlock,448.318359,5879.18994,1,43,43,53,7,0,0,-838.407715,-1369.03284,-637.852539,-0.941618204,0.239311993,-0.233052164,-0.0420910902
4484,0,54b24045-e039-40ee-9ba6-824dbdc42f9e,StartingBlock,448.418457,5879.29004,1,43,43,53,7,0,0,-839.970947,-1362.91858,-643.421326,-0.941623151,0.239312351,-0.233032987,-0.0420836248
4485,0,54b24045-e039-40ee-9ba6-824dbdc42f9e,StartingBlock,448.52832,5879.3999,1,43,43,53,7,0,0,-841.653442,-1356.15942,-649.518616,-0.941612601,0.239388719,-0.232994184,-0.0421020091
4486,0,54b24045-e039-40ee-9ba6-824dbdc42f9e,StartingBlock,448.618164,5879.48975,1,43,43,53,7,0,0,-843.001099,-1350.60339,-654.485046,-0.941607177,0.239385277,-0.233020604,-0.0420962125
4487,0,54b24045-e039-40ee-9ba6-824dbdc42f9e,StartingBlock,448.718262,5879.58984,1,43,43,53,7,0,0,-844.468018,-1344.40283,-659.979553,-0.941626489,0.239336014,-0.232995093,-0.0420850441
4488,0,54b24045-e039-40ee-9ba6-824dbdc42f9e,StartingBlock,448.818359,5879.68994,1,43,43,53,7,0,0,-845.902832,-1338.17395,-665.448792,-0.941627145,0.239314631,-0.233011037,-0.0421041884
4489,0,54b24045-e039-40ee-9ba6-824dbdc42f9e,StartingBlock,448.918457,5879.79004,1,43,43,53,7,0,0,-847.305359,-1331.91699,-670.892822,-0.941622138,0.239332274,-0.2330091,-0.0421256982
4490,0,54b24045-e039-40ee-9ba6-824dbdc42f9e,StartingBlock,449.02832,5879.8999,1,43,43,53,7,0,0,-848.810974,-1325.0022,-676.851685,-0.941636443,0.239305928,-0.232983798,-0.0420960449
4491,0,54b24045-e039-40ee-9ba6-824dbdc42f9e,StartingBlock,449.128418,5880,1,43,43,53,7,0,0,-850.145691,-1318.68726,-682.241699,-0.941656888,0.239256099,-0.232956722,-0.0420709252
4492,0,54b24045-e039-40ee-9ba6-824dbdc42f9e,StartingBlock,449.218262,5880.08984,1,43,43,53,7,0,0,-851.319397,-1312.98047,-687.070496,-0.941654384,0.23926568,-0.232948989,-0.0421172157
4493,0,54b24045-e039-40ee-9ba6-824dbdc42f9e,StartingBlock,449.318359,5880.18994,1,43,43,53,7,0,0,-852.592712,-1306.61401,-692.41095,-0.941663802,0.239265874,-0.232916519,-0.0420831069
4494,0,54b24045-e039-40ee-9ba6-824dbdc42f9e,StartingBlock,449.418457,5880.29004,1,43,43,53,7,0,0,-853.833496,-1300.22083,-697.725098,-0.941674411,0.23925589,-0.232893452,-0.042031087
4495,0,54b24045-e039-40ee-9ba6-824dbdc42f9e,StartingBlock,449.52832,5880.3999,1,43,43,53,7,0,0,-855.161011,-1293.15759,-703.540039,-0.941663742,0.239282444,-0.232896924,-0.0420987196
4496,0,54b24045-e039-40ee-9ba6-824dbdc42f9e,StartingBlock,449.628418,5880.5,1,43,43,53,7,0,0,-856.333679,-1286.70886,-708.79834,-0.941662908,0.239262179,-0.232920393,-0.0421044119
4497,0,54b24045-e039-40ee-9ba6-824dbdc42f9e,StartingBlock,449.718262,5880.58984,1,43,43,53,7,0,0,-857.361389,-1280.88293,-713.50769,-0.941670477,0.239260286,-0.232893869,-0.04209169
4498,0,54b24045-e039-40ee-9ba6-824dbdc42f9e,StartingBlock,449.818359,5880.68994,1,43,43,53,7,0,0,-858.472351,-1274.38513,-718.7146,-0.94168961,0.239201769,-0.232878491,-0.0420818776
4499,0,54b24045-e039-40ee-9ba6-824dbdc42f9e,StartingBlock,449.918457,5880.79004,1,43,43,53,7,0,0,-859.550781,-1267.86182,-723.894287,-0.94168663,0.239239976,-0.232850507,-0.0420867987
4500,0,54b24045-e039-40ee-9ba6-824dbdc42f9e,StartingBlock,450.02832,5880.8999,1,43,43,53,7,0,0,-860.699402,-1260.6571,-729.560181,-0.941709459,0.239156634,-0.23284474,-0.0420818515
4501,0,54b24045-e039-40ee-9ba6-824dbdc42f9e,StartingBlock,450.128418,5881,1,43,43,53,7,0,0,-861.709412,-1254.08118,-734.682007,-0.941712439,0.23918654,-0.232798472,-0.0420998223
4502,0,54b24045-e039-40ee-9ba6-824dbdc42f9e,StartingBlock,450.218262,5881.08984,1,43,43,53,7,0,0,-862.590454,-1248.14172,-739.267822,-0.941718042,0.239179164,-0.232786894,-0.0420811735
4503,0,54b24045-e039-40ee-9ba6-824dbdc42f9e,StartingBlock,450.318359,5881.18994,1,43,43,53,7,0,0,-863.538452,-1241.51917,-744.336548,-0.941707134,0.239228651,-0.232773751,-0.0421159826
4504,0,54b24045-e039-40ee-9ba6-824dbdc42f9e,StartingBlock,450.418457,5881.29004,1,43,43,53,7,0,0,-864.453796,-1234.87231,-749.377258,-0.94171524,0.239214018,-0.232755676,-0.0421183668
4505,0,54b24045-e039-40ee-9ba6-824dbdc42f9e,StartingBlock,450.52832,5881.3999,1,43,43,53,7,0,0,-865.423035,-1227.53333,-754.889099,-0.941724181,0.239174053,-0.232765436,-0.042090863
4506,0,54b24045-e039-40ee-9ba6-824dbdc42f9e,StartingBlock,450.628418,5881.5,1,43,43,53,7,0,0,-866.269775,-1220.83667,-759.869995,-0.941717565,0.239199713,-0.232759744,-0.0421233736
4507,0,54b24045-e039-40ee-9ba6-824dbdc42f9e,StartingBlock,450.728516,5881.6001,1,43,43,53,7,0,0,-867.083801,-1214.1167,-764.822144,-0.941721261,0.239200428,-0.232748538,-0.042101413
4508,0,54b24045-e039-40ee-9ba6-824dbdc42f9e,StartingBlock,450.818359,5881.68994,1,43,43,53,7,0,0,-867.788513,-1208.04895,-769.254456,-0.941737354,0.239149243,-0.232736796,-0.0420950577
4509,0,54b24045-e039-40ee-9ba6-824dbdc42f9e,StartingBlock,450.918457,5881.79004,1,43,43,53,7,0,0,-868.540466,-1201.2854,-774.151672,-0.94173795,0.239167854,-0.232716292,-0.0420886576
4510,0,54b24045-e039-40ee-9ba6-824dbdc42f9e,StartingBlock,451.02832,5881.8999,1,43,43,53,7,0,0,-869.329834,-1193.81921,-779.504883,-0.941744089,0.239182279,-0.232682779,-0.0420550071
4511,0,54b24045-e039-40ee-9ba6-824dbdc42f9e,StartingBlock,451.128418,5882,1,43,43,53,7,0,0,-870.013062,-1187.00854,-784.340576,-0.941748381,0.239158288,-0.23267886,-0.0421165749
4512,0,54b24045-e039-40ee-9ba6-824dbdc42f9e,StartingBlock,451.228516,5882.1001,1,43,43,53,7,0,0,-870.663513,-1180.1759,-789.14679,-0.941744208,0.239171699,-0.232685387,-0.0421000756
4513,0,54b24045-e039-40ee-9ba6-824dbdc42f9e,StartingBlock,451.318359,5882.18994,1,43,43,53,7,0,0,-871.221008,-1174.00793,-793.447021,-0.941747844,0.239157677,-0.232683867,-0.0421057791
4514,0,54b24045-e039-40ee-9ba6-824dbdc42f9e,StartingBlock,451.418457,5882.29004,1,43,43,53,7,0,0,-871.809265,-1167.13416,-798.196594,-0.941755116,0.23912783,-0.232681647,-0.0421248972
4515,0,54b24045-e039-40ee-9ba6-824dbdc42f9e,StartingBlock,451.52832,5882.3999,1,43,43,53,7,0,0,-872.41864,-1159.54846,-803.386597,-0.941765845,0.239121646,-0.232656136,-0.0420602858
4516,0,54b24045-e039-40ee-9ba6-824dbdc42f9e,StartingBlock,451.628418,5882.5,1,43,43,53,7,0,0,-872.938171,-1152.63049,-808.073181,-0.941776276,0.239110664,-0.232624546,-0.0420638733
4517,0,54b24045-e039-40ee-9ba6-824dbdc42f9e,StartingBlock,451.728516,5882.6001,1,43,43,53,7,0,0,-873.425049,-1145.69189,-812.729309,-0.941778123,0.239103943,-0.232619688,-0.0420890041
4518,0,54b24045-e039-40ee-9ba6-824dbdc42f9e,StartingBlock,451.818359,5882.68994,1,43,43,53,7,0,0,-873.835205,-1139.42993,-816.89386,-0.941781938,0.239094079,-0.232615843,-0.04208
4519,0,54b24045-e039-40ee-9ba6-824dbdc42f9e,StartingBlock,451.918457,5882.79004,1,43,43,53,7,0,0,-874.259888,-1132.45276,-821.492004,-0.941783309,0.239094481,-0.2326013,-0.0421269052
4520,0,54b24045-e039-40ee-9ba6-824dbdc42f9e,StartingBlock,452.02832,5882.8999,1,43,43,53,7,0,0,-874.68927,-1124.75513,-826.514404,-0.94179529,0.239078164,-0.232577905,-0.0420817658
4521,0,54b24045-e039-40ee-9ba6-824dbdc42f9e,StartingBlock,452.128418,5883,1,43,43,53,7,0,0,-875.045349,-1117.73682,-831.047852,-0.941793144,0.239088476,-0.23257266,-0.0420994125
4522,0,54b24045-e039-40ee-9ba6-824dbdc42f9e,StartingBlock,452.228516,5883.1001,1,43,43,53,7,0,0,-875.368652,-1110.6991,-835.550171,-0.94179678,0.239088431,-0.232564464,-0.0420641787
4523,0,54b24045-e039-40ee-9ba6-824dbdc42f9e,StartingBlock,452.328125,5883.19971,1,43,43,53,7,0,0,-875.659241,-1103.64258,-840.021301,-0.941796303,0.239090651,-0.232564732,-0.0420604944
4524,0,54b24045-e039-40ee-9ba6-824dbdc42f9e,StartingBlock,452.418457,5883.29004,1,43,43,53,7,0,0,-875.892944,-1097.27563,-844.018494,-0.94179219,0.239105344,-0.23256354,-0.0420753732
4525,0,54b24045-e039-40ee-9ba6-824dbdc42f9e,StartingBlock,452.52832,5883.3999,1,43,43,53,7,0,0,-876.142578,-1089.47351,-848.869324,-0.941805184,0.239086345,-0.232532471,-0.042064324
4526,0,54b24045-e039-40ee-9ba6-824dbdc42f9e,StartingBlock,452.628418,5883.5,1,43,43,53,7,0,0,-876.335327,-1082.36157,-853.246033,-0.941810429,0.239081591,-0.2325093,-0.0421015285
4527,0,54b24045-e039-40ee-9ba6-824dbdc42f9e,StartingBlock,452.728516,5883.6001,1,43,43,53,7,0,0,-876.495361,-1075.23181,-857.590942,-0.941818655,0.239060029,-0.232504815,-0.0420653261
4528,0,54b24045-e039-40ee-9ba6-824dbdc42f9e,StartingBlock,452.828125,5883.69971,1,43,43,53,7,0,0,-876.622864,-1068.08447,-861.90387,-0.941807091,0.23908098,-0.232526615,-0.0420849845
4529,0,54b24045-e039-40ee-9ba6-824dbdc42f9e,StartingBlock,452.918457,5883.79004,1,43,43,53,7,0,0,-876.709778,-1061.63708,-865.75824,-0.941813886,0.239067808,-0.232511595,-0.0420893468
4530,0,54b24045-e039-40ee-9ba6-824dbdc42f9e,StartingBlock,453.02832,5883.8999,1,43,43,53,7,0,0,-876.780212,-1053.73816,-870.433655,-0.941816092,0.239083931,-0.232482776,-0.0421068445
4531,0,54b24045-e039-40ee-9ba6-824dbdc42f9e,StartingBlock,453.128418,5884,1,43,43,53,7,0,0,-876.81012,-1046.53967,-874.650146,-0.941820264,0.239072621,-0.232482612,-0.0420803688
4532,0,54b24045-e039-40ee-9ba6-824dbdc42f9e,StartingBlock,453.228516,5884.1001,1,43,43,53,7,0,0,-876.807495,-1039.32483,-878.834167,-0.941820085,0.239062503,-0.232483983,-0.0421337634
4533,0,54b24045-e039-40ee-9ba6-824dbdc42f9e,StartingBlock,453.328125,5884.19971,1,43,43,53,7,0,0,-876.7724,-1032.09375,-882.985596,-0.941830873,0.239043996,-0.232465535,-0.0420997143
4534,0,54b24045-e039-40ee-9ba6-824dbdc42f9e,StartingBlock,453.418457,5884.29004,1,43,43,53,7,0,0,-876.713074,-1025.57227,-886.694031,-0.941835344,0.239054203,-0.232438281,-0.0420918502
4535,0,54b24045-e039-40ee-9ba6-824dbdc42f9e,StartingBlock,453.52832,5884.3999,1,43,43,53,7,0,0,-876.604919,-1017.58423,-891.19043,-0.941833735,0.239065766,-0.232429937,-0.0421083272
4536,0,54b24045-e039-40ee-9ba6-824dbdc42f9e,StartingBlock,453.628418,5884.5,1,43,43,53,7,0,0,-876.472595,-1010.30634,-895.243408,-0.941840827,0.239042982,-0.232424259,-0.0421110541
4537,0,54b24045-e039-40ee-9ba6-824dbdc42f9e,StartingBlock,453.728516,5884.6001,1,43,43,53,7,0,0,-876.307922,-1003.01324,-899.263428,-0.941838205,0.239061713,-0.23241356,-0.0421202332
4538,0,54b24045-e039-40ee-9ba6-824dbdc42f9e,StartingBlock,453.828125,5884.69971,1,43,43,53,7,0,0,-876.110962,-995.705444,-903.250244,-0.941834331,0.239099875,-0.232388481,-0.0421311297
4539,0,54b24045-e039-40ee-9ba6-824dbdc42f9e,StartingBlock,453.928223,5884.7998,1,43,43,53,7,0,0,-875.881714,-988.383118,-907.203796,-0.941843688,0.239064664,-0.232389823,-0.0421147831
4540,0,54b24045-e039-40ee-9ba6-824dbdc42f9e,StartingBlock,454.02832,5884.8999,1,43,43,53,7,0,0,-875.620239,-981.046692,-911.123901,-0.941837788,0.239100307,-0.232380807,-0.0420941822
4541,0,54b24045-e039-40ee-9ba6-824dbdc42f9e,StartingBlock,454.128418,5885,1,43,43,53,7,0,0,-875.326538,-973.696289,-915.010559,-0.941839695,0.23909758,-0.232373774,-0.0421052724
4542,0,54b24045-e039-40ee-9ba6-824dbdc42f9e,StartingBlock,454.228516,5885.1001,1,43,43,53,7,0,0,-875.000732,-966.332153,-918.863464,-0.941845655,0.239071265,-0.232380539,-0.0420842469
4543,0,54b24045-e039-40ee-9ba6-824dbdc42f9e,StartingBlock,454.328125,5885.19971,1,43,43,53,7,0,0,-874.642761,-958.954651,-922.682739,-0.941839337,0.239086434,-0.232384965,-0.0421137773
4544,0,54b24045-e039-40ee-9ba6-824dbdc42f9e,StartingBlock,454.428223,5885.2998,1,43,43,53,7,0,0,-874.252808,-951.564209,-926.46814,-0.941849232,0.239080071,-0.232356846,-0.0420845598
4545,0,54b24045-e039-40ee-9ba6-824dbdc42f9e,StartingBlock,454.52832,5885.3999,1,43,43,53,7,0,0,-873.830811,-944.160828,-930.219543,-0.941847026,0.23907721,-0.232371882,-0.0420658104
4546,0,54b24045-e039-40ee-9ba6-824dbdc42f9e,StartingBlock,454.628418,5885.5,1,43,43,53,7,0,0,-873.376831,-936.745056,-933.93689,-0.941850603,0.239078239,-0.232349277,-0.0421065092
4547,0,54b24045-e039-40ee-9ba6-824dbdc42f9e,StartingBlock,454.728516,5885.6001,1,43,43,53,7,0,0,-872.890869,-929.316895,-937.620178,-0.941852927,0.239085928,-0.232333079,-0.0420998782
4548,0,54b24045-e039-40ee-9ba6-824dbdc42f9e,StartingBlock,454.828125,5885.69971,1,43,43,53,7,0,0,-872.373047,-921.876831,-941.269104,-0.941849232,0.239100963,-0.232333541,-0.0420959033
4549,0,54b24045-e039-40ee-9ba6-824dbdc42f9e,StartingBlock,454.928223,5885.7998,1,43,43,53,7,0,0,-871.823425,-914.42511,-944.883667,-0.941847146,0.239082277,-0.232359871,-0.0421015508
4550,0,54b24045-e039-40ee-9ba6-824dbdc42f9e,StartingBlock,455.02832,5885.8999,1,43,43,53,7,0,0,-871.241943,-906.961975,-948.463806,-0.941847444,0.239097983,-0.232344195,-0.0420922004
4551,0,54b24045-e039-40ee-9ba6-824dbdc42f9e,StartingBlock,455.128418,5886,1,43,43,53,7,0,0,-870.628845,-899.487732,-952.009399,-0.94184953,0.23909387,-0.232340589,-0.0420882143
4552,0,54b24045-e039-40ee-9ba6-824dbdc42f9e,StartingBlock,455.228516,5886.1001,1,43,43,53,7,0,0,-869.984009,-892.002686,-955.520264,-0.941847026,0.239112616,-0.232334033,-0.042074386
4553,0,54b24045-e039-40ee-9ba6-824dbdc42f9e,StartingBlock,455.328125,5886.19971,1,43,43,53,7,0,0,-869.307556,-884.50708,-958.99646,-0.941844702,0.239120767,-0.23233752,-0.0420628078
4554,0,54b24045-e039-40ee-9ba6-824dbdc42f9e,StartingBlock,455.428223,5886.2998,1,43,43,53,7,0,0,-868.59967,-877.001343,-962.437744,-0.941853166,0.239086181,-0.232333764,-0.0420894735
4555,0,54b24045-e039-40ee-9ba6-824dbdc42f9e,StartingBlock,455.52832,5886.3999,1,43,43,53,7,0,0,-867.860107,-869.485535,-965.844116,-0.941853523,0.239084497,-0.232333601,-0.0420901217
4556,0,54b24045-e039-40ee-9ba6-824dbdc42f9e,StartingBlock,455.628418,5886.5,1,43,43,53,7,0,0,-867.089172,-861.960083,-969.215515,-0.941857696,0.239077836,-0.232321545,-0.0421018116
4557,0,54b24045-e039-40ee-9ba6-824dbdc42f9e,StartingBlock,455.728516,5886.6001,1,43,43,53,7,0,0,-866.286804,-854.425171,-972.551819,-0.941861749,0.239098132,-0.23228614,-0.0420905352
4558,0,54b24045-e039-40ee-9ba6-824dbdc42f9e,StartingBlock,455.828125,5886.69971,1,43,43,53,7,0,0,-865.453186,-846.881226,-975.852966,-0.941866994,0.239096582,-0.232265219,-0.042098131
4559,0,54b24045-e039-40ee-9ba6-824dbdc42f9e,StartingBlock,455.928223,5886.7998,1,43,43,53,7,0,0,-864.588318,-839.328308,-979.118835,-0.941862404,0.239135325,-0.232250422,-0.0420633107
4560,0,54b24045-e039-40ee-9ba6-824dbdc42f9e,StartingBlock,456.02832,5886.8999,1,43,43,53,7,0,0,-863.692139,-831.766907,-982.349365,-0.941867292,0.239131361,-0.232238099,-0.0420437381
4561,0,54b24045-e039-40ee-9ba6-824dbdc42f9e,StartingBlock,456.128418,5887,1,43,43,53,7,0,0,-862.764893,-824.197266,-985.544434,-0.941864371,0.239133775,-0.23224926,-0.042034518
4562,0,54b24045-e039-40ee-9ba6-824dbdc42f9e,StartingBlock,456.228516,5887.1001,1,43,43,53,7,0,0,-861.80658,-816.619568,-988.703979,-0.941876531,0.239084929,-0.232248023,-0.0420473404
4563,0,54b24045-e039-40ee-9ba6-824dbdc42f9e,StartingBlock,456.328125,5887.19971,1,43,43,53,7,0,0,-860.817322,-809.03418,-991.828003,-0.941878736,0.239085481,-0.232237086,-0.042054601
4564,0,54b24045-e039-40ee-9ba6-824dbdc42f9e,StartingBlock,456.428223,5887.2998,1,43,43,53,7,0,0,-859.797119,-801.441406,-994.916382,-0.941873014,0.23911266,-0.232224286,-0.0420995839
4565,0,54b24045-e039-40ee-9ba6-824dbdc42f9e,StartingBlock,456.52832,5887.3999,1,43,43,53,7,0,0,-858.746094,-793.841309,-997.969055,-0.941873431,0.239130706,-0.23220478,-0.042093426
4566,0,54b24045-e039-40ee-9ba6-824dbdc42f9e,StartingBlock,456.628418,5887.5,1,43,43,53,7,0,0,-857.664246,-786.234436,-1000.9859,-0.941891551,0.239096999,-0.232170582,-0.0420687236
4567,0,54b24045-e039-40ee-9ba6-824dbdc42f9e,StartingBlock,456.728516,5887.6001,1,43,43,53,7,0,0,-856.551636,-778.620972,-1003.96692,-0.94188112,0.239129037,-0.232182115,-0.0420550629
4568,0,54b24045-e039-40ee-9ba6-824dbdc42f9e,StartingBlock,456.828125,5887.69971,1,43,43,53,7,0,0,-855.408508,-771.001221,-1006.91193,-0.941886961,0.239105865,-0.232175767,-0.0420908742
4569,0,54b24045-e039-40ee-9ba6-824dbdc42f9e,StartingBlock,456.928223,5887.7998,1,43,43,53,7,0,0,-854.234741,-763.375427,-1009.82092,-0.941863716,0.239167228,-0.232207865,-0.042086374
4570,0,54b24045-e039-40ee-9ba6-824dbdc42f9e,StartingBlock,457.02832,5887.8999,1,43,43,53,7,0,0,-853.030518,-755.743835,-1012.69397,-0.941877723,0.239147797,-0.23217161,-0.0420840979
4571,0,54b24045-e039-40ee-9ba6-824dbdc42f9e,StartingBlock,457.128418,5888,1,43,43,53,7,0,0,-851.795898,-748.10675,-1015.53088,-0.941874862,0.239158466,-0.232178494,-0.0420500413
4572,0,54b24045-e039-40ee-9ba6-824dbdc42f9e,StartingBlock,457.228516,5888.1001,1,43,43,53,7,0,0,-850.530945,-740.464478,-1018.33167,-0.941868305,0.239189789,-0.232173935,-0.042042695
4573,0,54b24045-e039-40ee-9ba6-824dbdc42f9e,StartingBlock,457.328125,5888.19971,1,43,43,53,7,0,0,-849.235779,-732.8172,-1021.09619,-0.941878855,0.239159167,-0.232160389,-0.0420566276
4574,0,54b24045-e039-40ee-9ba6-824dbdc42f9e,StartingBlock,457.428223,5888.2998,1,43,43,53,7,0,0,-847.9104,-725.165344,-1023.82446,-0.941873789,0.239169121,-0.232169494,-0.0420632623
4575,0,54b24045-e039-40ee-9ba6-824dbdc42f9e,StartingBlock,457.52832,5888.3999,1,43,43,53,7,0,0,-846.554932,-717.509155,-1026.51636,-0.941878378,0.239155099,-0.232169554,-0.0420390144
4576,0,54b24045-e039-40ee-9ba6-824dbdc42f9e,StartingBlock,457.628418,5888.5,1,43,43,53,7,0,0,-845.169495,-709.848755,-1029.17188,-0.941874206,0.239178747,-0.232158676,-0.0420576148
4577,0,54b24045-e039-40ee-9ba6-824dbdc42f9e,StartingBlock,457.728516,5888.6001,1,43,43,53,7,0,0,-843.754089,-702.184692,-1031.79089,-0.94187659,0.239165112,-0.232161537,-0.042066481
4578,0,54b24045-e039-40ee-9ba6-824dbdc42f9e,StartingBlock,457.828125,5888.69971,1,43,43,53,7,0,0,-842.308899,-694.516968,-1034.37354,-0.941866755,0.239267379,-0.232095569,-0.0420689434
4579,0,54b24045-e039-40ee-9ba6-824dbdc42f9e,StartingBlock,457.928223,5888.7998,1,43,43,53,7,0,0,-840.833984,-686.846008,-1036.91943,-0.941876411,0.23921226,-0.232111454,-0.0420794375
4580,0,54b24045-e039-40ee-9ba6-824dbdc42f9e,StartingBlock,458.02832,5888.8999,1,43,43,53,7,0,0,-839.329407,-679.172058,-1039.42883,-0.94189024,0.239180982,-0.232083485,-0.0421020836
4581,0,54b24045-e039-40ee-9ba6-824dbdc42f9e,StartingBlock,458.128418,5889,1,43,43,53,7,0,0,-837.795227,-671.495361,-1041.90161,-0.941874743,0.239190459,-0.23213245,-0.0421247818
4582,0,54b24045-e039-40ee-9ba6-824dbdc42f9e,StartingBlock,458.228516,5889.1001,1,43,43,53,7,0,0,-836.231567,-663.816223,-1044.33777,-0.941871643,0.239228785,-0.232110322,-0.0420985371
4583,0,54b24045-e039-40ee-9ba6-824dbdc42f9e,StartingBlock,458.328125,5889.19971,1,43,43,53,7,0,0,-834.638489,-656.13501,-1046.73718,-0.941884756,0.239150375,-0.232126191,-0.0421633795
4584,0,54b24045-e039-40ee-9ba6-824dbdc42f9e,StartingBlock,458.428223,5889.2998,1,43,43,53,7,0,0,-833.016113,-648.451843,-1049.09973,-0.941897869,0.239151493,-0.232078999,-0.0421229228
4585,0,54b24045-e039-40ee-9ba6-824dbdc42f9e,StartingBlock,458.52832,5889.3999,1,43,43,53,7,0,0,-831.364624,-640.766846,-1051.42578,-0.941893756,0.239175692,-0.232074365,-0.0421040356
4586,0,54b24045-e039-40ee-9ba6-824dbdc42f9e,StartingBlock,458.628418,5889.5,1,43,43,53,7,0,0,-829.684021,-633.080627,-1053.71472,-0.941879034,0.239238992,-0.232061848,-0.0421417542
4587,0,54b24045-e039-40ee-9ba6-824dbdc42f9e,StartingBlock,458.728516,5889.6001,1,43,43,53,7,0,0,-827.974365,-625.393372,-1055.96692,-0.941881657,0.239241436,-0.232051268,-0.0421259962
4588,0,54b24045-e039-40ee-9ba6-824dbdc42f9e,StartingBlock,458.828125,5889.69971,1,43,43,53,7,0,0,-826.235779,-617.705322,-1058.18225,-0.94189167,0.239184588,-0.232068896,-0.0421294086
4589,0,54b24045-e039-40ee-9ba6-824dbdc42f9e,StartingBlock,458.928223,5889.7998,1,43,43,53,7,0,0,-824.468384,-610.016724,-1060.3606,-0.941881716,0.239233851,-0.23205559,-0.0421461798
4590,0,54b24045-e039-40ee-9ba6-824dbdc42f9e,StartingBlock,459.02832,5889.8999,1,43,43,53,7,0,0,-822.672302,-602.327759,-1062.50183,-0.941892266,0.239184991,-0.232059762,-0.0421639122
4591,0,54b24045-e039-40ee-9ba6-824dbdc42f9e,StartingBlock,459.128418,5890,1,43,43,53,7,0,0,-820.847595,-594.638855,-1064.60632,-0.941881239,0.239247918,-0.232039317,-0.0421651453
4592,0,54b24045-e039-40ee-9ba6-824dbdc42f9e,StartingBlock,459.228516,5890.1001,1,43,43,53,7,0,0,-818.994385,-586.950195,-1066.67371,-0.941893876,0.239211738,-0.23203592,-0.0421073772
4593,0,54b24045-e039-40ee-9ba6-824dbdc42f9e,StartingBlock,459.328125,5890.19971,1,43,43,53,7,0,0,-817.112671,-579.261902,-1068.7041,-0.941886127,0.239237055,-0.232038215,-0.0421242416
4594,0,54b24045-e039-40ee-9ba6-824dbdc42f9e,StartingBlock,459.428223,5890.2998,1,43,43,53,7,0,0,-815.202698,-571.574463,-1070.69751,-0.941882253,0.239252552,-0.232034683,-0.042143058
4595,0,54b24045-e039-40ee-9ba6-824dbdc42f9e,StartingBlock,459.52832,5890.3999,1,43,43,53,7,0,0,-813.264465,-563.888184,-1072.65369,-0.941877127,0.239247382,-0.232061043,-0.0421422645
4596,0,54b24045-e039-40ee-9ba6-824dbdc42f9e,StartingBlock,459.628418,5890.5,1,43,43,53,7,0,0,-811.298157,-556.203186,-1074.57288,-0.941869736,0.239340439,-0.232005969,-0.0420812443
4597,0,54b24045-e039-40ee-9ba6-824dbdc42f9e,StartingBlock,459.728516,5890.6001,1,43,43,53,7,0,0,-809.303833,-548.519775,-1076.45483,-0.941874444,0.239287525,-0.232037261,-0.0421042666
4598,0,54b24045-e039-40ee-9ba6-824dbdc42f9e,StartingBlock,459.828125,5890.69971,1,43,43,53,7,0,0,-807.281555,-540.838135,-1078.29968,-0.941874325,0.2392928,-0.232024893,-0.0421456508
4599,0,54b24045-e039-40ee-9ba6-824dbdc42f9e,StartingBlock,459.928223,5890.7998,1,43,43,53,7,0,0,-805.231506,-533.15863,-1080.10754,-0.941886663,0.239281029,-0.231988996,-0.0421324149
4600,0,54b24045-e039-40ee-9ba6-824dbdc42f9e,StartingBlock,460.02832,5890.8999,1,43,43,53,7,0,0,-803.153809,-525.481567,-1081.87805,-0.94187659,0.239325166,-0.231984258,-0.0421327874
4601,0,54b24045-e039-40ee-9ba6-824dbdc42f9e,StartingBlock,460.128418,5891,1,43,43,53,7,0,0,-801.048462,-517.807007,-1083.61145,-0.941885173,0.239291817,-0.231986314,-0.0421209224
4602,0,54b24045-e039-40ee-9ba6-824dbdc42f9e,StartingBlock,460.228516,5891.1001,1,43,43,53,7,0,0,-798.915649,-510.135376,-1085.30762,-0.941866934,0.239346564,-0.23200579,-0.0421083011
4603,0,54b24045-e039-40ee-9ba6-824dbdc42f9e,StartingBlock,460.328125,5891.19971,1,43,43,53,7,0,0,-796.755493,-502.466949,-1086.96667,-0.941866636,0.239329875,-0.232022464,-0.0421200842
4604,0,54b24045-e039-40ee-9ba6-824dbdc42f9e,StartingBlock,460.428223,5891.2998,1,43,43,53,7,0,0,-794.568115,-494.80188,-1088.5885,-0.941871047,0.239305079,-0.232029662,-0.0421212502
4605,0,54b24045-e039-40ee-9ba6-824dbdc42f9e,StartingBlock,460.52832,5891.3999,1,43,43,53,7,0,0,-792.353455,-487.140442,-1090.1731,-0.941874623,0.239331961,-0.231982827,-0.0421471857
4606,0,54b24045-e039-40ee-9ba6-824dbdc42f9e,StartingBlock,460.628418,5891.5,1,43,43,53,7,0,0,-790.111877,-479.48291,-1091.72034,-0.941884816,0.239289805,-0.231984511,-0.0421495587
4607,0,54b24045-e039-40ee-9ba6-824dbdc42f9e,StartingBlock,460.728516,5891.6001,1,43,43,53,7,0,0,-787.843384,-471.829529,-1093.23059,-0.941860795,0.239369482,-0.232001692,-0.0421407223
4608,0,54b24045-e039-40ee-9ba6-824dbdc42f9e,StartingBlock,460.828125,5891.69971,1,43,43,53,7,0,0,-785.547974,-464.180603,-1094.70374,-0.941867352,0.239367798,-0.23198247,-0.0421092175
4609,0,54b24045-e039-40ee-9ba6-824dbdc42f9e,StartingBlock,460.928223,5891.7998,1,43,43,53,7,0,0,-783.226074,-456.536346,-1096.1394,-0.941871464,0.239364401,-0.231969193,-0.0421102904
4610,0,54b24045-e039-40ee-9ba6-824dbdc42f9e,StartingBlock,461.02832,5891.8999,1,43,43,53,7,0,0,-780.87738,-448.897095,-1097.53796,-0.941860735,0.239361271,-0.232016146,-0.0421067737
4611,0,54b24045-e039-40ee-9ba6-824dbdc42f9e,StartingBlock,461.128418,5892,1,43,43,53,7,0,0,-778.50238,-441.262939,-1098.89929,-0.941856802,0.239393562,-0.231994867,-0.0421294309
4612,0,54b24045-e039-40ee-9ba6-824dbdc42f9e,StartingBlock,461.228516,5892.1001,1,43,43,53,7,0,0,-776.100952,-433.634247,-1100.22339,-0.94184947,0.23941274,-0.232006758,-0.0421192981
4613,0,54b24045-e039-40ee-9ba6-824dbdc42f9e,StartingBlock,461.328125,5892.19971,1,43,43,53,7,0,0,-773.673279,-426.011261,-1101.5105,-0.941845,0.239443123,-0.232001498,-0.0420765318
4614,0,54b24045-e039-40ee-9ba6-824dbdc42f9e,StartingBlock,461.428223,5892.2998,1,43,43,53,7,0,0,-771.219543,-418.394165,-1102.76025,-0.941846788,0.239430234,-0.231998548,-0.0421258099
4615,0,54b24045-e039-40ee-9ba6-824dbdc42f9e,StartingBlock,461.52832,5892.3999,1,43,43,53,7,0,0,-768.739807,-410.783295,-1103.9729,-0.941838264,0.239391267,-0.232063025,-0.0421813801
4616,0,54b24045-e039-40ee-9ba6-824dbdc42f9e,StartingBlock,461.628418,5892.5,1,43,43,53,7,0,0,-766.234192,-403.178894,-1105.14844,-0.941836357,0.239440396,-0.232026607,-0.0421462469
4617,0,54b24045-e039-40ee-9ba6-824dbdc42f9e,StartingBlock,461.728516,5892.6001,1,43,43,53,7,0,0,-763.70282,-395.581146,-1106.28674,-0.941848755,0.239373446,-0.232046366,-0.0421398133
4618,0,54b24045-e039-40ee-9ba6-824dbdc42f9e,StartingBlock,461.828125,5892.69971,1,43,43,53,7,0,0,-761.145813,-387.990295,-1107.38794,-0.941832185,0.239447355,-0.232028738,-0.0421884693
4619,0,54b24045-e039-40ee-9ba6-824dbdc42f9e,StartingBlock,461.928223,5892.7998,1,43,43,53,7,0,0,-758.563293,-380.406616,-1108.45203,-0.941825211,0.239525273,-0.231976837,-0.0421866961
4620,0,54b24045-e039-40ee-9ba6-824dbdc42f9e,StartingBlock,462.02832,5892.8999,1,43,43,53,7,0,0,-755.955383,-372.830383,-1109.47888,-0.941840291,0.239454105,-0.231984302,-0.0422139764
4621,0,54b24045-e039-40ee-9ba6-824dbdc42f9e,StartingBlock,462.128418,5893,1,43,43,53,7,0,0,-753.322205,-365.26181,-1110.46875,-0.941859961,0.239424974,-0.23194392,-0.0421618111
4622,0,54b24045-e039-40ee-9ba6-824dbdc42f9e,StartingBlock,462.228516,5893.1001,1,43,43,53,7,0,0,-750.663879,-357.70105,-1111.42151,-0.94185847,0.239414886,-0.231949091,-0.0422224887
4623,0,54b24045-e039-40ee-9ba6-824dbdc42f9e,StartingBlock,462.328125,5893.19971,1,43,43,53,7,0,0,-747.98053,-350.148438,-1112.33716,-0.941867411,0.23941645,-0.231910169,-0.0422287397
4624,0,54b24045-e039-40ee-9ba6-824dbdc42f9e,StartingBlock,462.428223,5893.2998,1,43,43,53,7,0,0,-745.272339,-342.604218,-1113.21594,-0.941864133,0.239432782,-0.231906801,-0.0422268808
4625,0,54b24045-e039-40ee-9ba6-824dbdc42f9e,StartingBlock,462.52832,5893.3999,1,43,43,53,7,0,0,-742.539368,-335.068665,-1114.0575,-0.941884518,0.239379749,-0.231878623,-0.0422277749
4626,0,54b24045-e039-40ee-9ba6-824dbdc42f9e,StartingBlock,462.628418,5893.5,1,43,43,53,7,0,0,-739.781738,-327.54187,-1114.86218,-0.94186914,0.23946166,-0.231859446,-0.0422122888
4627,0,54b24045-e039-40ee-9ba6-824dbdc42f9e,StartingBlock,462.728516,5893.6001,1,43,43,53,7,0,0,-736.999573,-320.0242,-1115.63,-0.941854239,0.239484385,-0.231885076,-0.0422760025
4628,0,54b24045-e039-40ee-9ba6-824dbdc42f9e,StartingBlock,462.828125,5893.69971,1,43,43,53,7,0,0,-734.192993,-312.515869,-1116.36072,-0.941860735,0.239468962,-0.231877267,-0.0422597863
4629,0,54b24045-e039-40ee-9ba6-824dbdc42f9e,StartingBlock,462.928223,5893.7998,1,43,43,53,7,0,0,-731.362244,-305.01709,-1117.05457,-0.941869438,0.239452288,-0.231858209,-0.0422664918
4630,0,54b24045-e039-40ee-9ba6-824dbdc42f9e,StartingBlock,463.02832,5893.8999,1,43,43,53,7,0,0,-728.507263,-297.528076,-1117.71155,-0.94186461,0.239471167,-0.231863007,-0.0422408618
4631,0,54b24045-e039-40ee-9ba6-824dbdc42f9e,StartingBlock,463.128418,5894,1,43,43,53,7,0,0,-725.628357,-290.049133,-1118.33167,-0.941866577,0.239470109,-0.23185499,-0.0422453806
4632,0,54b24045-e039-40ee-9ba6-824dbdc42f9e,StartingBlock,463.228516,5894.1001,1,43,43,53,7,0,0,-722.725525,-282.580383,-1118.91516,-0.941860616,0.239506096,-0.231842563,-0.0422443263
4633,0,54b24045-e039-40ee-9ba6-824dbdc42f9e,StartingBlock,463.328125,5894.19971,1,43,43,53,7,0,0,-719.799011,-275.122131,-1119.46179,-0.941854,0.239529341,-0.231841281,-0.0422670916
4634,0,54b24045-e039-40ee-9ba6-824dbdc42f9e,StartingBlock,463.428223,5894.2998,1,43,43,53,7,0,0,-716.848816,-267.674622,-1119.97168,-0.941849828,0.23955068,-0.231836781,-0.0422617979
4635,0,54b24045-e039-40ee-9ba6-824dbdc42f9e,StartingBlock,463.52832,5894.3999,1,43,43,53,7,0,0,-713.875183,-260.238007,-1120.44482,-0.941842258,0.239573002,-0.231846914,-0.0422497205
4636,0,54b24045-e039-40ee-9ba6-824dbdc42f9e,StartingBlock,463.628418,5894.5,1,43,43,53,7,0,0,-710.878174,-252.812561,-1120.88135,-0.941855073,0.23955746,-0.231809318,-0.0422588997
4637,0,54b24045-e039-40ee-9ba6-824dbdc42f9e,StartingBlock,463.728516,5894.6001,1,43,43,53,7,0,0,-707.857971,-245.398544,-1121.28125,-0.941857517,0.239541352,-0.231809482,-0.0422951281
4638,0,54b24045-e039-40ee-9ba6-824dbdc42f9e,StartingBlock,463.828125,5894.69971,1,43,43,53,7,0,0,-704.814697,-237.996124,-1121.64453,-0.941868544,0.239494026,-0.231810436,-0.0423110388
4639,0,54b24045-e039-40ee-9ba6-824dbdc42f9e,StartingBlock,463.928223,5894.7998,1,43,43,53,7,0,0,-701.748413,-230.60556,-1121.97131,-0.941862762,0.239514738,-0.231813118,-0.0423089825
4640,0,54b24045-e039-40ee-9ba6-824dbdc42f9e,StartingBlock,464.02832,5894.8999,1,43,43,53,7,0,0,-698.659363,-223.227051,-1122.26172,-0.941875696,0.239495307,-0.231780186,-0.0423112921
4641,0,54b24045-e039-40ee-9ba6-824dbdc42f9e,StartingBlock,464.128418,5895,1,43,43,53,7,0,0,-695.547668,-215.860825,-1122.5155,-0.941872358,0.239504784,-0.231779277,-0.0423364341
4642,0,54b24045-e039-40ee-9ba6-824dbdc42f9e,StartingBlock,464.228516,5895.1001,1,43,43,53,7,0,0,-692.41333,-208.507019,-1122.73303,-0.941858232,0.239579797,-0.231773019,-0.0422587469
4643,0,54b24045-e039-40ee-9ba6-824dbdc42f9e,StartingBlock,464.328125,5895.19971,1,43,43,53,7,0,0,-689.256653,-201.166016,-1122.91406,-0.941846371,0.239615008,-0.231775552,-0.0423109233
4644,0,54b24045-e039-40ee-9ba6-824dbdc42f9e,StartingBlock,464.428223,5895.2998,1,43,43,53,7,0,0,-686.077637,-193.838043,-1123.05884,-0.941859961,0.23957254,-0.231765553,-0.0423038714
4645,0,54b24045-e039-40ee-9ba6-824dbdc42f9e,StartingBlock,464.52832,5895.3999,1,43,43,53,7,0,0,-682.876587,-186.523163,-1123.16736,-0.941862226,0.239612073,-0.231712103,-0.0423222668
4646,0,54b24045-e039-40ee-9ba6-824dbdc42f9e,StartingBlock,464.628418,5895.5,1,43,43,53,7,0,0,-679.653442,-179.221634,-1123.23962,-0.941845834,0.239667088,-0.231719166,-0.0423355401
4647,0,54b24045-e039-40ee-9ba6-824dbdc42f9e,StartingBlock,464.728516,5895.6001,1,43,43,53,7,0,0,-676.408386,-171.933792,-1123.27576,-0.941850662,0.239623994,-0.231748074,-0.0423151776
4648,0,54b24045-e039-40ee-9ba6-824dbdc42f9e,StartingBlock,464.828125,5895.69971,1,43,43,53,7,0,0,-673.141602,-164.659744,-1123.27576,-0.94185251,0.239599138,-0.231765985,-0.0423174575
4649,0,54b24045-e039-40ee-9ba6-824dbdc42f9e,StartingBlock,464.928223,5895.7998,1,43,43,53,7,0,0,-669.853271,-157.399734,-1123.23975,-0.941854239,0.239604473,-0.231752574,-0.0423202589
4650,0,54b24045-e039-40ee-9ba6-824dbdc42f9e,StartingBlock,465.02832,5895.8999,1,43,43,53,7,0,0,-666.543396,-150.1539,-1123.16772,-0.941843331,0.239632264,-0.231760889,-0.0423614681
4651,0,54b24045-e039-40ee-9ba6-824dbdc42f9e,StartingBlock,465.128418,5896,1,43,43,53,7,0,0,-663.21228,-142.922531,-1123.05969,-0.941853464,0.239632607,-0.231719658,-0.0423600636
4652,0,54b24045-e039-40ee-9ba6-824dbdc42f9e,StartingBlock,465.228516,5896.1001,1,43,43,53,7,0,0,-659.859863,-135.705811,-1122.91589,-0.941866636,0.239613697,-0.231693238,-0.0423196144
4653,0,54b24045-e039-40ee-9ba6-824dbdc42f9e,StartingBlock,465.328125,5896.19971,1,43,43,53,7,0,0,-656.486511,-128.503922,-1122.73621,-0.941847861,0.239676058,-0.231701091,-0.0423392244
4654,0,54b24045-e039-40ee-9ba6-824dbdc42f9e,StartingBlock,465.428223,5896.2998,1,43,43,53,7,0,0,-653.092224,-121.317108,-1122.52075,-0.941844225,0.239700124,-0.231694385,-0.0423206948
4655,0,54b24045-e039-40ee-9ba6-824dbdc42f9e,StartingBlock,465.52832,5896.3999,1,43,43,53,7,0,0,-649.677185,-114.145607,-1122.26953,-0.941850603,0.23968026,-0.231682464,-0.0423577577
4656,0,54b24045-e039-40ee-9ba6-824dbdc42f9e,StartingBlock,465.628418,5896.5,1,43,43,53,7,0,0,-646.241394,-106.989532,-1121.98267,-0.941844404,0.239692643,-0.231691018,-0.0423786975
4657,0,54b24045-e039-40ee-9ba6-824dbdc42f9e,StartingBlock,465.728516,5896.6001,1,43,43,53,7,0,0,-642.785217,-99.8491287,-1121.6604,-0.941825032,0.239761546,-0.231701553,-0.0423607193
4658,0,54b24045-e039-40ee-9ba6-824dbdc42f9e,StartingBlock,465.828125,5896.69971,1,43,43,53,7,0,0,-639.308655,-92.7246933,-1121.30261,-0.941830039,0.239744589,-0.231699318,-0.0423578359
4659,0,54b24045-e039-40ee-9ba6-824dbdc42f9e,StartingBlock,465.928223,5896.7998,1,43,43,53,7,0,0,-635.811829,-85.6163559,-1120.90918,-0.941837966,0.239693388,-0.231715769,-0.0423821062
4660,0,54b24045-e039-40ee-9ba6-824dbdc42f9e,StartingBlock,466.02832,5896.8999,1,43,43,53,7,0,0,-632.295105,-78.5242996,-1120.48047,-0.941843331,0.239693865,-0.231695652,-0.0423696041
4661,0,54b24045-e039-40ee-9ba6-824dbdc42f9e,StartingBlock,466.128418,5897,1,43,43,53,7,0,0,-628.758362,-71.4487,-1120.01648,-0.941836953,0.239713475,-0.231694207,-0.0424082652
4662,0,54b24045-e039-40ee-9ba6-824dbdc42f9e,StartingBlock,466.228516,5897.1001,1,43,43,53,7,0,0,-625.201843,-64.3897247,-1119.51721,-0.941826642,0.239785999,-0.231669679,-0.0423602313
4663,0,54b24045-e039-40ee-9ba6-824dbdc42f9e,StartingBlock,466.328125,5897.19971,1,43,43,53,7,0,0,-621.625671,-57.3476715,-1118.98267,-0.941824853,0.239785269,-0.23167327,-0.042385783
4664,0,54b24045-e039-40ee-9ba6-824dbdc42f9e,StartingBlock,466.428223,5897.2998,1,43,43,53,7,0,0,-618.030029,-50.3227081,-1118.41309,-0.941814184,0.239817187,-0.231690913,-0.0423443951
4665,0,54b24045-e039-40ee-9ba6-824dbdc42f9e,StartingBlock,466.52832,5897.3999,1,43,43,53,7,0,0,-614.414978,-43.3150063,-1117.80823,-0.941806436,0.239820883,-0.231717065,-0.0423529409
4666,0,54b24045-e039-40ee-9ba6-824dbdc42f9e,StartingBlock,466.628418,5897.5,1,43,43,53,7,0,0,-610.780701,-36.3247643,-1117.1687,-0.941794991,0.239866734,-0.231718451,-0.0423422009
4667,0,54b24045-e039-40ee-9ba6-824dbdc42f9e,StartingBlock,466.728516,5897.6001,1,43,43,53,7,0,0,-607.127319,-29.3521805,-1116.49426,-0.941792727,0.239894241,-0.231704235,-0.0423138849
4668,0,54b24045-e039-40ee-9ba6-824dbdc42f9e,StartingBlock,466.828125,5897.69971,1,43,43,53,7,0,0,-603.455078,-22.3974457,-1115.78503,-0.941788435,0.239893198,-0.231716514,-0.0423482955
4669,0,54b24045-e039-40ee-9ba6-824dbdc42f9e,StartingBlock,466.928223,5897.7998,1,43,43,53,7,0,0,-599.763977,-15.4608231,-1115.04077,-0.941811919,0.239797965,-0.231716067,-0.0423670448
4670,0,54b24045-e039-40ee-9ba6-824dbdc42f9e,StartingBlock,467.02832,5897.8999,1,43,43,53,7,0,0,-596.05426,-8.54231834,-1114.26196,-0.941811919,0.239818931,-0.231700331,-0.0423330031
4671,0,54b24045-e039-40ee-9ba6-824dbdc42f9e,StartingBlock,467.128418,5898,1,43,43,53,7,0,0,-592.32605,-1.64219761,-1113.44861,-0.941803813,0.239849672,-0.231702909,-0.0423261896
4672,0,54b24045-e039-40ee-9ba6-824dbdc42f9e,StartingBlock,467.228516,5898.1001,1,43,43,53,7,0,0,-588.579407,5.23927736,-1112.60071,-0.941816151,0.23981075,-0.231687516,-0.0423567556
4673,0,54b24045-e039-40ee-9ba6-824dbdc42f9e,StartingBlock,467.328125,5898.19971,1,43,43,53,7,0,0,-584.814697,12.1020231,-1111.71838,-0.941802859,0.239868745,-0.231686875,-0.042328354
4674,0,54b24045-e039-40ee-9ba6-824dbdc42f9e,StartingBlock,467.428223,5898.2998,1,43,43,53,7,0,0,-581.031799,18.9457321,-1110.80176,-0.941821754,0.239800662,-0.231673822,-0.0423645452
4675,0,54b24045-e039-40ee-9ba6-824dbdc42f9e,StartingBlock,467.52832,5898.3999,1,43,43,53,7,0,0,-577.231018,25.7703819,-1109.85083,-0.941811979,0.239852518,-0.231656298,-0.0423839502
4676,0,54b24045-e039-40ee-9ba6-824dbdc42f9e,StartingBlock,467.628418,5898.5,1,43,43,53,7,0,0,-573.412354,32.5756798,-1108.8656,-0.941819251,0.239823312,-0.231658652,-0.0423757397
4677,0,54b24045-e039-40ee-9ba6-824dbdc42f9e,StartingBlock,467.728516,5898.6001,1,43,43,53,7,0,0,-569.576172,39.3615799,-1107.84631,-0.941793323,0.239927217,-0.231659129,-0.042361483
4678,0,54b24045-e039-40ee-9ba6-824dbdc42f9e,StartingBlock,467.828125,5898.69971,1,43,43,53,7,0,0,-565.722412,46.1276665,-1106.79297,-0.941807151,0.239871755,-0.231645107,-0.0424442366
4679,0,54b24045-e039-40ee-9ba6-824dbdc42f9e,StartingBlock,467.928223,5898.7998,1,43,43,53,7,0,0,-561.851318,52.8739433,-1105.70581,-0.941816032,0.239900708,-0.231587544,-0.0423964038
4680,0,54b24045-e039-40ee-9ba6-824dbdc42f9e,StartingBlock,468.02832,5898.8999,1,43,43,53,7,0,0,-557.963074,59.6002007,-1104.58472,-0.941811442,0.239917487,-0.231592864,-0.042373009
4681,0,54b24045-e039-40ee-9ba6-824dbdc42f9e,StartingBlock,468.128418,5899,1,43,43,53,7,0,0,-554.057739,66.306221,-1103.42981,-0.941807508,0.239928797,-0.231600225,-0.0423581079
4682,0,54b24045-e039-40ee-9ba6-824dbdc42f9e,StartingBlock,468.228516,5899.1001,1,43,43,53,7,0,0,-550.135498,72.99189,-1102.24121,-0.941809773,0.239886373,-0.231617704,-0.0424523167
4683,0,54b24045-e039-40ee-9ba6-824dbdc42f9e,StartingBlock,468.328125,5899.19971,1,43,43,53,7,0,0,-546.196472,79.6570358,-1101.01904,-0.941795647,0.23996,-0.231603906,-0.0424244329
4684,0,54b24045-e039-40ee-9ba6-824dbdc42f9e,StartingBlock,468.428223,5899.2998,1,43,43,53,7,0,0,-542.240906,86.3014069,-1099.76355,-0.941798627,0.239968225,-0.231590346,-0.0423860736
4685,0,54b24045-e039-40ee-9ba6-824dbdc42f9e,StartingBlock,468.52832,5899.3999,1,43,43,53,7,0,0,-538.268738,92.9249496,-1098.47449,-0.941774249,0.24003455,-0.231617972,-0.0423995778
4686,0,54b24045-e039-40ee-9ba6-824dbdc42f9e,StartingBlock,468.628418,5899.5,1,43,43,53,7,0,0,-534.280273,99.5273438,-1097.15198,-0.941781163,0.239986151,-0.231636807,-0.0424174406
4687,0,54b24045-e039-40ee-9ba6-824dbdc42f9e,StartingBlock,468.728516,5899.6001,1,43,43,53,7,0,0,-530.275757,106.108559,-1095.79639,-0.941765189,0.24001725,-0.231668383,-0.0424256213
4688,0,54b24045-e039-40ee-9ba6-824dbdc42f9e,StartingBlock,468.828125,5899.69971,1,43,43,53,7,0,0,-526.255066,112.66835,-1094.40759,-0.941774666,0.23999013,-0.231658787,-0.0424212366
4689,0,54b24045-e039-40ee-9ba6-824dbdc42f9e,StartingBlock,468.928223,5899.7998,1,43,43,53,7,0,0,-522.218506,119.206642,-1092.98572,-0.941758871,0.240051478,-0.23165828,-0.0424268469
4690,0,54b24045-e039-40ee-9ba6-824dbdc42f9e,StartingBlock,469.02832,5899.8999,1,43,43,53,7,0,0,-518.166199,125.723114,-1091.53088,-0.941768646,0.239983916,-0.231685668,-0.0424430855
4691,0,54b24045-e039-40ee-9ba6-824dbdc42f9e,StartingBlock,469.128418,5900,1,43,43,53,7,0,0,-514.098328,132.217819,-1090.04333,-0.941742778,0.240125924,-0.231648967,-0.0424138978
4692,0,54b24045-e039-40ee-9ba6-824dbdc42f9e,StartingBlock,469.228516,5900.1001,1,43,43,53,7,0,0,-510.014954,138.690369,-1088.52283,-0.941748381,0.240102395,-0.231654629,-0.0423897356
4693,0,54b24045-e039-40ee-9ba6-824dbdc42f9e,StartingBlock,469.328125,5900.19971,1,43,43,53,7,0,0,-505.91629,145.140732,-1086.96973,-0.941748738,0.240122274,-0.231628239,-0.0424137339
4694,0,54b24045-e039-40ee-9ba6-824dbdc42f9e,StartingBlock,469.428223,5900.2998,1,43,43,53,7,0,0,-501.802429,151.56868,-1085.38403,-0.941760957,0.240080521,-0.231618702,-0.0424324721
4695,0,54b24045-e039-40ee-9ba6-824dbdc42f9e,StartingBlock,469.52832,5900.3999,1,43,43,53,7,0,0,-497.673645,157.974121,-1083.76587,-0.941770673,0.240070015,-0.231588244,-0.0424418673
4696,0,54b24045-e039-40ee-9ba6-824dbdc42f9e,StartingBlock,469.628418,5900.5,1,43,43,53,7,0,0,-493.529938,164.356964,-1082.11536,-0.941756845,0.240154967,-0.231561616,-0.0424135439
4697,0,54b24045-e039-40ee-9ba6-824dbdc42f9e,StartingBlock,469.728516,5900.6001,1,43,43,53,7,0,0,-489.371521,170.716919,-1080.43237,-0.941756308,0.240127668,-0.231586456,-0.0424436517
4698,0,54b24045-e039-40ee-9ba6-824dbdc42f9e,StartingBlock,469.828125,5900.69971,1,43,43,53,7,0,0,-485.198486,177.053894,-1078.71741,-0.941754401,0.240177006,-0.231544241,-0.042436488
4699,0,54b24045-e039-40ee-9ba6-824dbdc42f9e,StartingBlock,469.928223,5900.7998,1,43,43,53,7,0,0,-481.011078,183.367691,-1076.97021,-0.941766262,0.240148887,-0.231525719,-0.0424341224
4700,0,54b24045-e039-40ee-9ba6-824dbdc42f9e,StartingBlock,470.02832,5900.8999,1,43,43,53,7,0,0,-476.809418,189.658188,-1075.19116,-0.941769242,0.240136757,-0.23152256,-0.0424541011
4701,0,54b24045-e039-40ee-9ba6-824dbdc42f9e,StartingBlock,470.128418,5901,1,43,43,53,7,0,0,-472.593597,195.925262,-1073.38013,-0.941760242,0.240187436,-0.231512189,-0.0424238779
4702,0,54b24045-e039-40ee-9ba6-824dbdc42f9e,StartingBlock,470.228516,5901.1001,1,43,43,53,7,0,0,-468.363739,202.168747,-1071.53748,-0.941760063,0.240215778,-0.231482178,-0.0424320586
4703,0,54b24045-e039-40ee-9ba6-824dbdc42f9e,StartingBlock,470.328125,5901.19971,1,43,43,53,7,0,0,-464.120087,208.388474,-1069.66309,-0.941752255,0.240247458,-0.231479034,-0.0424427278
4704,0,54b24045-e039-40ee-9ba6-824dbdc42f9e,StartingBlock,470.428223,5901.2998,1,43,43,53,7,0,0,-459.862732,214.58429,-1067.7572,-0.941756129,0.24024871,-0.231457382,-0.0424657464
4705,0,54b24045-e039-40ee-9ba6-824dbdc42f9e,StartingBlock,470.52832,5901.3999,1,43,43,53,7,0,0,-455.591797,220.756042,-1065.8197,-0.941756666,0.240246162,-0.23146309,-0.0424399525
4706,0,54b24045-e039-40ee-9ba6-824dbdc42f9e,StartingBlock,470.628418,5901.5,1,43,43,53,7,0,0,-451.307465,226.903671,-1063.85083,-0.941746771,0.240268141,-0.231476232,-0.0424639061
4707,0,54b24045-e039-40ee-9ba6-824dbdc42f9e,StartingBlock,470.728516,5901.6001,1,43,43,53,7,0,0,-447.009888,233.026962,-1061.85083,-0.941738188,0.240315512,-0.231468454,-0.0424266458
4708,0,54b24045-e039-40ee-9ba6-824dbdc42f9e,StartingBlock,470.828125,5901.69971,1,43,43,53,7,0,0,-442.699188,239.125702,-1059.81946,-0.941760123,0.240203172,-0.231487677,-0.0424711183
4709,0,54b24045-e039-40ee-9ba6-824dbdc42f9e,StartingBlock,470.928223,5901.7998,1,43,43,53,7,0,0,-438.375549,245.199875,-1057.75732,-0.941752255,0.240255073,-0.231468797,-0.0424558483
4710,0,54b24045-e039-40ee-9ba6-824dbdc42f9e,StartingBlock,471.02832,5901.8999,1,43,43,53,7,0,0,-434.039032,251.249329,-1055.66418,-0.941738188,0.240276963,-0.231498748,-0.0424807817
4711,0,54b24045-e039-40ee-9ba6-824dbdc42f9e,StartingBlock,471.128418,5902,1,43,43,53,7,0,0,-429.689911,257.273865,-1053.54016,-0.941750467,0.240199834,-0.231534556,-0.0424476117
4712,0,54b24045-e039-40ee-9ba6-824dbdc42f9e,StartingBlock,471.228516,5902.1001,1,43,43,53,7,0,0,-425.328247,263.273438,-1051.3855,-0.941738725,0.240274653,-0.231509298,-0.0424240939
4713,0,54b24045-e039-40ee-9ba6-824dbdc42f9e,StartingBlock,471.328125,5902.19971,1,43,43,53,7,0,0,-420.954163,269.247803,-1049.2002,-0.941720605,0.240365639,-0.231484041,-0.0424478427
4714,0,54b24045-e039-40ee-9ba6-824dbdc42f9e,StartingBlock,471.428223,5902.2998,1,43,43,53,7,0,0,-416.567871,275.196869,-1046.98425,-0.94173038,0.240323171,-0.231488019,-0.0424500406
4715,0,54b24045-e039-40ee-9ba6-824dbdc42f9e,StartingBlock,471.52832,5902.3999,1,43,43,53,7,0,0,-412.169495,281.120514,-1044.73804,-0.941735804,0.240329683,-0.231461108,-0.0424403474
4716,0,54b24045-e039-40ee-9ba6-824dbdc42f9e,StartingBlock,471.628418,5902.5,1,43,43,53,7,0,0,-407.759155,287.018585,-1042.46155,-0.941743374,0.240300998,-0.231460765,-0.0424367897
4717,0,54b24045-e039-40ee-9ba6-824dbdc42f9e,StartingBlock,471.728516,5902.6001,1,43,43,53,7,0,0,-403.337006,292.890961,-1040.15491,-0.941730201,0.240328684,-0.231483981,-0.0424450375
4718,0,54b24045-e039-40ee-9ba6-824dbdc42f9e,StartingBlock,471.828125,5902.69971,1,43,43,53,7,0,0,-398.903229,298.737579,-1037.81824,-0.941708982,0.240399629,-0.231500134,-0.0424266122
4719,0,54b24045-e039-40ee-9ba6-824dbdc42f9e,StartingBlock,471.928223,5902.7998,1,43,43,53,7,0,0,-394.457947,304.558136,-1035.45154,-0.941729605,0.240310043,-0.231505871,-0.0424433984
4720,0,54b24045-e039-40ee-9ba6-824dbdc42f9e,StartingBlock,472.02832,5902.8999,1,43,43,53,7,0,0,-390.001282,310.352661,-1033.05505,-0.941717327,0.240362167,-0.231500611,-0.0424503796
4721,0,54b24045-e039-40ee-9ba6-824dbdc42f9e,StartingBlock,472.128418,5903,1,43,43,53,7,0,0,-385.533417,316.121063,-1030.62891,-0.941697359,0.240463108,-0.231483161,-0.0424162298
4722,0,54b24045-e039-40ee-9ba6-824dbdc42f9e,StartingBlock,472.228516,5903.1001,1,43,43,53,7,0,0,-381.054474,321.863007,-1028.17297,-0.94170469,0.240414709,-0.231499493,-0.042439539
4723,0,54b24045-e039-40ee-9ba6-824dbdc42f9e,StartingBlock,472.328125,5903.19971,1,43,43,53,7,0,0,-376.564636,327.578491,-1025.68787,-0.941708803,0.240410745,-0.231486499,-0.0424411036
4724,0,54b24045-e039-40ee-9ba6-824dbdc42f9e,StartingBlock,472.428223,5903.2998,1,43,43,53,7,0,0,-372.063995,333.267426,-1023.17334,-0.941709697,0.240421608,-0.231473088,-0.0424335115
4725,0,54b24045-e039-40ee-9ba6-824dbdc42f9e,StartingBlock,472.52832,5903.3999,1,43,43,53,7,0,0,-367.552704,338.929657,-1020.62952,-0.941707611,0.240430385,-0.231474668,-0.0424212627
4726,0,54b24045-e039-40ee-9ba6-824dbdc42f9e,StartingBlock,472.628418,5903.5,1,43,43,53,7,0,0,-363.030914,344.565063,-1018.05652,-0.94170785,0.240443498,-0.231453747,-0.0424558297
4727,0,54b24045-e039-40ee-9ba6-824dbdc42f9e,StartingBlock,472.728516,5903.6001,1,43,43,53,7,0,0,-358.49881,350.173492,-1015.45447,-0.941712379,0.240424201,-0.231453925,-0.042464152
4728,0,54b24045-e039-40ee-9ba6-824dbdc42f9e,StartingBlock,472.828125,5903.69971,1,43,43,53,7,0,0,-353.956451,355.754883,-1012.82355,-0.941712141,0.240432262,-0.231447577,-0.0424571708
4729,0,54b24045-e039-40ee-9ba6-824dbdc42f9e,StartingBlock,472.928223,5903.7998,1,43,43,53,7,0,0,-349.404053,361.309082,-1010.16388,-0.941710532,0.240417436,-0.231467143,-0.0424716994
4730,0,54b24045-e039-40ee-9ba6-824dbdc42f9e,StartingBlock,473.02832,5903.8999,1,43,43,53,7,0,0,-344.841736,366.835999,-1007.47552,-0.941702425,0.24046129,-0.231461585,-0.0424323268
4731,0,54b24045-e039-40ee-9ba6-824dbdc42f9e,StartingBlock,473.128418,5904,1,43,43,53,7,0,0,-340.269684,372.33548,-1004.75861,-0.941702783,0.240457892,-0.231460497,-0.0424486101
4732,0,54b24045-e039-40ee-9ba6-824dbdc42f9e,StartingBlock,473.228516,5904.1001,1,43,43,53,7,0,0,-335.687988,377.807404,-1002.01331,-0.941700161,0.240491882,-0.231438115,-0.0424373373
4733,0,54b24045-e039-40ee-9ba6-824dbdc42f9e,StartingBlock,473.328125,5904.19971,1,43,43,53,7,0,0,-331.096802,383.25174,-999.239685,-0.941704512,0.240467757,-0.231440812,-0.0424639322
4734,0,54b24045-e039-40ee-9ba6-824dbdc42f9e,StartingBlock,473.428223,5904.2998,1,43,43,53,7,0,0,-326.496277,388.668274,-996.437866,-0.941697717,0.240508497,-0.231424302,-0.0424738564
4735,0,54b24045-e039-40ee-9ba6-824dbdc42f9e,StartingBlock,473.52832,5904.3999,1,43,43,53,7,0,0,-321.886566,394.057007,-993.608093,-0.941693664,0.240523458,-0.231426984,-0.0424626879
4736,0,54b24045-e039-40ee-9ba6-824dbdc42f9e,StartingBlock,473.628418,5904.5,1,43,43,53,7,0,0,-317.267761,399.417694,-990.750244,-0.941702366,0.240501821,-0.231413931,-0.0424638502
4737,0,54b24045-e039-40ee-9ba6-824dbdc42f9e,StartingBlock,473.728516,5904.6001,1,43,43,53,7,0,0,-312.640076,404.750336,-987.864685,-0.941696525,0.240513697,-0.231419444,-0.0424960665
4738,0,54b24045-e039-40ee-9ba6-824dbdc42f9e,StartingBlock,473.828125,5904.69971,1,43,43,53,7,0,0,-308.003601,410.054779,-984.951416,-0.941693068,0.240553975,-0.231393471,-0.0424875319
4739,0,54b24045-e039-40ee-9ba6-824dbdc42f9e,StartingBlock,473.928223,5904.7998,1,43,43,53,7,0,0,-303.358521,415.330872,-982.010559,-0.941698372,0.24052842,-0.231401861,-0.0424675345
4740,0,54b24045-e039-40ee-9ba6-824dbdc42f9e,StartingBlock,474.02832,5904.8999,1,43,43,53,7,0,0,-298.704987,420.578644,-979.042236,-0.941691875,0.240541741,-0.231410965,-0.0424868464
4741,0,54b24045-e039-40ee-9ba6-824dbdc42f9e,StartingBlock,474.128418,5905,1,43,43,53,7,0,0,-294.043091,425.797882,-976.046631,-0.941684365,0.240568027,-0.23141551,-0.0424795002
4742,0,54b24045-e039-40ee-9ba6-824dbdc42f9e,StartingBlock,474.228516,5905.1001,1,43,43,53,7,0,0,-289.373016,430.988556,-973.023743,-0.941691995,0.240553096,-0.231403381,-0.0424596705
4743,0,54b24045-e039-40ee-9ba6-824dbdc42f9e,StartingBlock,474.328125,5905.19971,1,43,43,53,7,0,0,-284.694855,436.150452,-969.973877,-0.941682518,0.240576491,-0.231417492,-0.0424627438
4744,0,54b24045-e039-40ee-9ba6-824dbdc42f9e,StartingBlock,474.428223,5905.2998,1,43,43,53,7,0,0,-280.008789,441.283539,-966.896973,-0.941677809,0.240610376,-0.231400549,-0.042467054
4745,0,54b24045-e039-40ee-9ba6-824dbdc42f9e,StartingBlock,474.52832,5905.3999,1,43,43,53,7,0,0,-275.314972,446.387695,-963.793274,-0.941673458,0.240604997,-0.231424376,-0.0424634144
4746,0,54b24045-e039-40ee-9ba6-824dbdc42f9e,StartingBlock,474.628418,5905.5,1,43,43,53,7,0,0,-270.613464,451.46286,-960.662842,-0.941676557,0.240593195,-0.231419697,-0.0424877405
4747,0,54b24045-e039-40ee-9ba6-824dbdc42f9e,StartingBlock,474.728516,5905.6001,1,43,43,53,7,0,0,-265.90451,456.508911,-957.50592,-0.94167614,0.240596429,-0.231423274,-0.0424593352
4748,0,54b24045-e039-40ee-9ba6-824dbdc42f9e,StartingBlock,474.828125,5905.69971,1,43,43,53,7,0,0,-261.188202,461.525787,-954.32251,-0.941671669,0.240598544,-0.231435314,-0.042480398
4749,0,54b24045-e039-40ee-9ba6-824dbdc42f9e,StartingBlock,474.928223,5905.7998,1,43,43,53,7,0,0,-256.464661,466.513306,-951.112732,-0.94167757,0.240581393,-0.231428489,-0.0424843878
4750,0,54b24045-e039-40ee-9ba6-824dbdc42f9e,StartingBlock,475.02832,5905.8999,1,43,43,53,7,0,0,-251.734085,471.471436,-947.876892,-0.941670597,0.240617245,-0.231419265,-0.0424848609
4751,0,54b24045-e039-40ee-9ba6-824dbdc42f9e,StartingBlock,475.128418,5906,1,43,43,53,7,0,0,-246.996536,476.400085,-944.614868,-0.941676497,0.240589857,-0.231422707,-0.0424896404
4752,0,54b24045-e039-40ee-9ba6-824dbdc42f9e,StartingBlock,475.228516,5906.1001,1,43,43,53,7,0,0,-242.252243,481.299164,-941.326904,-0.941664994,0.240641862,-0.231417105,-0.0424826965
4753,0,54b24045-e039-40ee-9ba6-824dbdc42f9e,StartingBlock,475.328125,5906.19971,1,43,43,53,7,0,0,-237.501297,486.168549,-938.013184,-0.941664696,0.240623191,-0.231437847,-0.0424803421
4754,0,54b24045-e039-40ee-9ba6-824dbdc42f9e,StartingBlock,475.428223,5906.2998,1,43,43,53,7,0,0,-232.743835,491.008179,-934.673767,-0.94166553,0.240616605,-0.231441483,-0.0424808115
4755,0,54b24045-e039-40ee-9ba6-824dbdc42f9e,StartingBlock,475.52832,5906.3999,1,43,43,53,7,0,0,-227.979996,495.817963,-931.308716,-0.941655457,0.240667164,-0.23143208,-0.0424695574
4756,0,54b24045-e039-40ee-9ba6-824dbdc42f9e,StartingBlock,475.628418,5906.5,1,43,43,53,7,0,0,-223.209946,500.597778,-927.918274,-0.941657186,0.240640268,-0.231453121,-0.0424671732
4757,0,54b24045-e039-40ee-9ba6-824dbdc42f9e,StartingBlock,475.728516,5906.6001,1,43,43,53,7,0,0,-218.433777,505.347565,-924.502563,-0.941654086,0.240647689,-0.231456324,-0.0424777418
4758,0,54b24045-e039-40ee-9ba6-824dbdc42f9e,StartingBlock,475.828125,5906.69971,1,43,43,53,7,0,0,-213.651672,510.067261,-921.061707,-0.941651344,0.240657344,-0.231457353,-0.0424772985
4759,0,54b24045-e039-40ee-9ba6-824dbdc42f9e,StartingBlock,475.928223,5906.7998,1,43,43,53,7,0,0,-208.863754,514.756836,-917.595764,-0.941641331,0.24068819,-0.231468484,-0.0424624868
4760,0,54b24045-e039-40ee-9ba6-824dbdc42f9e,StartingBlock,476.02832,5906.8999,1,43,43,53,7,0,0,-204.07019,519.416016,-914.104919,-0.941645384,0.240666658,-0.231475368,-0.0424587466
4761,0,54b24045-e039-40ee-9ba6-824dbdc42f9e,StartingBlock,476.128418,5907,1,43,43,53,7,0,0,-199.271042,524.044861,-910.589294,-0.941644251,0.240687862,-0.231457293,-0.0424607396
4762,0,54b24045-e039-40ee-9ba6-824dbdc42f9e,StartingBlock,476.228516,5907.1001,1,43,43,53,7,0,0,-194.466522,528.64325,-907.049011,-0.941636801,0.240706667,-0.231469467,-0.042453412
4763,0,54b24045-e039-40ee-9ba6-824dbdc42f9e,StartingBlock,476.328125,5907.19971,1,43,43,53,7,0,0,-189.656723,533.211121,-903.484253,-0.941628218,0.240745738,-0.231462613,-0.042459324
4764,0,54b24045-e039-40ee-9ba6-824dbdc42f9e,StartingBlock,476.428223,5907.2998,1,43,43,53,7,0,0,-184.841812,537.748352,-899.895081,-0.941639304,0.240709245,-0.231456622,-0.0424548909
4765,0,54b24045-e039-40ee-9ba6-824dbdc42f9e,StartingBlock,476.52832,5907.3999,1,43,43,53,7,0,0,-180.021912,542.254944,-896.281677,-0.941648483,0.240667045,-0.231460199,-0.0424705632
4766,0,54b24045-e039-40ee-9ba6-824dbdc42f9e,StartingBlock,476.628418,5907.5,1,43,43,53,7,0,0,-175.197174,546.730774,-892.644165,-0.941629469,0.240725458,-0.231480345,-0.0424498692
4767,0,54b24045-e039-40ee-9ba6-824dbdc42f9e,StartingBlock,476.728516,5907.6001,1,43,43,53,7,0,0,-170.367722,551.17572,-888.982605,-0.941627324,0.240723908,-0.231489554,-0.0424574278
4768,0,54b24045-e039-40ee-9ba6-824dbdc42f9e,StartingBlock,476.828125,5907.69971,1,43,43,53,7,0,0,-165.533676,555.589783,-885.29718,-0.941624701,0.240723267,-0.231503114,-0.0424465723
4769,0,54b24045-e039-40ee-9ba6-824dbdc42f9e,StartingBlock,476.928223,5907.7998,1,43,43,53,7,0,0,-160.695206,559.9729,-881.588013,-0.941623509,0.240735844,-0.231497467,-0.0424302407
4770,0,54b24045-e039-40ee-9ba6-824dbdc42f9e,StartingBlock,477.02832,5907.8999,1,43,43,53,7,0,0,-155.852402,564.32489,-877.855286,-0.941610992,0.240779743,-0.231498986,-0.042450726
4771,0,54b24045-e039-40ee-9ba6-824dbdc42f9e,StartingBlock,477.128418,5908,1,43,43,53,7,0,0,-151.005432,568.645752,-874.099121,-0.941621304,0.240745604,-0.231489301,-0.0424693078
4772,0,54b24045-e039-40ee-9ba6-824dbdc42f9e,StartingBlock,477.228516,5908.1001,1,43,43,53,7,0,0,-146.154465,572.935425,-870.31958,-0.941629529,0.240741402,-0.231459141,-0.0424735136
4773,0,54b24045-e039-40ee-9ba6-824dbdc42f9e,StartingBlock,477.328125,5908.19971,1,43,43,53,7,0,0,-141.299561,577.193848,-866.516907,-0.941621423,0.240787059,-0.231448457,-0.0424541272
4774,0,54b24045-e039-40ee-9ba6-824dbdc42f9e,StartingBlock,477.428223,5908.2998,1,43,43,53,7,0,0,-136.440887,581.420898,-862.691223,-0.941619277,0.240785211,-0.23145777,-0.0424616486
4775,0,54b24045-e039-40ee-9ba6-824dbdc42f9e,StartingBlock,477.52832,5908.3999,1,43,43,53,7,0,0,-131.578613,585.616516,-858.842468,-0.941628277,0.240778252,-0.231429026,-0.0424574465
4776,0,54b24045-e039-40ee-9ba6-824dbdc42f9e,StartingBlock,477.628418,5908.5,1,43,43,53,7,0,0,-126.712791,589.780762,-854.971008,-0.941625953,0.240779042,-0.231436566,-0.0424623191
4777,0,54b24045-e039-40ee-9ba6-824dbdc42f9e,StartingBlock,477.728516,5908.6001,1,43,43,53,7,0,0,-121.843628,593.91333,-851.076843,-0.941629469,0.240767777,-0.23143439,-0.0424617268
4778,0,54b24045-e039-40ee-9ba6-824dbdc42f9e,StartingBlock,477.828125,5908.69971,1,43,43,53,7,0,0,-116.971214,598.014343,-847.160156,-0.941628158,0.24076061,-0.231445953,-0.0424670614
4779,0,54b24045-e039-40ee-9ba6-824dbdc42f9e,StartingBlock,477.928223,5908.7998,1,43,43,53,7,0,0,-112.095718,602.08374,-843.22113,-0.941618741,0.240782708,-0.231462926,-0.0424597524
4780,0,54b24045-e039-40ee-9ba6-824dbdc42f9e,StartingBlock,478.02832,5908.8999,1,43,43,53,7,0,0,-107.217262,606.121277,-839.259827,-0.941611946,0.240802124,-0.231472701,-0.042445831
4781,0,54b24045-e039-40ee-9ba6-824dbdc42f9e,StartingBlock,478.128418,5909,1,43,43,53,7,0,0,-102.33596,610.127136,-835.276367,-0.941616178,0.24078086,-0.231477141,-0.0424484201
4782,0,54b24045-e039-40ee-9ba6-824dbdc42f9e,StartingBlock,478.228516,5909.1001,1,43,43,53,7,0,0,-97.4519653,614.100952,-831.270935,-0.941604555,0.240827486,-0.231476173,-0.0424466804
4783,0,54b24045-e039-40ee-9ba6-824dbdc42f9e,StartingBlock,478.328125,5909.19971,1,43,43,53,7,0,0,-92.5653839,618.042908,-827.243591,-0.941611886,0.240788192,-0.231486872,-0.0424498729
4784,0,54b24045-e039-40ee-9ba6-824dbdc42f9e,StartingBlock,478.428223,5909.2998,1,43,43,53,7,0,0,-87.676384,621.952942,-823.194641,-0.941609204,0.24081625,-0.231469437,-0.0424444117
4785,0,54b24045-e039-40ee-9ba6-824dbdc42f9e,StartingBlock,478.52832,5909.3999,1,43,43,53,7,0,0,-82.7850494,625.830933,-819.124023,-0.941599429,0.240839496,-0.231484532,-0.0424470268
4786,0,54b24045-e039-40ee-9ba6-824dbdc42f9e,StartingBlock,478.628418,5909.5,1,43,43,53,7,0,0,-77.8915558,629.676697,-815.031982,-0.941602588,0.240830317,-0.231481597,-0.0424457602
4787,0,54b24045-e039-40ee-9ba6-824dbdc42f9e,StartingBlock,478.728516,5909.6001,1,43,43,53,7,0,0,-72.9960098,633.490417,-810.91864,-0.941594303,0.240840301,-0.231504679,-0.0424470529
4788,0,54b24045-e039-40ee-9ba6-824dbdc42f9e,StartingBlock,478.828125,5909.69971,1,43,43,53,7,0,0,-68.0985565,637.271851,-806.784119,-0.941587985,0.240869284,-0.231501013,-0.0424418002
4789,0,54b24045-e039-40ee-9ba6-824dbdc42f9e,StartingBlock,478.928223,5909.7998,1,43,43,53,7,0,0,-63.1993103,641.020996,-802.62854,-0.941591501,0.240864635,-0.231491536,-0.0424439274
4790,0,54b24045-e039-40ee-9ba6-824dbdc42f9e,StartingBlock,479.02832,5909.8999,1,43,43,53,7,0,0,-58.2984467,644.737854,-798.452087,-0.941598237,0.240820274,-0.231510788,-0.0424412489
4791,0,54b24045-e039-40ee-9ba6-824dbdc42f9e,StartingBlock,479.128418,5910,1,43,43,53,7,0,0,-53.3960381,648.422363,-794.254883,-0.941593111,0.24083817,-0.231514454,-0.0424327217
4792,0,54b24045-e039-40ee-9ba6-824dbdc42f9e,StartingBlock,479.228516,5910.1001,1,43,43,53,7,0,0,-48.4922256,652.074402,-790.037048,-0.941592753,0.240849927,-0.231504828,-0.0424262956
4793,0,54b24045-e039-40ee-9ba6-824dbdc42f9e,StartingBlock,479.328125,5910.19971,1,43,43,53,7,0,0,-43.5871468,655.69397,-785.798706,-0.941590488,0.240852967,-0.231510714,-0.0424283594
4794,0,54b24045-e039-40ee-9ba6-824dbdc42f9e,StartingBlock,479.428223,5910.2998,1,43,43,53,7,0,0,-38.6809273,659.281006,-781.540039,-0.941587806,0.240865514,-0.231509179,-0.0424240828
4795,0,54b24045-e039-40ee-9ba6-824dbdc42f9e,StartingBlock,479.52832,5910.3999,1,43,43,53,7,0,0,-33.7736969,662.835449,-777.261108,-0.941583037,0.240879476,-0.231515497,-0.0424168855
4796,0,54b24045-e039-40ee-9ba6-824dbdc42f9e,StartingBlock,479.628418,5910.5,1,43,43,53,7,0,0,-28.8655815,666.357239,-772.962097,-0.941584706,0.240866989,-0.231520683,-0.042422127
4797,0,54b24045-e039-40ee-9ba6-824dbdc42f9e,StartingBlock,479.728516,5910.6001,1,43,43,53,7,0,0,-23.9566841,669.846313,-768.643127,-0.941580355,0.240868762,-0.231535077,-0.0424295031
4798,0,54b24045-e039-40ee-9ba6-824dbdc42f9e,StartingBlock,479.828125,5910.69971,1,43,43,53,7,0,0,-19.0471973,673.302795,-764.304443,-0.941577077,0.240876466,-0.231541559,-0.0424231403
4799,0,54b24045-e039-40ee-9ba6-824dbdc42f9e,StartingBlock,479.928223,5910.7998,1,43,43,53,7,0,0,-14.1371956,676.726379,-759.946045,-0.941574812,0.240894571,-0.231533468,-0.0424148254
4800,0,54b24045-e039-40ee-9ba6-824dbdc42f9e,StartingBlock,480.02832,5910.8999,1,43,43,53,7,0,0,-9.22681332,680.117188,-755.568115,-0.941567302,0.240913227,-0.231544763,-0.0424129888
4801,0,54b24045-e039-40ee-9ba6-824dbdc42f9e,StartingBlock,480.128418,5911,1,43,43,53,7,0,0,-4.31620693,683.475159,-751.170715,-0.941565812,0.240908101,-0.231557235,-0.0424063914
4802,0,54b24045-e039-40ee-9ba6-824dbdc42f9e,StartingBlock,480.228516,5911.1001,1,43,43,53,7,0,0,0.59452492,686.800171,-746.754089,-0.94156462,0.240913406,-0.231557578,-0.0424022041
4803,0,54b24045-e039-40ee-9ba6-824dbdc42f9e,StartingBlock,480.328125,5911.19971,1,43,43,53,7,0,0,5.50527525,690.092285,-742.318359,-0.941566944,0.240903482,-0.231558621,-0.042400945
4804,0,54b24045-e039-40ee-9ba6-824dbdc42f9e,StartingBlock,480.428223,5911.2998,1,43,43,53,7,0,0,10.4158869,693.351379,-737.863647,-0.941564143,0.240904063,-0.231569737,-0.0424005985
4805,0,54b24045-e039-40ee-9ba6-824dbdc42f9e,StartingBlock,480.52832,5911.3999,1,43,43,53,7,0,0,15.326231,696.577454,-733.390137,-0.941563964,0.240908027,-0.231566191,-0.0424009003
4806,0,54b24045-e039-40ee-9ba6-824dbdc42f9e,StartingBlock,480.628418,5911.5,1,43,43,53,7,0,0,20.2362003,699.770386,-728.897888,-0.941576421,0.240874186,-0.231548503,-0.0424127467
4807,0,54b24045-e039-40ee-9ba6-824dbdc42f9e,StartingBlock,480.728516,5911.6001,1,43,43,53,7,0,0,25.145668,702.930237,-724.387146,-0.941574752,0.240877897,-0.231552169,-0.0424089655
4808,0,54b24045-e039-40ee-9ba6-824dbdc42f9e,StartingBlock,480.828125,5911.69971,1,43,43,53,7,0,0,30.0545006,706.056885,-719.85791,-0.941566825,0.240904957,-0.231558427,-0.0423977003
4809,0,54b24045-e039-40ee-9ba6-824dbdc42f9e,StartingBlock,480.928223,5911.7998,1,43,43,53,7,0,0,34.9625816,709.150391,-715.310425,-0.941575706,0.240890339,-0.231536418,-0.0424036086
4810,0,54b24045-e039-40ee-9ba6-824dbdc42f9e,StartingBlock,481.02832,5911.8999,1,43,43,53,7,0,0,39.8697815,712.210754,-710.744751,-0.941582501,0.240856662,-0.231543273,-0.0424038284
4811,0,54b24045-e039-40ee-9ba6-824dbdc42f9e,StartingBlock,481.128418,5912,1,43,43,53,7,0,0,44.7759933,715.237793,-706.161011,-0.941577435,0.240866423,-0.231554747,-0.0423982516
4812,0,54b24045-e039-40ee-9ba6-824dbdc42f9e,StartingBlock,481.228516,5912.1001,1,43,43,53,7,0,0,49.6810837,718.231567,-701.559448,-0.941584826,0.240851074,-0.231540143,-0.0424037799
4813,0,54b24045-e039-40ee-9ba6-824dbdc42f9e,StartingBlock,481.328125,5912.19971,1,43,43,53,7,0,0,54.5849266,721.192017,-696.940125,-0.941580534,0.240872562,-0.231537297,-0.0423918404
4814,0,54b24045-e039-40ee-9ba6-824dbdc42f9e,StartingBlock,481.428223,5912.2998,1,43,43,53,7,0,0,59.4874115,724.11908,-692.303223,-0.941573918,0.240900815,-0.231535345,-0.0423895158
4815,0,54b24045-e039-40ee-9ba6-824dbdc42f9e,StartingBlock,481.52832,5912.3999,1,43,43,53,7,0,0,64.3884125,727.012756,-687.648865,-0.941578448,0.240890235,-0.231526658,-0.0423955061
4816,0,54b24045-e039-40ee-9ba6-824dbdc42f9e,StartingBlock,481.628418,5912.5,1,43,43,53,7,0,0,69.287796,729.872986,-682.977173,-0.941577375,0.240887925,-0.231535271,-0.042385567
4817,0,54b24045-e039-40ee-9ba6-824dbdc42f9e,StartingBlock,481.728516,5912.6001,1,43,43,53,7,0,0,74.1854324,732.699829,-678.28833,-0.941576362,0.240897402,-0.231531873,-0.0423737206
4818,0,54b24045-e039-40ee-9ba6-824dbdc42f9e,StartingBlock,481.828125,5912.69971,1,43,43,53,7,0,0,79.0812531,735.493164,-673.582397,-0.941583037,0.240893051,-0.23150596,-0.0423911549
4819,0,54b24045-e039-40ee-9ba6-824dbdc42f9e,StartingBlock,481.928223,5912.7998,1,43,43,53,7,0,0,83.9750671,738.252991,-668.859558,-0.941585004,0.240904838,-0.231487066,-0.0423836261
4820,0,54b24045-e039-40ee-9ba6-824dbdc42f9e,StartingBlock,482.02832,5912.8999,1,43,43,53,7,0,0,88.8668137,740.979187,-664.119934,-0.941589355,0.240907684,-0.231465682,-0.0423875377
4821,0,54b24045-e039-40ee-9ba6-824dbdc42f9e,StartingBlock,482.128418,5913,1,43,43,53,7,0,0,93.75634,743.671875,-659.36377,-0.941587687,0.240912199,-0.231467471,-0.0423895754
4822,0,54b24045-e039-40ee-9ba6-824dbdc42f9e,StartingBlock,482.228516,5913.1001,1,43,43,53,7,0,0,98.6435471,746.330933,-654.591064,-0.941591382,0.240902007,-0.231462494,-0.0423917435
4823,0,54b24045-e039-40ee-9ba6-824dbdc42f9e,StartingBlock,482.328125,5913.19971,1,43,43,53,7,0,0,103.528275,748.95636,-649.802063,-0.941595197,0.240901142,-0.231450871,-0.0423762947
4824,0,54b24045-e039-40ee-9ba6-824dbdc42f9e,StartingBlock,482.428223,5913.2998,1,43,43,53,7,0,0,108.410439,751.548218,-644.996765,-0.941591144,0.240909874,-0.231457666,-0.042379301
4825,0,54b24045-e039-40ee-9ba6-824dbdc42f9e,StartingBlock,482.52832,5913.3999,1,43,43,53,7,0,0,113.28994,754.106323,-640.175415,-0.941592515,0.240892559,-0.231469408,-0.0423836336
4826,0,54b24045-e039-40ee-9ba6-824dbdc42f9e,StartingBlock,482.628418,5913.5,1,43,43,53,7,0,0,118.166611,756.630798,-635.338135,-0.94159776,0.240880638,-0.231460616,-0.0423818976
4827,0,54b24045-e039-40ee-9ba6-824dbdc42f9e,StartingBlock,482.728516,5913.6001,1,43,43,53,7,0,0,123.040367,759.121521,-630.485107,-0.941596806,0.240894064,-0.231450498,-0.042380996
4828,0,54b24045-e039-40ee-9ba6-824dbdc42f9e,StartingBlock,482.828125,5913.69971,1,43,43,53,7,0,0,127.911087,761.578552,-625.616394,-0.941595674,0.240905479,-0.231444567,-0.0423747823
4829,0,54b24045-e039-40ee-9ba6-824dbdc42f9e,StartingBlock,482.928223,5913.7998,1,43,43,53,7,0,0,132.778656,764.001831,-620.732239,-0.941601157,0.240906075,-0.231423646,-0.0423649102
4830,0,54b24045-e039-40ee-9ba6-824dbdc42f9e,StartingBlock,483.02832,5913.8999,1,43,43,53,7,0,0,137.642944,766.391296,-615.832581,-0.941610277,0.240871802,-0.231419086,-0.0423794687
4831,0,54b24045-e039-40ee-9ba6-824dbdc42f9e,StartingBlock,483.128418,5914,1,43,43,53,7,0,0,142.503845,768.746948,-610.917786,-0.941614032,0.240867987,-0.231407791,-0.0423822999
4832,0,54b24045-e039-40ee-9ba6-824dbdc42f9e,StartingBlock,483.228516,5914.1001,1,43,43,53,7,0,0,147.361237,771.068848,-605.987854,-0.941604555,0.240886986,-0.231427699,-0.0423732735
4833,0,54b24045-e039-40ee-9ba6-824dbdc42f9e,StartingBlock,483.328125,5914.19971,1,43,43,53,7,0,0,152.214981,773.356873,-601.04303,-0.941609502,0.240861535,-0.231439263,-0.0423462987
4834,0,54b24045-e039-40ee-9ba6-824dbdc42f9e,StartingBlock,483.428223,5914.2998,1,43,43,53,7,0,0,157.065018,775.611084,-596.083374,-0.941605449,0.240882039,-0.231435314,-0.0423404723
4835,0,54b24045-e039-40ee-9ba6-824dbdc42f9e,StartingBlock,483.52832,5914.3999,1,43,43,53,7,0,0,161.911209,777.83136,-591.108948,-0.941603601,0.240883842,-0.231441438,-0.0423394069
4836,0,54b24045-e039-40ee-9ba6-824dbdc42f9e,StartingBlock,483.628418,5914.5,1,43,43,53,7,0,0,166.753433,780.017761,-586.120056,-0.941605151,0.24088946,-0.231428221,-0.0423431955
4837,0,54b24045-e039-40ee-9ba6-824dbdc42f9e,StartingBlock,483.728516,5914.6001,1,43,43,53,7,0,0,171.591537,782.170288,-581.116821,-0.941612422,0.240872309,-0.231414214,-0.0423557162
4838,0,54b24045-e039-40ee-9ba6-824dbdc42f9e,StartingBlock,483.828125,5914.69971,1,43,43,53,7,0,0,176.425476,784.288879,-576.099243,-0.941612542,0.240871474,-0.231416032,-0.0423498936
4839,0,54b24045-e039-40ee-9ba6-824dbdc42f9e,StartingBlock,483.928223,5914.7998,1,43,43,53,7,0,0,181.255096,786.373535,-571.067566,-0.941619575,0.240858763,-0.231399715,-0.042354051
4840,0,54b24045-e039-40ee-9ba6-824dbdc42f9e,StartingBlock,484.02832,5914.8999,1,43,43,53,7,0,0,186.080322,788.424255,-566.021912,-0.941621065,0.240873143,-0.231378779,-0.0423521698
4841,0,54b24045-e039-40ee-9ba6-824dbdc42f9e,StartingBlock,484.128418,5915,1,43,43,53,7,0,0,190.900986,790.440979,-560.962341,-0.941623092,0.240861878,-0.23138316,-0.0423486568
4842,0,54b24045-e039-40ee-9ba6-824dbdc42f9e,StartingBlock,484.228516,5915.1001,1,43,43,53,7,0,0,195.71701,792.423828,-555.88916,-0.941621482,0.240866482,-0.231387168,-0.0423356444
4843,0,54b24045-e039-40ee-9ba6-824dbdc42f9e,StartingBlock,484.328125,5915.19971,1,43,43,53,7,0,0,200.528275,794.372681,-550.802368,-0.941624641,0.240837157,-0.231403708,-0.0423436686
4844,0,54b24045-e039-40ee-9ba6-824dbdc42f9e,StartingBlock,484.428223,5915.2998,1,43,43,53,7,0,0,205.334656,796.287537,-545.702087,-0.941628039,0.24083297,-0.231396019,-0.0423323661
4845,0,54b24045-e039-40ee-9ba6-824dbdc42f9e,StartingBlock,484.52832,5915.3999,1,43,43,53,7,0,0,210.136078,798.168457,-540.588623,-0.941617548,0.240857497,-0.231413946,-0.042328164
4846,0,54b24045-e039-40ee-9ba6-824dbdc42f9e,StartingBlock,484.628418,5915.5,1,43,43,53,7,0,0,214.932388,800.01532,-535.461975,-0.941613853,0.24088642,-0.231399581,-0.0423234813
4847,0,54b24045-e039-40ee-9ba6-824dbdc42f9e,StartingBlock,484.728516,5915.6001,1,43,43,53,7,0,0,219.723495,801.828186,-530.322266,-0.94162488,0.240841359,-0.231403515,-0.042315267
4848,0,54b24045-e039-40ee-9ba6-824dbdc42f9e,StartingBlock,484.828125,5915.69971,1,43,43,53,7,0,0,224.509308,803.606995,-525.169678,-0.941633046,0.240837485,-0.231372014,-0.0423259325
4849,0,54b24045-e039-40ee-9ba6-824dbdc42f9e,StartingBlock,484.928223,5915.7998,1,43,43,53,7,0,0,229.289688,805.351868,-520.004456,-0.941636026,0.2408351,-0.231364191,-0.0423176065
4850,0,54b24045-e039-40ee-9ba6-824dbdc42f9e,StartingBlock,485.02832,5915.8999,1,43,43,53,7,0,0,234.064529,807.062744,-514.826599,-0.941629767,0.240852728,-0.231371939,-0.0423135087
4851,0,54b24045-e039-40ee-9ba6-824dbdc42f9e,StartingBlock,485.128418,5916,1,43,43,53,7,0,0,238.83374,808.739502,-509.6362,-0.941637158,0.240830034,-0.231364504,-0.0423173904
4852,0,54b24045-e039-40ee-9ba6-824dbdc42f9e,StartingBlock,485.228516,5916.1001,1,43,43,53,7,0,0,243.597168,810.382263,-504.433563,-0.941642225,0.240810141,-0.23136507,-0.0423161983
4853,0,54b24045-e039-40ee-9ba6-824dbdc42f9e,StartingBlock,485.328125,5916.19971,1,43,43,53,7,0,0,248.354767,811.990906,-499.21875,-0.94163841,0.240833178,-0.231358081,-0.0423082337
4854,0,54b24045-e039-40ee-9ba6-824dbdc42f9e,StartingBlock,485.428223,5916.2998,1,43,43,53,7,0,0,253.106384,813.565552,-493.991821,-0.941640317,0.240828454,-0.231354773,-0.0423103385
4855,0,54b24045-e039-40ee-9ba6-824dbdc42f9e,StartingBlock,485.52832,5916.3999,1,43,43,53,7,0,0,257.851898,815.106201,-488.753082,-0.941642523,0.240812197,-0.231361046,-0.0423207916
4856,0,54b24045-e039-40ee-9ba6-824dbdc42f9e,StartingBlock,485.628418,5916.5,1,43,43,53,7,0,0,262.591278,816.612732,-483.502563,-0.941650927,0.240793154,-0.231345728,-0.0423255116
4857,0,54b24045-e039-40ee-9ba6-824dbdc42f9e,StartingBlock,485.728516,5916.6001,1,43,43,53,7,0,0,267.324341,818.085327,-478.240387,-0.94165045,0.240797415,-0.231345952,-0.042308975
4858,0,54b24045-e039-40ee-9ba6-824dbdc42f9e,StartingBlock,485.828125,5916.69971,1,43,43,53,7,0,0,272.050995,819.523865,-472.966736,-0.94164753,0.240811676,-0.231344506,-0.0423027277
4859,0,54b24045-e039-40ee-9ba6-824dbdc42f9e,StartingBlock,485.928223,5916.7998,1,43,43,53,7,0,0,276.771118,820.928284,-467.681732,-0.941646516,0.240812719,-0.231347248,-0.0423021093
4860,0,54b24045-e039-40ee-9ba6-824dbdc42f9e,StartingBlock,486.02832,5916.8999,1,43,43,53,7,0,0,281.48468,822.298706,-462.385498,-0.941653609,0.240786567,-0.231346652,-0.0422967523
4861,0,54b24045-e039-40ee-9ba6-824dbdc42f9e,StartingBlock,486.128418,5917,1,43,43,53,7,0,0,286.191498,823.635071,-457.078217,-0.941647708,0.240799338,-0.231354535,-0.0423142575
4862,0,54b24045-e039-40ee-9ba6-824dbdc42f9e,StartingBlock,486.228516,5917.1001,1,43,43,53,7,0,0,290.891479,824.937439,-451.759979,-0.941646934,0.240801156,-0.231358171,-0.0422997326
4863,0,54b24045-e039-40ee-9ba6-824dbdc42f9e,StartingBlock,486.328125,5917.19971,1,43,43,53,7,0,0,295.584534,826.205688,-446.431,-0.941649318,0.240788385,-0.231363192,-0.0422918648
4864,0,54b24045-e039-40ee-9ba6-824dbdc42f9e,StartingBlock,486.428223,5917.2998,1,43,43,53,7,0,0,300.270599,827.440002,-441.091339,-0.941658199,0.240749195,-0.231371984,-0.0422697291
4865,0,54b24045-e039-40ee-9ba6-824dbdc42f9e,StartingBlock,486.52832,5917.3999,1,43,43,53,7,0,0,304.949524,828.640259,-435.74115,-0.941655219,0.240765259,-0.231367379,-0.0422696248
4866,0,54b24045-e039-40ee-9ba6-824dbdc42f9e,StartingBlock,486.628418,5917.5,1,43,43,53,7,0,0,309.621155,829.806519,-430.380554,-0.941646874,0.240775302,-0.231389642,-0.0422766991
4867,0,54b24045-e039-40ee-9ba6-824dbdc42f9e,StartingBlock,486.728516,5917.6001,1,43,43,53,7,0,0,314.285461,830.938782,-425.009735,-0.941659033,0.240744263,-0.231373906,-0.0422697365
4868,0,54b24045-e039-40ee-9ba6-824dbdc42f9e,StartingBlock,486.828125,5917.69971,1,43,43,53,7,0,0,318.942322,832.036987,-419.628784,-0.941656113,0.240754634,-0.231371611,-0.0422875173
4869,0,54b24045-e039-40ee-9ba6-824dbdc42f9e,StartingBlock,486.928223,5917.7998,1,43,43,53,7,0,0,323.591644,833.101257,-414.237885,-0.941657543,0.240757152,-0.231363207,-0.0422871411
4870,0,54b24045-e039-40ee-9ba6-824dbdc42f9e,StartingBlock,487.02832,5917.8999,1,43,43,53,7,0,0,328.233307,834.131531,-408.837158,-0.941656649,0.240764856,-0.231359795,-0.0422808379
4871,0,54b24045-e039-40ee-9ba6-824dbdc42f9e,StartingBlock,487.128418,5918,1,43,43,53,7,0,0,332.867218,835.127808,-403.426727,-0.941661119,0.240751445,-0.231357202,-0.0422723703
4872,0,54b24045-e039-40ee-9ba6-824dbdc42f9e,StartingBlock,487.228516,5918.1001,1,43,43,53,7,0,0,337.493256,836.090149,-398.006744,-0.941659033,0.240751415,-0.231366158,-0.0422696434
4873,0,54b24045-e039-40ee-9ba6-824dbdc42f9e,StartingBlock,487.328125,5918.19971,1,43,43,53,7,0,0,342.111359,837.018494,-392.577362,-0.941663444,0.240729257,-0.231372505,-0.0422638804
4874,0,54b24045-e039-40ee-9ba6-824dbdc42f9e,StartingBlock,487.428223,5918.2998,1,43,43,53,7,0,0,346.721405,837.912842,-387.138641,-0.941655219,0.240754172,-0.231382221,-0.0422506705
4875,0,54b24045-e039-40ee-9ba6-824dbdc42f9e,StartingBlock,487.52832,5918.3999,1,43,43,53,7,0,0,351.323242,838.773315,-381.690796,-0.941651106,0.240758076,-0.231393337,-0.0422590822
4876,0,54b24045-e039-40ee-9ba6-824dbdc42f9e,StartingBlock,487.628418,5918.5,1,43,43,53,7,0,0,355.91684,839.599854,-376.233948,-0.94165802,0.240731597,-0.231394812,-0.0422486849
4877,0,54b24045-e039-40ee-9ba6-824dbdc42f9e,StartingBlock,487.728516,5918.6001,1,43,43,53,7,0,0,360.502075,840.392517,-370.76825,-0.941657782,0.240739822,-0.231387779,-0.0422461145
4878,0,54b24045-e039-40ee-9ba6-824dbdc42f9e,StartingBlock,487.828125,5918.69971,1,43,43,53,7,0,0,365.078827,841.151245,-365.293793,-0.941666186,0.240700543,-0.231395438,-0.0422414653
4879,0,54b24045-e039-40ee-9ba6-824dbdc42f9e,StartingBlock,487.928223,5918.7998,1,43,43,53,7,0,0,369.647003,841.876038,-359.81076,-0.941676497,0.240679726,-0.23137854,-0.0422219075
4880,0,54b24045-e039-40ee-9ba6-824dbdc42f9e,StartingBlock,488.02832,5918.8999,1,43,43,53,7,0,0,374.206543,842.566956,-354.319214,-0.94166553,0.240721554,-0.231373847,-0.0422545038
4881,0,54b24045-e039-40ee-9ba6-824dbdc42f9e,StartingBlock,488.128418,5919,1,43,43,53,7,0,0,378.757294,843.224182,-348.819366,-0.941678643,0.240687832,-0.231361002,-0.0422240943
4882,0,54b24045-e039-40ee-9ba6-824dbdc42f9e,StartingBlock,488.228516,5919.1001,1,43,43,53,7,0,0,383.299255,843.847412,-343.31134,-0.941671491,0.24071148,-0.231364489,-0.0422289521
4883,0,54b24045-e039-40ee-9ba6-824dbdc42f9e,StartingBlock,488.328125,5919.19971,1,43,43,53,7,0,0,387.832184,844.436829,-337.795288,-0.941672027,0.240714043,-0.231362075,-0.0422159806
4884,0,54b24045-e039-40ee-9ba6-824dbdc42f9e,StartingBlock,488.428223,5919.2998,1,43,43,53,7,0,0,392.356079,844.992493,-332.271271,-0.941676736,0.240703985,-0.231354028,-0.0422126614
4885,0,54b24045-e039-40ee-9ba6-824dbdc42f9e,StartingBlock,488.52832,5919.3999,1,43,43,53,7,0,0,396.87085,845.514404,-326.739502,-0.941686928,0.240673706,-0.231346592,-0.04219817
4886,0,54b24045-e039-40ee-9ba6-824dbdc42f9e,StartingBlock,488.628418,5919.5,1,43,43,53,7,0,0,401.376343,846.002502,-321.200104,-0.94168359,0.24067843,-0.231350586,-0.0422229692
4887,0,54b24045-e039-40ee-9ba6-824dbdc42f9e,StartingBlock,488.728516,5919.6001,1,43,43,53,7,0,0,405.872467,846.456848,-315.653168,-0.941688597,0.24066785,-0.231343642,-0.0422101803
4888,0,54b24045-e039-40ee-9ba6-824dbdc42f9e,StartingBlock,488.828125,5919.69971,1,43,43,53,7,0,0,410.359222,846.877319,-310.098816,-0.941686273,0.240673035,-0.231345117,-0.0422246233
4889,0,54b24045-e039-40ee-9ba6-824dbdc42f9e,StartingBlock,488.928223,5919.7998,1,43,43,53,7,0,0,414.836395,847.264221,-304.537292,-0.941691041,0.240666747,-0.231333062,-0.0422206745
4890,0,54b24045-e039-40ee-9ba6-824dbdc42f9e,StartingBlock,489.02832,5919.8999,1,43,43,53,7,0,0,419.303925,847.617493,-298.968689,-0.94169271,0.240662351,-0.231330648,-0.0422220975
4891,0,54b24045-e039-40ee-9ba6-824dbdc42f9e,StartingBlock,489.128418,5920,1,43,43,53,7,0,0,423.761688,847.937012,-293.393066,-0.941706777,0.240629584,-0.231309235,-0.0422122926
4892,0,54b24045-e039-40ee-9ba6-824dbdc42f9e,StartingBlock,489.228516,5920.1001,1,43,43,53,7,0,0,428.209625,848.2229,-287.810638,-0.941704512,0.240636498,-0.23130928,-0.0422227979
4893,0,54b24045-e039-40ee-9ba6-824dbdc42f9e,StartingBlock,489.328125,5920.19971,1,43,43,53,7,0,0,432.647675,848.475159,-282.221558,-0.941707134,0.240637317,-0.2312987,-0.0422178283
4894,0,54b24045-e039-40ee-9ba6-824dbdc42f9e,StartingBlock,489.428223,5920.2998,1,43,43,53,7,0,0,437.075745,848.693787,-276.625854,-0.941711783,0.24062942,-0.231291875,-0.0421960689
4895,0,54b24045-e039-40ee-9ba6-824dbdc42f9e,StartingBlock,489.52832,5920.3999,1,43,43,53,7,0,0,441.493652,848.878906,-271.023743,-0.941709518,0.24063006,-0.231296614,-0.04221607
4896,0,54b24045-e039-40ee-9ba6-824dbdc42f9e,StartingBlock,489.628418,5920.5,1,43,43,53,7,0,0,445.901367,849.030396,-265.415344,-0.941716909,0.240607649,-0.231294021,-0.0421951488
4897,0,54b24045-e039-40ee-9ba6-824dbdc42f9e,StartingBlock,489.728516,5920.6001,1,43,43,53,7,0,0,450.298798,849.148315,-259.800781,-0.941715539,0.240613759,-0.231290549,-0.0422080792
4898,0,54b24045-e039-40ee-9ba6-824dbdc42f9e,StartingBlock,489.828125,5920.69971,1,43,43,53,7,0,0,454.685822,849.232849,-254.180206,-0.94171828,0.240599796,-0.231298625,-0.0421839841
4899,0,54b24045-e039-40ee-9ba6-824dbdc42f9e,StartingBlock,489.928223,5920.7998,1,43,43,53,7,0,0,459.062378,849.283875,-248.553741,-0.941719651,0.240595743,-0.231298476,-0.0421760492
4900,0,54b24045-e039-40ee-9ba6-824dbdc42f9e,StartingBlock,490.02832,5920.8999,1,43,43,53,7,0,0,463.428345,849.301392,-242.921539,-0.941720605,0.240589827,-0.231301188,-0.0421732999
4901,0,54b24045-e039-40ee-9ba6-824dbdc42f9e,StartingBlock,490.128418,5921,1,43,43,53,7,0,0,467.783661,849.285461,-237.283691,-0.941720307,0.240598083,-0.231296659,-0.0421579704
4902,0,54b24045-e039-40ee-9ba6-824dbdc42f9e,StartingBlock,490.228516,5921.1001,1,43,43,53,7,0,0,472.128204,849.236206,-231.640396,-0.941722751,0.24058111,-0.231303468,-0.0421640426
4903,0,54b24045-e039-40ee-9ba6-824dbdc42f9e,StartingBlock,490.328125,5921.19971,1,43,43,53,7,0,0,476.461914,849.153503,-225.991714,-0.941718042,0.24060306,-0.231299013,-0.0421674028
4904,0,54b24045-e039-40ee-9ba6-824dbdc42f9e,StartingBlock,490.428223,5921.2998,1,43,43,53,7,0,0,480.784637,849.037537,-220.337845,-0.941722274,0.240577489,-0.231308013,-0.0421712138
4905,0,54b24045-e039-40ee-9ba6-824dbdc42f9e,StartingBlock,490.52832,5921.3999,1,43,43,53,7,0,0,485.096344,848.888245,-214.678894,-0.941714823,0.240589842,-0.231324628,-0.0421744511
4906,0,54b24045-e039-40ee-9ba6-824dbdc42f9e,StartingBlock,490.628418,5921.5,1,43,43,53,7,0,0,489.396973,848.705627,-209.015015,-0.94172132,0.24057205,-0.231322169,-0.0421449393
4907,0,54b24045-e039-40ee-9ba6-824dbdc42f9e,StartingBlock,490.728516,5921.6001,1,43,43,53,7,0,0,493.686371,848.489807,-203.346298,-0.941724598,0.240563601,-0.231318295,-0.0421404503
4908,0,54b24045-e039-40ee-9ba6-824dbdc42f9e,StartingBlock,490.828125,5921.69971,1,43,43,53,7,0,0,497.964478,848.240784,-197.672913,-0.941730499,0.240544572,-0.231314063,-0.0421403125
4909,0,54b24045-e039-40ee-9ba6-824dbdc42f9e,StartingBlock,490.928223,5921.7998,1,43,43,53,7,0,0,502.231171,847.958435,-191.994965,-0.941731274,0.240545541,-0.231306478,-0.0421583205
4910,0,54b24045-e039-40ee-9ba6-824dbdc42f9e,StartingBlock,491.02832,5921.8999,1,43,43,53,7,0,0,506.486389,847.643066,-186.312622,-0.941728175,0.240564823,-0.231300369,-0.0421520993
4911,0,54b24045-e039-40ee-9ba6-824dbdc42f9e,StartingBlock,491.128418,5922,1,43,43,53,7,0,0,510.730042,847.294556,-180.626022,-0.941738129,0.240535513,-0.23128888,-0.0421595126
4912,0,54b24045-e039-40ee-9ba6-824dbdc42f9e,StartingBlock,491.228516,5922.1001,1,43,43,53,7,0,0,514.962036,846.912903,-174.935242,-0.941745818,0.240508348,-0.231291175,-0.042132102
4913,0,54b24045-e039-40ee-9ba6-824dbdc42f9e,StartingBlock,491.328125,5922.19971,1,43,43,53,7,0,0,519.182312,846.49823,-169.240463,-0.941746831,0.240507051,-0.231289029,-0.0421275347
4914,0,54b24045-e039-40ee-9ba6-824dbdc42f9e,StartingBlock,491.428223,5922.2998,1,43,43,53,7,0,0,523.390747,846.050476,-163.541779,-0.941741824,0.240520999,-0.23128812,-0.0421637781
4915,0,54b24045-e039-40ee-9ba6-824dbdc42f9e,StartingBlock,491.52832,5922.3999,1,43,43,53,7,0,0,527.587219,845.569763,-157.839371,-0.941748679,0.240490377,-0.231296092,-0.0421421044
4916,0,54b24045-e039-40ee-9ba6-824dbdc42f9e,StartingBlock,491.628418,5922.5,1,43,43,53,7,0,0,531.771729,845.056152,-152.133316,-0.941751838,0.240487218,-0.231288224,-0.0421325006
4917,0,54b24045-e039-40ee-9ba6-824dbdc42f9e,StartingBlock,491.728516,5922.6001,1,43,43,53,7,0,0,535.944092,844.509583,-146.423828,-0.941749394,0.240488172,-0.231293157,-0.042156633
4918,0,54b24045-e039-40ee-9ba6-824dbdc42f9e,StartingBlock,491.828125,5922.69971,1,43,43,53,7,0,0,540.104309,843.930115,-140.710968,-0.941758633,0.240472555,-0.231276065,-0.0421320535
4919,0,54b24045-e039-40ee-9ba6-824dbdc42f9e,StartingBlock,491.928223,5922.7998,1,43,43,53,7,0,0,544.252319,843.317688,-134.994858,-0.941759646,0.240472198,-0.23127149,-0.0421363451
4920,0,54b24045-e039-40ee-9ba6-824dbdc42f9e,StartingBlock,492.02832,5922.8999,1,43,43,53,7,0,0,548.388,842.672607,-129.275711,-0.941763997,0.240444332,-0.231286108,-0.0421185121
4921,0,54b24045-e039-40ee-9ba6-824dbdc42f9e,StartingBlock,492.128418,5923,1,43,43,53,7,0,0,552.511169,841.994629,-123.553566,-0.941747367,0.240482032,-0.231310531,-0.0421404727
4922,0,54b24045-e039-40ee-9ba6-824dbdc42f9e,StartingBlock,492.228516,5923.1001,1,43,43,53,7,0,0,556.621887,841.283997,-117.828651,-0.94175595,0.240456864,-0.231303543,-0.0421303064
4923,0,54b24045-e039-40ee-9ba6-824dbdc42f9e,StartingBlock,492.328125,5923.19971,1,43,43,53,7,0,0,560.71991,840.540649,-112.101036,-0.941758513,0.240431398,-0.231320083,-0.0421265103
4924,0,54b24045-e039-40ee-9ba6-824dbdc42f9e,StartingBlock,492.428223,5923.2998,1,43,43,53,7,0,0,564.805359,839.764587,-106.370811,-0.941756248,0.240436628,-0.231329203,-0.0420991071
4925,0,54b24045-e039-40ee-9ba6-824dbdc42f9e,StartingBlock,492.52832,5923.3999,1,43,43,53,7,0,0,568.877991,838.956055,-100.638206,-0.941754758,0.24043411,-0.231334388,-0.0421171747
4926,0,54b24045-e039-40ee-9ba6-824dbdc42f9e,StartingBlock,492.628418,5923.5,1,43,43,53,7,0,0,572.937744,838.114807,-94.9032822,-0.941761017,0.240429997,-0.231317252,-0.0420953035
4927,0,54b24045-e039-40ee-9ba6-824dbdc42f9e,StartingBlock,492.728516,5923.6001,1,43,43,53,7,0,0,576.984558,837.24115,-89.1661911,-0.94176048,0.240424886,-0.231318206,-0.0421293639
4928,0,54b24045-e039-40ee-9ba6-824dbdc42f9e,StartingBlock,492.828125,5923.69971,1,43,43,53,7,0,0,581.018372,836.3349,-83.4270859,-0.941765785,0.240410209,-0.23131755,-0.0421007983
4929,0,54b24045-e039-40ee-9ba6-824dbdc42f9e,StartingBlock,492.928223,5923.7998,1,43,43,53,7,0,0,585.039124,835.396179,-77.6860809,-0.94177866,0.240376234,-0.231305018,-0.0420735627
4930,0,54b24045-e039-40ee-9ba6-824dbdc42f9e,StartingBlock,493.02832,5923.8999,1,43,43,53,7,0,0,589.046631,834.425049,-71.9432755,-0.941778362,0.240383685,-0.231294438,-0.0420969315
4931,0,54b24045-e039-40ee-9ba6-824dbdc42f9e,StartingBlock,493.128418,5924,1,43,43,53,7,0,0,593.040955,833.421631,-66.1988373,-0.941791773,0.240359083,-0.231270149,-0.042071037
4932,0,54b24045-e039-40ee-9ba6-824dbdc42f9e,StartingBlock,493.228516,5924.1001,1,43,43,53,7,0,0,597.021851,832.385864,-60.4529037,-0.941788435,0.240363866,-0.231268153,-0.0421295576
4933,0,54b24045-e039-40ee-9ba6-824dbdc42f9e,StartingBlock,493.328125,5924.19971,1,43,43,53,7,0,0,600.98938,831.31781,-54.7055779,-0.941794395,0.240341529,-0.231273353,-0.0420940295
4934,0,54b24045-e039-40ee-9ba6-824dbdc42f9e,StartingBlock,493.428223,5924.2998,1,43,43,53,7,0,0,604.943359,830.217407,-48.9569855,-0.941795886,0.240346432,-0.231267929,-0.042062398
4935,0,54b24045-e039-40ee-9ba6-824dbdc42f9e,StartingBlock,493.52832,5924.3999,1,43,43,53,7,0,0,608.883789,829.084961,-43.2072906,-0.941794455,0.24033469,-0.231283635,-0.042075824
4936,0,54b24045-e039-40ee-9ba6-824dbdc42f9e,StartingBlock,493.628418,5924.5,1,43,43,53,7,0,0,612.810486,827.920288,-37.4565887,-0.941792727,0.240344644,-0.231282443,-0.0420643315
4937,0,54b24045-e039-40ee-9ba6-824dbdc42f9e,StartingBlock,493.728516,5924.6001,1,43,43,53,7,0,0,616.723511,826.723572,-31.7050419,-0.941789031,0.240346909,-0.231290534,-0.0420892164
4938,0,54b24045-e039-40ee-9ba6-824dbdc42f9e,StartingBlock,493.828125,5924.69971,1,43,43,53,7,0,0,620.62262,825.49469,-25.9527588,-0.941798329,0.240326643,-0.23128283,-0.0420383289
4939,0,54b24045-e039-40ee-9ba6-824dbdc42f9e,StartingBlock,493.928223,5924.7998,1,43,43,53,7,0,0,624.507874,824.233948,-20.1999092,-0.941797316,0.240317598,-0.231285885,-0.0420969799
4940,0,54b24045-e039-40ee-9ba6-824dbdc42f9e,StartingBlock,494.02832,5924.8999,1,43,43,53,7,0,0,628.37915,822.941101,-14.4465227,-0.941800058,0.240319714,-0.231277496,-0.0420702063
4941,0,54b24045-e039-40ee-9ba6-824dbdc42f9e,StartingBlock,494.128418,5925,1,43,43,53,7,0,0,632.236328,821.616394,-8.6928072,-0.941797435,0.240321428,-0.231288403,-0.0420599431
4942,0,54b24045-e039-40ee-9ba6-824dbdc42f9e,StartingBlock,494.228516,5925.1001,1,43,43,53,7,0,0,636.079407,820.259888,-2.93890309,-0.941803753,0.240301982,-0.231284231,-0.0420526639
4943,0,54b24045-e039-40ee-9ba6-824dbdc42f9e,StartingBlock,494.328125,5925.19971,1,43,43,53,7,0,0,639.908264,818.871582,2.81508136,-0.941806614,0.240288079,-0.231287852,-0.0420455039
4944,0,54b24045-e039-40ee-9ba6-824dbdc42f9e,StartingBlock,494.428223,5925.2998,1,43,43,53,7,0,0,643.722778,817.451477,8.56903648,-0.941801012,0.240295932,-0.231297925,-0.0420726016
4945,0,54b24045-e039-40ee-9ba6-824dbdc42f9e,StartingBlock,494.52832,5925.3999,1,43,43,53,7,0,0,647.522888,815.999634,14.3227921,-0.941810787,0.240260035,-0.231295764,-0.0420710221
4946,0,54b24045-e039-40ee-9ba6-824dbdc42f9e,StartingBlock,494.628418,5925.5,1,43,43,53,7,0,0,651.308594,814.516052,20.0763054,-0.94181174,0.240265161,-0.231285185,-0.0420763567
4947,0,54b24045-e039-40ee-9ba6-824dbdc42f9e,StartingBlock,494.728516,5925.6001,1,43,43,53,7,0,0,655.079712,813.000977,25.8293667,-0.941816747,0.240253538,-0.231279671,-0.0420617834
4948,0,54b24045-e039-40ee-9ba6-824dbdc42f9e,StartingBlock,494.828125,5925.69971,1,43,43,53,7,0,0,658.836304,811.454346,31.5818596,-0.941825151,0.240235835,-0.231265694,-0.0420522243
4949,0,54b24045-e039-40ee-9ba6-824dbdc42f9e,StartingBlock,494.928223,5925.7998,1,43,43,53,7,0,0,662.578186,809.876099,37.3337021,-0.941830635,0.240235597,-0.231249124,-0.0420207158
4950,0,54b24045-e039-40ee-9ba6-824dbdc42f9e,StartingBlock,495.02832,5925.8999,1,43,43,53,7,0,0,666.305298,808.266479,43.0847359,-0.941824496,0.240241066,-0.231261358,-0.0420595072
4951,0,54b24045-e039-40ee-9ba6-824dbdc42f9e,StartingBlock,495.128418,5926,1,43,43,53,7,0,0,670.017639,806.625366,48.8348083,-0.941824436,0.240234807,-0.231268167,-0.0420587771
4952,0,54b24045-e039-40ee-9ba6-824dbdc42f9e,StartingBlock,495.228516,5926.1001,1,43,43,53,7,0,0,673.715088,804.952942,54.5838203,-0.941827238,0.240223095,-0.23127237,-0.042040728
4953,0,54b24045-e039-40ee-9ba6-824dbdc42f9e,StartingBlock,495.328125,5926.19971,1,43,43,53,7,0,0,677.397522,803.249146,60.331646,-0.941827059,0.240226164,-0.231270701,-0.0420360751
4954,0,54b24045-e039-40ee-9ba6-824dbdc42f9e,StartingBlock,495.428223,5926.2998,1,43,43,53,7,0,0,681.06488,801.514221,66.078125,-0.941830814,0.240206912,-0.231277466,-0.0420248397
4955,0,54b24045-e039-40ee-9ba6-824dbdc42f9e,StartingBlock,495.52832,5926.3999,1,43,43,53,7,0,0,684.717102,799.748108,71.8231735,-0.941828191,0.240207434,-0.231282502,-0.0420546681
4956,0,54b24045-e039-40ee-9ba6-824dbdc42f9e,StartingBlock,495.628418,5926.5,1,43,43,53,7,0,0,688.354126,797.950745,77.5666504,-0.941835165,0.240201905,-0.231262892,-0.0420369394
4957,0,54b24045-e039-40ee-9ba6-824dbdc42f9e,StartingBlock,495.728516,5926.6001,1,43,43,53,7,0,0,691.97583,796.122314,83.308403,-0.941833436,0.240182459,-0.231287569,-0.0420503765
4958,0,54b24045-e039-40ee-9ba6-824dbdc42f9e,StartingBlock,495.828125,5926.69971,1,43,43,53,7,0,0,695.582275,794.262939,89.0483322,-0.941838086,0.240173459,-0.23127906,-0.0420447439
4959,0,54b24045-e039-40ee-9ba6-824dbdc42f9e,StartingBlock,495.928223,5926.7998,1,43,43,53,7,0,0,699.173279,792.372559,94.786293,-0.941846967,0.24014996,-0.231274486,-0.0420055278
4960,0,54b24045-e039-40ee-9ba6-824dbdc42f9e,StartingBlock,496.02832,5926.8999,1,43,43,53,7,0,0,702.748718,790.451172,100.522217,-0.941840887,0.240166262,-0.231278598,-0.0420252196
4961,0,54b24045-e039-40ee-9ba6-824dbdc42f9e,StartingBlock,496.128418,5927,1,43,43,53,7,0,0,706.308716,788.499084,106.255905,-0.941844463,0.24015069,-0.231279865,-0.0420272537
4962,0,54b24045-e039-40ee-9ba6-824dbdc42f9e,StartingBlock,496.228516,5927.1001,1,43,43,53,7,0,0,709.852966,786.516174,111.987244,-0.941847682,0.240135536,-0.231279805,-0.0420416519
4963,0,54b24045-e039-40ee-9ba6-824dbdc42f9e,StartingBlock,496.328125,5927.19971,1,43,43,53,7,0,0,713.381531,784.502441,117.71611,-0.941856205,0.24010931,-0.231277421,-0.0420156494
4964,0,54b24045-e039-40ee-9ba6-824dbdc42f9e,StartingBlock,496.428223,5927.2998,1,43,43,53,7,0,0,716.894348,782.458008,123.442436,-0.941863894,0.240098223,-0.231260777,-0.0419971459
4965,0,54b24045-e039-40ee-9ba6-824dbdc42f9e,StartingBlock,496.52832,5927.3999,1,43,43,53,7,0,0,720.391235,780.382996,129.166046,-0.941856444,0.240097001,-0.231287464,-0.0420249403
4966,0,54b24045-e039-40ee-9ba6-824dbdc42f9e,StartingBlock,496.628418,5927.5,1,43,43,53,7,0,0,723.872314,778.277405,134.88681,-0.941857159,0.240099162,-0.23128204,-0.0420242734
4967,0,54b24045-e039-40ee-9ba6-824dbdc42f9e,StartingBlock,496.728516,5927.6001,1,43,43,53,7,0,0,727.337402,776.141357,140.60463,-0.941859484,0.240088224,-0.231285214,-0.0420195982
4968,0,54b24045-e039-40ee-9ba6-824dbdc42f9e,StartingBlock,496.828125,5927.69971,1,43,43,53,7,0,0,730.786316,773.974854,146.319351,-0.941862106,0.240090102,-0.231270596,-0.0420283936
4969,0,54b24045-e039-40ee-9ba6-824dbdc42f9e,StartingBlock,496.928223,5927.7998,1,43,43,53,7,0,0,734.219238,771.777832,152.030869,-0.941873372,0.240066737,-0.231258288,-0.0419793427
4970,0,54b24045-e039-40ee-9ba6-824dbdc42f9e,StartingBlock,497.02832,5927.8999,1,43,43,53,7,0,0,737.635864,769.550659,157.739029,-0.941872537,0.240056545,-0.231267974,-0.0420013629
4971,0,54b24045-e039-40ee-9ba6-824dbdc42f9e,StartingBlock,497.128418,5928,1,43,43,53,7,0,0,741.036255,767.293213,163.44371,-0.941878736,0.240047708,-0.231248528,-0.0420207791
4972,0,54b24045-e039-40ee-9ba6-824dbdc42f9e,StartingBlock,497.228516,5928.1001,1,43,43,53,7,0,0,744.420349,765.005493,169.144791,-0.941879094,0.240041688,-0.231252521,-0.042026341
4973,0,54b24045-e039-40ee-9ba6-824dbdc42f9e,StartingBlock,497.328125,5928.19971,1,43,43,53,7,0,0,747.787964,762.687683,174.842209,-0.941885471,0.240028337,-0.231237814,-0.0420388803
4974,0,54b24045-e039-40ee-9ba6-824dbdc42f9e,StartingBlock,497.428223,5928.2998,1,43,43,53,7,0,0,751.13916,760.339722,180.535797,-0.941883147,0.240041688,-0.23123157,-0.0420501828
4975,0,54b24045-e039-40ee-9ba6-824dbdc42f9e,StartingBlock,497.52832,5928.3999,1,43,43,53,7,0,0,754.473755,757.961792,186.225403,-0.9418841,0.24003233,-0.231236503,-0.0420552567
4976,0,54b24045-e039-40ee-9ba6-824dbdc42f9e,StartingBlock,497.628418,5928.5,1,43,43,53,7,0,0,757.791809,755.553955,191.910934,-0.941894352,0.239999652,-0.23123233,-0.042032972
4977,0,54b24045-e039-40ee-9ba6-824dbdc42f9e,StartingBlock,497.728516,5928.6001,1,43,43,53,7,0,0,761.09314,753.11615,197.59227,-0.941891253,0.239997298,-0.231249422,-0.0420239456
4978,0,54b24045-e039-40ee-9ba6-824dbdc42f9e,StartingBlock,497.828125,5928.69971,1,43,43,53,7,0,0,764.377686,750.648499,203.269302,-0.94189924,0.239979908,-0.231247574,-0.0419544615
4979,0,54b24045-e039-40ee-9ba6-824dbdc42f9e,StartingBlock,497.928223,5928.7998,1,43,43,53,7,0,0,767.645508,748.151245,208.941849,-0.94189626,0.239976838,-0.231255323,-0.0419950336
4980,0,54b24045-e039-40ee-9ba6-824dbdc42f9e,StartingBlock,498.02832,5928.8999,1,43,43,53,7,0,0,770.896484,745.624207,214.609802,-0.941900969,0.239949897,-0.231265947,-0.0419858731
4981,0,54b24045-e039-40ee-9ba6-824dbdc42f9e,StartingBlock,498.128418,5929,1,43,43,53,7,0,0,774.130432,743.067566,220.273071,-0.9418993,0.239958659,-0.231264621,-0.0419783071
4982,0,54b24045-e039-40ee-9ba6-824dbdc42f9e,StartingBlock,498.228516,5929.1001,1,43,43,53,7,0,0,777.347473,740.481384,225.931534,-0.941906929,0.239932477,-0.231263578,-0.0419647954
4983,0,54b24045-e039-40ee-9ba6-824dbdc42f9e,StartingBlock,498.328125,5929.19971,1,43,43,53,7,0,0,780.547424,737.865662,231.585068,-0.94191432,0.239926249,-0.231243953,-0.041943118
4984,0,54b24045-e039-40ee-9ba6-824dbdc42f9e,StartingBlock,498.428223,5929.2998,1,43,43,53,7,0,0,783.730164,735.22052,237.233536,-0.941911697,0.239932194,-0.231243595,-0.0419671237
4985,0,54b24045-e039-40ee-9ba6-824dbdc42f9e,StartingBlock,498.52832,5929.3999,1,43,43,53,7,0,0,786.895752,732.546082,242.876801,-0.941918015,0.239919275,-0.231232226,-0.0419621244
4986,0,54b24045-e039-40ee-9ba6-824dbdc42f9e,StartingBlock,498.628418,5929.5,1,43,43,53,7,0,0,790.044128,729.842407,248.51474,-0.941917121,0.239927545,-0.231221408,-0.0419953503
4987,0,54b24045-e039-40ee-9ba6-824dbdc42f9e,StartingBlock,498.728516,5929.6001,1,43,43,53,7,0,0,793.17511,727.109436,254.147278,-0.94192338,0.239916578,-0.231210604,-0.0419759043
4988,0,54b24045-e039-40ee-9ba6-824dbdc42f9e,StartingBlock,498.828125,5929.69971,1,43,43,53,7,0,0,796.288757,724.347229,259.774261,-0.941918075,0.239931613,-0.231216088,-0.0419801921
4989,0,54b24045-e039-40ee-9ba6-824dbdc42f9e,StartingBlock,498.928223,5929.7998,1,43,43,53,7,0,0,799.384949,721.55603,265.395569,-0.941937625,0.239884645,-0.231194288,-0.0419290662
4990,0,54b24045-e039-40ee-9ba6-824dbdc42f9e,StartingBlock,499.02832,5929.8999,1,43,43,53,7,0,0,802.463623,718.735901,271.011017,-0.941942692,0.239852622,-0.231194556,-0.0419989526
4991,0,54b24045-e039-40ee-9ba6-824dbdc42f9e,StartingBlock,499.128418,5930,1,43,43,53,7,0,0,805.524719,715.886719,276.620605,-0.941957116,0.239826441,-0.231169328,-0.0419630967
4992,0,54b24045-e039-40ee-9ba6-824dbdc42f9e,StartingBlock,499.228516,5930.1001,1,43,43,53,7,0,0,808.568237,713.008606,282.224182,-0.941956162,0.239838541,-0.231161416,-0.0419582874
4993,0,54b24045-e039-40ee-9ba6-824dbdc42f9e,StartingBlock,499.328125,5930.19971,1,43,43,53,7,0,0,811.593994,710.101807,287.821564,-0.941953242,0.239832997,-0.231174678,-0.0419837683
4994,0,54b24045-e039-40ee-9ba6-824dbdc42f9e,StartingBlock,499.428223,5930.2998,1,43,43,53,7,0,0,814.60199,707.166321,293.412628,-0.94195503,0.239826173,-0.231176153,-0.04197203
4995,0,54b24045-e039-40ee-9ba6-824dbdc42f9e,StartingBlock,499.52832,5930.3999,1,43,43,53,7,0,0,817.592224,704.202026,298.997375,-0.941955686,0.239834383,-0.231170475,-0.0419432782
4996,0,54b24045-e039-40ee-9ba6-824dbdc42f9e,StartingBlock,499.628418,5930.5,1,43,43,53,7,0,0,820.564453,701.209229,304.575562,-0.941963911,0.239804208,-0.231167525,-0.0419460945
4997,0,54b24045-e039-40ee-9ba6-824dbdc42f9e,StartingBlock,499.728516,5930.6001,1,43,43,53,7,0,0,823.518799,698.187988,310.147064,-0.941964567,0.239801705,-0.231165648,-0.0419565849
4998,0,54b24045-e039-40ee-9ba6-824dbdc42f9e,StartingBlock,499.828125,5930.69971,1,43,43,53,7,0,0,826.455139,695.138306,315.711823,-0.94197458,0.239765689,-0.231165364,-0.0419390835
4999,0,54b24045-e039-40ee-9ba6-824dbdc42f9e,StartingBlock,499.928223,5930.7998,1,43,43,53,7,0,0,829.373474,692.060181,321.269745,-0.941971242,0.239781141,-0.231156975,-0.0419712588
5000,0,54b24045-e039-40ee-9ba6-824dbdc42f9e,StartingBlock,500.02832,5930.8999,1,43,43,53,7,0,0,832.273621,688.953796,326.820618,-0.94197309,0.239770874,-0.231161892,-0.0419627316
5001,0,54b24045-e039-40ee-9ba6-824dbdc42f9e,StartingBlock,500.128418,5931,1,43,43,53,7,0,0,835.155579,685.819214,332.36441,-0.94197166,0.239785582,-0.231147975,-0.0419882722
5002,0,54b24045-e039-40ee-9ba6-824dbdc42f9e,StartingBlock,500.228516,5931.1001,1,43,43,53,7,0,0,838.019287,682.656433,337.900879,-0.941991329,0.239715725,-0.231150672,-0.0419298448
5003,0,54b24045-e039-40ee-9ba6-824dbdc42f9e,StartingBlock,500.328125,5931.19971,1,43,43,53,7,0,0,840.864807,679.465576,343.430084,-0.941981792,0.239741787,-0.231161222,-0.0419376493
5004,0,54b24045-e039-40ee-9ba6-824dbdc42f9e,StartingBlock,500.428223,5931.2998,1,43,43,53,7,0,0,843.691833,676.246765,348.951752,-0.941987157,0.239726648,-0.23115246,-0.0419507101
5005,0,54b24045-e039-40ee-9ba6-824dbdc42f9e,StartingBlock,500.52832,5931.3999,1,43,43,53,7,0,0,846.500488,673.000122,354.46582,-0.94198966,0.23973459,-0.23113519,-0.0419450291
5006,0,54b24045-e039-40ee-9ba6-824dbdc42f9e,StartingBlock,500.628418,5931.5,1,43,43,53,7,0,0,849.29071,669.725586,359.972168,-0.941996634,0.239717096,-0.231126487,-0.0419365838
5007,0,54b24045-e039-40ee-9ba6-824dbdc42f9e,StartingBlock,500.728516,5931.6001,1,43,43,53,7,0,0,852.062378,666.423279,365.470673,-0.942000985,0.239712626,-0.231115028,-0.0419280119
5008,0,54b24045-e039-40ee-9ba6-824dbdc42f9e,StartingBlock,500.828125,5931.69971,1,43,43,53,7,0,0,854.815369,663.093201,370.961243,-0.941993356,0.239728406,-0.231122956,-0.0419648252
5009,0,54b24045-e039-40ee-9ba6-824dbdc42f9e,StartingBlock,500.928223,5931.7998,1,43,43,53,7,0,0,857.549805,659.735657,376.443756,-0.942001164,0.239718914,-0.23110579,-0.0419388562
5010,0,54b24045-e039-40ee-9ba6-824dbdc42f9e,StartingBlock,501.02832,5931.8999,1,43,43,53,7,0,0,860.265564,656.350525,381.917999,-0.942004085,0.239717573,-0.231094956,-0.0419399515
5011,0,54b24045-e039-40ee-9ba6-824dbdc42f9e,StartingBlock,501.128418,5932,1,43,43,53,7,0,0,862.962463,652.937988,387.384003,-0.942009866,0.23968403,-0.231106758,-0.0419370979
5012,0,54b24045-e039-40ee-9ba6-824dbdc42f9e,StartingBlock,501.228516,5932.1001,1,43,43,53,7,0,0,865.640625,649.498047,392.841522,-0.942010403,0.23966296,-0.231124222,-0.0419499986
5013,0,54b24045-e039-40ee-9ba6-824dbdc42f9e,StartingBlock,501.328125,5932.19971,1,43,43,53,7,0,0,868.299927,646.030762,398.290527,-0.942016125,0.239654899,-0.231112137,-0.0419329628
5014,0,54b24045-e039-40ee-9ba6-824dbdc42f9e,StartingBlock,501.428223,5932.2998,1,43,43,53,7,0,0,870.940308,642.536316,403.730865,-0.942017853,0.239648789,-0.231114313,-0.0419179499
5015,0,54b24045-e039-40ee-9ba6-824dbdc42f9e,StartingBlock,501.52832,5932.3999,1,43,43,53,7,0,0,873.561707,639.014771,409.162415,-0.942021489,0.239637673,-0.231106788,-0.0419402942
5016,0,54b24045-e039-40ee-9ba6-824dbdc42f9e,StartingBlock,501.628418,5932.5,1,43,43,53,7,0,0,876.164063,635.466125,414.585083,-0.942022741,0.239623114,-0.231115565,-0.0419476554
5017,0,54b24045-e039-40ee-9ba6-824dbdc42f9e,StartingBlock,501.728516,5932.6001,1,43,43,53,7,0,0,878.747314,631.890564,419.998718,-0.942025304,0.239632845,-0.231097788,-0.0419335663
5018,0,54b24045-e039-40ee-9ba6-824dbdc42f9e,StartingBlock,501.828125,5932.69971,1,43,43,53,7,0,0,881.311401,628.288147,425.403229,-0.942025542,0.239625812,-0.231096461,-0.0419726409
5019,0,54b24045-e039-40ee-9ba6-824dbdc42f9e,StartingBlock,501.928223,5932.7998,1,43,43,53,7,0,0,883.856323,624.658752,430.798492,-0.942030132,0.239620507,-0.231094718,-0.041910056
5020,0,54b24045-e039-40ee-9ba6-824dbdc42f9e,StartingBlock,502.02832,5932.8999,1,43,43,53,7,0,0,886.381958,621.002686,436.184387,-0.942033589,0.239594057,-0.231108472,-0.0419083759
5021,0,54b24045-e039-40ee-9ba6-824dbdc42f9e,StartingBlock,502.128418,5933,1,43,43,53,7,0,0,888.888306,617.320068,441.56076,-0.942036688,0.239584967,-0.231104434,-0.041913487
5022,0,54b24045-e039-40ee-9ba6-824dbdc42f9e,StartingBlock,502.228516,5933.1001,1,43,43,53,7,0,0,891.375366,613.61084,446.927582,-0.942044079,0.239573523,-0.23108995,-0.0418920778
5023,0,54b24045-e039-40ee-9ba6-824dbdc42f9e,StartingBlock,502.328125,5933.19971,1,43,43,53,7,0,0,893.842957,609.875061,452.284729,-0.94204551,0.239578992,-0.231076583,-0.0419032089
5024,0,54b24045-e039-40ee-9ba6-824dbdc42f9e,StartingBlock,502.428223,5933.2998,1,43,43,53,7,0,0,896.291077,606.112976,457.631989,-0.942044437,0.239578933,-0.231078163,-0.04191925
5025,0,54b24045-e039-40ee-9ba6-824dbdc42f9e,StartingBlock,502.52832,5933.3999,1,43,43,53,7,0,0,898.719666,602.324646,462.969269,-0.942052007,0.239551276,-0.231079534,-0.0418996774
5026,0,54b24045-e039-40ee-9ba6-824dbdc42f9e,StartingBlock,502.628418,5933.5,1,43,43,53,7,0,0,901.128784,598.51001,468.2966,-0.942054451,0.239553943,-0.231068328,-0.0418901257
5027,0,54b24045-e039-40ee-9ba6-824dbdc42f9e,StartingBlock,502.728516,5933.6001,1,43,43,53,7,0,0,903.51825,594.669128,473.613739,-0.942054451,0.239553511,-0.231068313,-0.0418933965
5028,0,54b24045-e039-40ee-9ba6-824dbdc42f9e,StartingBlock,502.828125,5933.69971,1,43,43,53,7,0,0,905.888,590.802368,478.920532,-0.942061245,0.239511788,-0.231082261,-0.0419018231
5029,0,54b24045-e039-40ee-9ba6-824dbdc42f9e,StartingBlock,502.928223,5933.7998,1,43,43,53,7,0,0,908.238037,586.909607,484.216949,-0.942066312,0.239513293,-0.231062546,-0.0418875925
5030,0,54b24045-e039-40ee-9ba6-824dbdc42f9e,StartingBlock,503.02832,5933.8999,1,43,43,53,7,0,0,910.56842,582.990906,489.502838,-0.942068577,0.239513472,-0.231054574,-0.041878771
5031,0,54b24045-e039-40ee-9ba6-824dbdc42f9e,StartingBlock,503.128418,5934,1,43,43,53,7,0,0,912.878906,579.046387,494.778107,-0.942071497,0.239495501,-0.231064379,-0.0418627486
5032,0,54b24045-e039-40ee-9ba6-824dbdc42f9e,StartingBlock,503.228516,5934.1001,1,43,43,53,7,0,0,915.169495,575.076233,500.042603,-0.94207108,0.239491686,-0.231067702,-0.0418766513
5033,0,54b24045-e039-40ee-9ba6-824dbdc42f9e,StartingBlock,503.328125,5934.19971,1,43,43,53,7,0,0,917.440186,571.080383,505.296265,-0.942073166,0.239493132,-0.231055707,-0.0418874323
5034,0,54b24045-e039-40ee-9ba6-824dbdc42f9e,StartingBlock,503.428223,5934.2998,1,43,43,53,7,0,0,919.690918,567.059082,510.538879,-0.942079842,0.239468798,-0.231053218,-0.0418889374
5035,0,54b24045-e039-40ee-9ba6-824dbdc42f9e,StartingBlock,503.52832,5934.3999,1,43,43,53,7,0,0,921.921631,563.012329,515.770447,-0.942086041,0.239437923,-0.231061175,-0.0418832414
5036,0,54b24045-e039-40ee-9ba6-824dbdc42f9e,StartingBlock,503.628418,5934.5,1,43,43,53,7,0,0,924.132263,558.940125,520.990784,-0.94208318,0.239446253,-0.231067494,-0.0418642163
5037,0,54b24045-e039-40ee-9ba6-824dbdc42f9e,StartingBlock,503.728516,5934.6001,1,43,43,53,7,0,0,926.322876,554.842712,526.19989,-0.942086816,0.239416942,-0.231079966,-0.0418815613
5038,0,54b24045-e039-40ee-9ba6-824dbdc42f9e,StartingBlock,503.828125,5934.69971,1,43,43,53,7,0,0,928.493286,550.720154,531.397461,-0.942088485,0.239421874,-0.231069937,-0.0418715216
5039,0,54b24045-e039-40ee-9ba6-824dbdc42f9e,StartingBlock,503.928223,5934.7998,1,43,43,53,7,0,0,930.643433,546.57251,536.583496,-0.942092121,0.239431083,-0.231045857,-0.0418700986
5040,0,54b24045-e039-40ee-9ba6-824dbdc42f9e,StartingBlock,504.02832,5934.8999,1,43,43,53,7,0,0,932.773376,542.399719,541.757935,-0.94209218,0.239431813,-0.231040239,-0.0418949835
5041,0,54b24045-e039-40ee-9ba6-824dbdc42f9e,StartingBlock,504.128418,5935,1,43,43,53,7,0,0,934.883118,538.202148,546.920532,-0.94209516,0.239435643,-0.231028453,-0.0418707356
5042,0,54b24045-e039-40ee-9ba6-824dbdc42f9e,StartingBlock,504.228516,5935.1001,1,43,43,53,7,0,0,936.972412,533.979797,552.071228,-0.942107081,0.239401773,-0.231014833,-0.0418723933
5043,0,54b24045-e039-40ee-9ba6-824dbdc42f9e,StartingBlock,504.328125,5935.19971,1,43,43,53,7,0,0,939.041382,529.732605,557.210022,-0.942130148,0.239343092,-0.230988607,-0.0418321155
5044,0,54b24045-e039-40ee-9ba6-824dbdc42f9e,StartingBlock,504.428223,5935.2998,1,43,43,53,7,0,0,941.089966,525.460754,562.336609,-0.942116559,0.239397094,-0.230987921,-0.0418319888
5045,0,54b24045-e039-40ee-9ba6-824dbdc42f9e,StartingBlock,504.52832,5935.3999,1,43,43,53,7,0,0,943.117981,521.164429,567.450989,-0.942117155,0.239391804,-0.230989531,-0.0418415852
5046,0,54b24045-e039-40ee-9ba6-824dbdc42f9e,StartingBlock,504.628418,5935.5,1,43,43,53,7,0,0,945.125488,516.843689,572.55304,-0.942124009,0.239354104,-0.231002584,-0.0418321379
5047,0,54b24045-e039-40ee-9ba6-824dbdc42f9e,StartingBlock,504.728516,5935.6001,1,43,43,53,7,0,0,947.112427,512.498657,577.642639,-0.942123115,0.239367127,-0.230990887,-0.041842524
5048,0,54b24045-e039-40ee-9ba6-824dbdc42f9e,StartingBlock,504.828125,5935.69971,1,43,43,53,7,0,0,949.078674,508.129211,582.719727,-0.942120492,0.239365533,-0.231000021,-0.0418591462
5049,0,54b24045-e039-40ee-9ba6-824dbdc42f9e,StartingBlock,504.928223,5935.7998,1,43,43,53,7,0,0,951.024353,503.735596,587.784119,-0.942128718,0.239340186,-0.230991289,-0.0418667644
5050,0,54b24045-e039-40ee-9ba6-824dbdc42f9e,StartingBlock,505.02832,5935.8999,1,43,43,53,7,0,0,952.949341,499.317902,592.835754,-0.942137837,0.239312962,-0.230987534,-0.0418382362
5051,0,54b24045-e039-40ee-9ba6-824dbdc42f9e,StartingBlock,505.128418,5936,1,43,43,53,7,0,0,954.853455,494.876312,597.874451,-0.942131996,0.239338949,-0.230979875,-0.0418633595
5052,0,54b24045-e039-40ee-9ba6-824dbdc42f9e,StartingBlock,505.228516,5936.1001,1,43,43,53,7,0,0,956.736938,490.410706,602.900208,-0.942142308,0.239299133,-0.230973288,-0.0418957658
5053,0,54b24045-e039-40ee-9ba6-824dbdc42f9e,StartingBlock,505.328125,5936.19971,1,43,43,53,7,0,0,958.599548,485.921387,607.91272,-0.9421345,0.239338726,-0.230972528,-0.0418487191
5054,0,54b24045-e039-40ee-9ba6-824dbdc42f9e,StartingBlock,505.428223,5936.2998,1,43,43,53,7,0,0,960.441162,481.408295,612.912231,-0.942141593,0.239293411,-0.230983913,-0.0418843478
5055,0,54b24045-e039-40ee-9ba6-824dbdc42f9e,StartingBlock,505.52832,5936.3999,1,43,43,53,7,0,0,962.261963,476.871643,617.898254,-0.94214648,0.23929365,-0.230966866,-0.0418680422
5056,0,54b24045-e039-40ee-9ba6-824dbdc42f9e,StartingBlock,505.628418,5936.5,1,43,43,53,7,0,0,964.061768,472.311493,622.870789,-0.942156255,0.239298418,-0.230924442,-0.0418547019
5057,0,54b24045-e039-40ee-9ba6-824dbdc42f9e,StartingBlock,505.728516,5936.6001,1,43,43,53,7,0,0,965.840637,467.727936,627.829895,-0.942158103,0.239293724,-0.230922505,-0.0418489948
5058,0,54b24045-e039-40ee-9ba6-824dbdc42f9e,StartingBlock,505.828125,5936.69971,1,43,43,53,7,0,0,967.598389,463.121094,632.77533,-0.942165792,0.239264563,-0.230920076,-0.0418574736
5059,0,54b24045-e039-40ee-9ba6-824dbdc42f9e,StartingBlock,505.928223,5936.7998,1,43,43,53,7,0,0,969.335083,458.490997,637.706909,-0.942168832,0.239273489,-0.230901673,-0.0418393202
5060,0,54b24045-e039-40ee-9ba6-824dbdc42f9e,StartingBlock,506.02832,5936.8999,1,43,43,53,7,0,0,971.050659,453.837738,642.624695,-0.942174315,0.239268333,-0.230885863,-0.04183238
5061,0,54b24045-e039-40ee-9ba6-824dbdc42f9e,StartingBlock,506.128418,5937,1,43,43,53,7,0,0,972.745056,449.16153,647.528381,-0.942169487,0.239268482,-0.230906501,-0.0418267772
5062,0,54b24045-e039-40ee-9ba6-824dbdc42f9e,StartingBlock,506.228516,5937.1001,1,43,43,53,7,0,0,974.418274,444.462341,652.41803,-0.94217217,0.239262983,-0.23089613,-0.0418539532
5063,0,54b24045-e039-40ee-9ba6-824dbdc42f9e,StartingBlock,506.328125,5937.19971,1,43,43,53,7,0,0,976.070251,439.740326,657.293518,-0.942183912,0.239228532,-0.230879575,-0.0418790504
5064,0,54b24045-e039-40ee-9ba6-824dbdc42f9e,StartingBlock,506.428223,5937.2998,1,43,43,53,7,0,0,977.700928,434.995667,662.154663,-0.942190409,0.239209682,-0.230877325,-0.041851826
5065,0,54b24045-e039-40ee-9ba6-824dbdc42f9e,StartingBlock,506.52832,5937.3999,1,43,43,53,7,0,0,979.310303,430.228363,667.001343,-0.942174196,0.239257842,-0.230894685,-0.0418475792
5066,0,54b24045-e039-40ee-9ba6-824dbdc42f9e,StartingBlock,506.628418,5937.5,1,43,43,53,7,0,0,980.898315,425.438507,671.833496,-0.942172229,0.239256844,-0.230905935,-0.0418340601
5067,0,54b24045-e039-40ee-9ba6-824dbdc42f9e,StartingBlock,506.728516,5937.6001,1,43,43,53,7,0,0,982.464905,420.62619,676.651062,-0.942186236,0.239205584,-0.230904311,-0.0418222547
5068,0,54b24045-e039-40ee-9ba6-824dbdc42f9e,StartingBlock,506.828125,5937.69971,1,43,43,53,7,0,0,984.010071,415.791595,681.453857,-0.942183137,0.239206821,-0.230915084,-0.0418240912
5069,0,54b24045-e039-40ee-9ba6-824dbdc42f9e,StartingBlock,506.928223,5937.7998,1,43,43,53,7,0,0,985.533752,410.934753,686.241699,-0.942180932,0.239208907,-0.230923891,-0.04181448
5070,0,54b24045-e039-40ee-9ba6-824dbdc42f9e,StartingBlock,507.02832,5937.8999,1,43,43,53,7,0,0,987.03595,406.055817,691.014648,-0.94217813,0.239204332,-0.230933636,-0.0418491401
5071,0,54b24045-e039-40ee-9ba6-824dbdc42f9e,StartingBlock,507.128418,5938,1,43,43,53,7,0,0,988.516602,401.154846,695.772522,-0.942180395,0.239216745,-0.23091048,-0.0418541394
5072,0,54b24045-e039-40ee-9ba6-824dbdc42f9e,StartingBlock,507.228516,5938.1001,1,43,43,53,7,0,0,989.975586,396.231964,700.515259,-0.942185521,0.239195734,-0.230918571,-0.041813869
5073,0,54b24045-e039-40ee-9ba6-824dbdc42f9e,StartingBlock,507.328125,5938.19971,1,43,43,53,7,0,0,991.413025,391.287292,705.242737,-0.942198813,0.239148363,-0.230911449,-0.0418271683
5074,0,54b24045-e039-40ee-9ba6-824dbdc42f9e,StartingBlock,507.428223,5938.2998,1,43,43,53,7,0,0,992.828735,386.320892,709.954773,-0.942199528,0.239147484,-0.230908081,-0.0418332778
5075,0,54b24045-e039-40ee-9ba6-824dbdc42f9e,StartingBlock,507.52832,5938.3999,1,43,43,53,7,0,0,994.222778,381.332947,714.651245,-0.94219774,0.239179283,-0.230883852,-0.0418242626
5076,0,54b24045-e039-40ee-9ba6-824dbdc42f9e,StartingBlock,507.628418,5938.5,1,43,43,53,7,0,0,995.595093,376.323425,719.332214,-0.942201018,0.239142343,-0.230897531,-0.0418872647
5077,0,54b24045-e039-40ee-9ba6-824dbdc42f9e,StartingBlock,507.728516,5938.6001,1,43,43,53,7,0,0,996.945618,371.292572,723.997314,-0.942197204,0.239178434,-0.230877787,-0.0418758504
5078,0,54b24045-e039-40ee-9ba6-824dbdc42f9e,StartingBlock,507.828125,5938.69971,1,43,43,53,7,0,0,998.274414,366.240387,728.646729,-0.942209303,0.239136204,-0.230874151,-0.0418648422
5079,0,54b24045-e039-40ee-9ba6-824dbdc42f9e,StartingBlock,507.928223,5938.7998,1,43,43,53,7,0,0,999.581299,361.167023,733.280212,-0.942219555,0.239103287,-0.230864346,-0.0418764688
5080,0,54b24045-e039-40ee-9ba6-824dbdc42f9e,StartingBlock,508.02832,5938.8999,1,43,43,53,7,0,0,1000.86633,356.072601,737.897583,-0.94222039,0.239127338,-0.230845302,-0.0418248698
5081,0,54b24045-e039-40ee-9ba6-824dbdc42f9e,StartingBlock,508.128418,5939,1,43,43,53,7,0,0,1002.12946,350.957184,742.498962,-0.942227423,0.239094362,-0.230850905,-0.0418232158
5082,0,54b24045-e039-40ee-9ba6-824dbdc42f9e,StartingBlock,508.228516,5939.1001,1,43,43,53,7,0,0,1003.37067,345.820953,747.083984,-0.942227006,0.23911652,-0.230831981,-0.041811239
5083,0,54b24045-e039-40ee-9ba6-824dbdc42f9e,StartingBlock,508.328125,5939.19971,1,43,43,53,7,0,0,1004.5899,340.66391,751.65271,-0.942225337,0.239133134,-0.230816558,-0.0418394059
5084,0,54b24045-e039-40ee-9ba6-824dbdc42f9e,StartingBlock,508.428223,5939.2998,1,43,43,53,7,0,0,1005.78711,335.486206,756.204956,-0.942227304,0.239144564,-0.230796963,-0.0418379232
5085,0,54b24045-e039-40ee-9ba6-824dbdc42f9e,StartingBlock,508.52832,5939.3999,1,43,43,53,7,0,0,1006.96228,330.287994,760.740601,-0.942232013,0.239122152,-0.23079963,-0.0418459363
5086,0,54b24045-e039-40ee-9ba6-824dbdc42f9e,StartingBlock,508.628418,5939.5,1,43,43,53,7,0,0,1008.11542,325.069305,765.259644,-0.942240536,0.239103049,-0.230786532,-0.0418353416
5087,0,54b24045-e039-40ee-9ba6-824dbdc42f9e,StartingBlock,508.728516,5939.6001,1,43,43,53,7,0,0,1009.24646,319.830261,769.761963,-0.942244411,0.239092126,-0.230785325,-0.0418171734
5088,0,54b24045-e039-40ee-9ba6-824dbdc42f9e,StartingBlock,508.828125,5939.69971,1,43,43,53,7,0,0,1010.35535,314.570984,774.247375,-0.942247689,0.239057124,-0.230799437,-0.0418649614
5089,0,54b24045-e039-40ee-9ba6-824dbdc42f9e,StartingBlock,508.928223,5939.7998,1,43,43,53,7,0,0,1011.44208,309.291656,778.71582,-0.942242444,0.239058897,-0.230817407,-0.0418727621
5090,0,54b24045-e039-40ee-9ba6-824dbdc42f9e,StartingBlock,509.02832,5939.8999,1,43,43,53,7,0,0,1012.50659,303.992279,783.167175,-0.942245781,0.239060417,-0.230807066,-0.0418481007
5091,0,54b24045-e039-40ee-9ba6-824dbdc42f9e,StartingBlock,509.128418,5940,1,43,43,53,7,0,0,1013.54889,298.673065,787.601379,-0.942241967,0.239091426,-0.230791941,-0.0418382287
5092,0,54b24045-e039-40ee-9ba6-824dbdc42f9e,StartingBlock,509.228516,5940.1001,1,43,43,53,7,0,0,1014.56891,293.334015,792.01825,-0.942251801,0.239064321,-0.230779245,-0.0418428741
5093,0,54b24045-e039-40ee-9ba6-824dbdc42f9e,StartingBlock,509.328125,5940.19971,1,43,43,53,7,0,0,1015.56665,287.975311,796.417786,-0.942255676,0.239051193,-0.230773181,-0.041863326
5094,0,54b24045-e039-40ee-9ba6-824dbdc42f9e,StartingBlock,509.428223,5940.2998,1,43,43,53,7,0,0,1016.54205,282.597046,800.799866,-0.942256629,0.239049271,-0.230768844,-0.0418771543
5095,0,54b24045-e039-40ee-9ba6-824dbdc42f9e,StartingBlock,509.52832,5940.3999,1,43,43,53,7,0,0,1017.49512,277.199341,805.164307,-0.942256749,0.239046171,-0.230769441,-0.0418872274
5096,0,54b24045-e039-40ee-9ba6-824dbdc42f9e,StartingBlock,509.628418,5940.5,1,43,43,53,7,0,0,1018.4259,271.782257,809.511047,-0.942251503,0.239079803,-0.230761841,-0.0418567173
5097,0,54b24045-e039-40ee-9ba6-824dbdc42f9e,StartingBlock,509.728516,5940.6001,1,43,43,53,7,0,0,1019.33417,266.345978,813.840027,-0.942260981,0.239056468,-0.230746314,-0.0418620296
5098,0,54b24045-e039-40ee-9ba6-824dbdc42f9e,StartingBlock,509.828125,5940.69971,1,43,43,53,7,0,0,1020.22003,260.890564,818.151062,-0.942263544,0.239059597,-0.2307394,-0.04182427
5099,0,54b24045-e039-40ee-9ba6-824dbdc42f9e,StartingBlock,509.928223,5940.7998,1,43,43,53,7,0,0,1021.0835,255.416183,822.444214,-0.942266941,0.239041239,-0.230745494,-0.0418199189
5100,0,54b24045-e039-40ee-9ba6-824dbdc42f9e,StartingBlock,510.02832,5940.8999,1,43,43,53,7,0,0,1021.92444,249.922882,826.719177,-0.942272067,0.239029944,-0.230736926,-0.0418147333
5101,0,54b24045-e039-40ee-9ba6-824dbdc42f9e,StartingBlock,510.128418,5941,1,43,43,53,7,0,0,1022.74292,244.410767,830.976013,-0.942285597,0.2389929,-0.230720848,-0.0418118164
5102,0,54b24045-e039-40ee-9ba6-824dbdc42f9e,StartingBlock,510.228516,5941.1001,1,43,43,53,7,0,0,1023.53882,238.880035,835.214478,-0.942284048,0.239004031,-0.230711609,-0.0418330319
5103,0,54b24045-e039-40ee-9ba6-824dbdc42f9e,StartingBlock,510.328125,5941.19971,1,43,43,53,7,0,0,1024.31226,233.33078,839.43457,-0.942285895,0.239029557,-0.230683804,-0.0417999364
5104,0,54b24045-e039-40ee-9ba6-824dbdc42f9e,StartingBlock,510.428223,5941.2998,1,43,43,53,7,0,0,1025.06299,227.763107,843.636108,-0.942273378,0.239053428,-0.230692402,-0.041897729
5105,0,54b24045-e039-40ee-9ba6-824dbdc42f9e,StartingBlock,510.52832,5941.3999,1,43,43,53,7,0,0,1025.79102,222.177063,847.819092,-0.942282438,0.239005268,-0.230704114,-0.0419046395
5106,0,54b24045-e039-40ee-9ba6-824dbdc42f9e,StartingBlock,510.628418,5941.5,1,43,43,53,7,0,0,1026.49646,216.572815,851.983337,-0.942288935,0.238981977,-0.230701134,-0.0419071242
5107,0,54b24045-e039-40ee-9ba6-824dbdc42f9e,StartingBlock,510.728516,5941.6001,1,43,43,53,7,0,0,1027.17932,210.950516,856.128845,-0.942299306,0.238985479,-0.230657965,-0.0418920256
5108,0,54b24045-e039-40ee-9ba6-824dbdc42f9e,StartingBlock,510.828125,5941.69971,1,43,43,53,7,0,0,1027.83948,205.310211,860.255371,-0.942303956,0.238972247,-0.230654821,-0.0418802984
5109,0,54b24045-e039-40ee-9ba6-824dbdc42f9e,StartingBlock,510.928223,5941.7998,1,43,43,53,7,0,0,1028.47681,199.652084,864.362854,-0.942301929,0.23897098,-0.230663344,-0.0418872163
5110,0,54b24045-e039-40ee-9ba6-824dbdc42f9e,StartingBlock,511.02832,5941.8999,1,43,43,53,7,0,0,1029.09155,193.976212,868.451355,-0.942308247,0.238942564,-0.230671778,-0.0418603122
5111,0,54b24045-e039-40ee-9ba6-824dbdc42f9e,StartingBlock,511.128418,5942,1,43,43,53,7,0,0,1029.68347,188.282776,872.52063,-0.94229871,0.238981918,-0.230668053,-0.0418703593
5112,0,54b24045-e039-40ee-9ba6-824dbdc42f9e,StartingBlock,511.228516,5942.1001,1,43,43,53,7,0,0,1030.25244,182.571793,876.570618,-0.942307413,0.238994405,-0.230627149,-0.0418267772
5113,0,54b24045-e039-40ee-9ba6-824dbdc42f9e,StartingBlock,511.328125,5942.19971,1,43,43,53,7,0,0,1030.79871,176.843491,880.601257,-0.942299366,0.238998219,-0.230652422,-0.0418477841
5114,0,54b24045-e039-40ee-9ba6-824dbdc42f9e,StartingBlock,511.428223,5942.2998,1,43,43,53,7,0,0,1031.32214,171.09787,884.612244,-0.942299724,0.238985822,-0.230660528,-0.0418668948
5115,0,54b24045-e039-40ee-9ba6-824dbdc42f9e,StartingBlock,511.52832,5942.3999,1,43,43,53,7,0,0,1031.82263,165.335114,888.603699,-0.942303777,0.238960609,-0.230665192,-0.0418918505
5116,0,54b24045-e039-40ee-9ba6-824dbdc42f9e,StartingBlock,511.628418,5942.5,1,43,43,53,7,0,0,1032.30029,159.555313,892.5755,-0.942328513,0.238922179,-0.230625719,-0.0417739153
5117,0,54b24045-e039-40ee-9ba6-824dbdc42f9e,StartingBlock,511.728516,5942.6001,1,43,43,53,7,0,0,1032.75513,153.758698,896.527527,-0.942318738,0.238972366,-0.230610132,-0.0417910777
5118,0,54b24045-e039-40ee-9ba6-824dbdc42f9e,StartingBlock,511.828125,5942.69971,1,43,43,53,7,0,0,1033.18713,147.945251,900.459534,-0.942323744,0.238973349,-0.230592608,-0.041771736
5119,0,54b24045-e039-40ee-9ba6-824dbdc42f9e,StartingBlock,511.928223,5942.7998,1,43,43,53,7,0,0,1033.59607,142.115158,904.371704,-0.942330003,0.23894769,-0.230590537,-0.0417890884
5120,0,54b24045-e039-40ee-9ba6-824dbdc42f9e,StartingBlock,512.02832,5942.8999,1,43,43,53,7,0,0,1033.98206,136.268524,908.263794,-0.942330122,0.23893483,-0.230606377,-0.0417705253
5121,0,54b24045-e039-40ee-9ba6-824dbdc42f9e,StartingBlock,512.128418,5943,1,43,43,53,7,0,0,1034.34509,130.405472,912.135681,-0.942327142,0.238935813,-0.230616391,-0.0417767949
5122,0,54b24045-e039-40ee-9ba6-824dbdc42f9e,StartingBlock,512.228516,5943.1001,1,43,43,53,7,0,0,1034.68518,124.526146,915.987244,-0.942336082,0.238943562,-0.230577573,-0.0417471528
5123,0,54b24045-e039-40ee-9ba6-824dbdc42f9e,StartingBlock,512.328125,5943.19971,1,43,43,53,7,0,0,1035.00208,118.630638,919.818481,-0.94232291,0.238953635,-0.230612129,-0.0417950377
5124,0,54b24045-e039-40ee-9ba6-824dbdc42f9e,StartingBlock,512.428223,5943.2998,1,43,43,53,7,0,0,1035.29614,112.719055,923.629333,-0.942335844,0.238913894,-0.230606735,-0.0417599753
5125,0,54b24045-e039-40ee-9ba6-824dbdc42f9e,StartingBlock,512.52832,5943.3999,1,43,43,53,7,0,0,1035.56702,106.791588,927.419495,-0.942337275,0.238901794,-0.230607048,-0.0417951792
5126,0,54b24045-e039-40ee-9ba6-824dbdc42f9e,StartingBlock,512.628418,5943.5,1,43,43,53,7,0,0,1035.81482,100.848312,931.189087,-0.942330837,0.238912657,-0.230615333,-0.0418319777
5127,0,54b24045-e039-40ee-9ba6-824dbdc42f9e,StartingBlock,512.728516,5943.6001,1,43,43,53,7,0,0,1036.03955,94.8893661,934.937866,-0.942335844,0.238919586,-0.230593696,-0.0417978317
5128,0,54b24045-e039-40ee-9ba6-824dbdc42f9e,StartingBlock,512.828125,5943.69971,1,43,43,53,7,0,0,1036.24109,88.9148254,938.665894,-0.94234401,0.238898039,-0.230580732,-0.0418104939
5129,0,54b24045-e039-40ee-9ba6-824dbdc42f9e,StartingBlock,512.928223,5943.7998,1,43,43,53,7,0,0,1036.41956,82.9248962,942.372925,-0.94234544,0.238898844,-0.230578423,-0.0417864658
5130,0,54b24045-e039-40ee-9ba6-824dbdc42f9e,StartingBlock,513.02832,5943.8999,1,43,43,53,7,0,0,1036.57495,76.9196548,946.05896,-0.942348361,0.23891592,-0.230552077,-0.041767735
5131,0,54b24045-e039-40ee-9ba6-824dbdc42f9e,StartingBlock,513.128418,5944,1,43,43,53,7,0,0,1036.70703,70.8992538,949.723816,-0.942345381,0.238909855,-0.230557457,-0.0418412872
5132,0,54b24045-e039-40ee-9ba6-824dbdc42f9e,StartingBlock,513.228516,5944.1001,1,43,43,53,7,0,0,1036.81592,64.8637772,953.367554,-0.94233495,0.238924056,-0.230583563,-0.041850239
5133,0,54b24045-e039-40ee-9ba6-824dbdc42f9e,StartingBlock,513.328125,5944.19971,1,43,43,53,7,0,0,1036.90161,58.8133545,956.989868,-0.94234556,0.238896877,-0.230575323,-0.041812662
5134,0,54b24045-e039-40ee-9ba6-824dbdc42f9e,StartingBlock,513.428223,5944.2998,1,43,43,53,7,0,0,1036.96423,52.7481918,960.590759,-0.942337036,0.238943145,-0.230568781,-0.0417751446
5135,0,54b24045-e039-40ee-9ba6-824dbdc42f9e,StartingBlock,513.52832,5944.3999,1,43,43,53,7,0,0,1037.00354,46.668293,964.170166,-0.942348182,0.238877013,-0.23059617,-0.0417501815
5136,0,54b24045-e039-40ee-9ba6-824dbdc42f9e,StartingBlock,513.628418,5944.5,1,43,43,53,7,0,0,1037.01953,40.5739365,967.728027,-0.942333996,0.238905698,-0.230607927,-0.0418424495
5137,0,54b24045-e039-40ee-9ba6-824dbdc42f9e,StartingBlock,513.728516,5944.6001,1,43,43,53,7,0,0,1037.01233,34.4651222,971.26416,-0.942333996,0.23891902,-0.230593726,-0.0418457128
5138,0,54b24045-e039-40ee-9ba6-824dbdc42f9e,StartingBlock,513.828125,5944.69971,1,43,43,53,7,0,0,1036.98181,28.3419952,974.778503,-0.942347407,0.238885179,-0.230581358,-0.0418048091
5139,0,54b24045-e039-40ee-9ba6-824dbdc42f9e,StartingBlock,513.928223,5944.7998,1,43,43,53,7,0,0,1036.9281,22.2047215,978.270935,-0.942351937,0.238880187,-0.230561897,-0.0418366902
5140,0,54b24045-e039-40ee-9ba6-824dbdc42f9e,StartingBlock,514.02832,5944.8999,1,43,43,53,7,0,0,1036.85095,16.0534534,981.741455,-0.94235146,0.23890233,-0.230543017,-0.0418259054
5141,0,54b24045-e039-40ee-9ba6-824dbdc42f9e,StartingBlock,514.128418,5945,1,43,43,53,7,0,0,1036.75073,9.88824272,985.18988,-0.942369819,0.238866925,-0.230510458,-0.0417943224
5142,0,54b24045-e039-40ee-9ba6-824dbdc42f9e,StartingBlock,514.228516,5945.1001,1,43,43,53,7,0,0,1036.62708,3.70929646,988.616211,-0.942373991,0.238868281,-0.230490804,-0.041800499
5143,0,54b24045-e039-40ee-9ba6-824dbdc42f9e,StartingBlock,514.328125,5945.19971,1,43,43,53,7,0,0,1036.47998,-2.48322582,992.020264,-0.942346692,0.238939434,-0.23051782,-0.0418603607
5144,0,54b24045-e039-40ee-9ba6-824dbdc42f9e,StartingBlock,514.428223,5945.2998,1,43,43,53,7,0,0,1036.30969,-8.68933868,995.401978,-0.942350984,0.238907948,-0.230536789,-0.0418380089
5145,0,54b24045-e039-40ee-9ba6-824dbdc42f9e,StartingBlock,514.52832,5945.3999,1,43,43,53,7,0,0,1036.11597,-14.908844,998.76123,-0.94235462,0.238883361,-0.23055236,-0.0418118984
5146,0,54b24045-e039-40ee-9ba6-824dbdc42f9e,StartingBlock,514.628418,5945.5,1,43,43,53,7,0,0,1035.89893,-21.1415749,1002.09796,-0.942361236,0.238875866,-0.230538815,-0.0417786092
5147,0,54b24045-e039-40ee-9ba6-824dbdc42f9e,StartingBlock,514.728516,5945.6001,1,43,43,53,7,0,0,1035.65857,-27.3873901,1005.41211,-0.942359686,0.238890186,-0.230521485,-0.0418285802
5148,0,54b24045-e039-40ee-9ba6-824dbdc42f9e,StartingBlock,514.828125,5945.69971,1,43,43,53,7,0,0,1035.39465,-33.6462135,1008.70361,-0.942365944,0.238879353,-0.230509698,-0.0418149494
5149,0,54b24045-e039-40ee-9ba6-824dbdc42f9e,StartingBlock,514.928223,5945.7998,1,43,43,53,7,0,0,1035.10742,-39.9178848,1011.97223,-0.942375183,0.238853142,-0.230502054,-0.0417976975
5150,0,54b24045-e039-40ee-9ba6-824dbdc42f9e,StartingBlock,515.02832,5945.8999,1,43,43,53,7,0,0,1034.79675,-46.2022324,1015.21808,-0.942367375,0.238873571,-0.230506107,-0.0418329835
5151,0,54b24045-e039-40ee-9ba6-824dbdc42f9e,StartingBlock,515.128418,5946,1,43,43,53,7,0,0,1034.46277,-52.4992104,1018.44092,-0.942377865,0.238849565,-0.230495706,-0.0417930596
5152,0,54b24045-e039-40ee-9ba6-824dbdc42f9e,StartingBlock,515.228516,5946.1001,1,43,43,53,7,0,0,1034.10522,-58.8086052,1021.64069,-0.942375064,0.238870606,-0.23047857,-0.0418314338
5153,0,54b24045-e039-40ee-9ba6-824dbdc42f9e,StartingBlock,515.328125,5946.19971,1,43,43,53,7,0,0,1033.72424,-65.1303177,1024.81738,-0.942381859,0.238861591,-0.230463415,-0.0418114178
5154,0,54b24045-e039-40ee-9ba6-824dbdc42f9e,StartingBlock,515.428223,5946.2998,1,43,43,53,7,0,0,1033.31995,-71.46418,1027.9707,-0.942379296,0.238890246,-0.230444089,-0.0418133661
5155,0,54b24045-e039-40ee-9ba6-824dbdc42f9e,StartingBlock,515.52832,5946.3999,1,43,43,53,7,0,0,1032.89221,-77.8101196,1031.10083,-0.942370892,0.238896087,-0.230469614,-0.0418284535
5156,0,54b24045-e039-40ee-9ba6-824dbdc42f9e,StartingBlock,515.628418,5946.5,1,43,43,53,7,0,0,1032.44092,-84.1679535,1034.20752,-0.942377269,0.238890201,-0.230451703,-0.0418174714
5157,0,54b24045-e039-40ee-9ba6-824dbdc42f9e,StartingBlock,515.728516,5946.6001,1,43,43,53,7,0,0,1031.96631,-90.5375824,1037.29077,-0.94237262,0.238886058,-0.230474919,-0.0418158285
5158,0,54b24045-e039-40ee-9ba6-824dbdc42f9e,StartingBlock,515.828125,5946.69971,1,43,43,53,7,0,0,1031.46814,-96.918808,1040.35046,-0.942367554,0.238883272,-0.230491236,-0.0418564305
5159,0,54b24045-e039-40ee-9ba6-824dbdc42f9e,StartingBlock,515.928223,5946.7998,1,43,43,53,7,0,0,1030.94653,-103.311592,1043.38647,-0.942381859,0.238837913,-0.230487615,-0.0418125503
5160,0,54b24045-e039-40ee-9ba6-824dbdc42f9e,StartingBlock,516.02832,5946.8999,1,43,43,53,7,0,0,1030.40137,-109.715698,1046.3988,-0.942377567,0.238819584,-0.230516285,-0.0418571793
5161,0,54b24045-e039-40ee-9ba6-824dbdc42f9e,StartingBlock,516.128418,5947,1,43,43,53,7,0,0,1029.83264,-116.131035,1049.38721,-0.9423756,0.23881568,-0.230523989,-0.0418802053
5162,0,54b24045-e039-40ee-9ba6-824dbdc42f9e,StartingBlock,516.228516,5947.1001,1,43,43,53,7,0,0,1029.2406,-122.557449,1052.35168,-0.942390919,0.238796875,-0.230481908,-0.0418767072
5163,0,54b24045-e039-40ee-9ba6-824dbdc42f9e,StartingBlock,516.328125,5947.19971,1,43,43,53,7,0,0,1028.625,-128.994812,1055.29224,-0.942388475,0.238827929,-0.230472326,-0.0418062843
5164,0,54b24045-e039-40ee-9ba6-824dbdc42f9e,StartingBlock,516.428223,5947.2998,1,43,43,53,7,0,0,1027.98584,-135.442978,1058.20862,-0.942394495,0.238802984,-0.230471298,-0.0418193899
5165,0,54b24045-e039-40ee-9ba6-824dbdc42f9e,StartingBlock,516.52832,5947.3999,1,43,43,53,7,0,0,1027.32324,-141.901794,1061.10083,-0.942397177,0.238795206,-0.230466872,-0.0418276861
5166,0,54b24045-e039-40ee-9ba6-824dbdc42f9e,StartingBlock,516.628418,5947.5,1,43,43,53,7,0,0,1026.63721,-148.37117,1063.96863,-0.94240135,0.238802284,-0.230452552,-0.0417714864
5167,0,54b24045-e039-40ee-9ba6-824dbdc42f9e,StartingBlock,516.728516,5947.6001,1,43,43,53,7,0,0,1025.92749,-154.850906,1066.81226,-0.942393243,0.238794416,-0.23047778,-0.0418583564
5168,0,54b24045-e039-40ee-9ba6-824dbdc42f9e,StartingBlock,516.828125,5947.69971,1,43,43,53,7,0,0,1025.19434,-161.340866,1069.63123,-0.942375243,0.238898516,-0.230454028,-0.04180279
5169,0,54b24045-e039-40ee-9ba6-824dbdc42f9e,StartingBlock,516.928223,5947.7998,1,43,43,53,7,0,0,1024.43774,-167.840988,1072.4259,-0.942393839,0.238826573,-0.230453759,-0.041794844
5170,0,54b24045-e039-40ee-9ba6-824dbdc42f9e,StartingBlock,517.02832,5947.8999,1,43,43,53,7,0,0,1023.65759,-174.351044,1075.19592,-0.942392468,0.238834664,-0.230441839,-0.0418444946
5171,0,54b24045-e039-40ee-9ba6-824dbdc42f9e,StartingBlock,517.128418,5948,1,43,43,53,7,0,0,1022.854,-180.870926,1077.94116,-0.942385137,0.238851145,-0.230459124,-0.0418202952
5172,0,54b24045-e039-40ee-9ba6-824dbdc42f9e,StartingBlock,517.228516,5948.1001,1,43,43,53,7,0,0,1022.02679,-187.400528,1080.66187,-0.942387998,0.238821477,-0.230476126,-0.0418314636
5173,0,54b24045-e039-40ee-9ba6-824dbdc42f9e,StartingBlock,517.328125,5948.19971,1,43,43,53,7,0,0,1021.17621,-193.939697,1083.35754,-0.942412615,0.238747329,-0.230453476,-0.0418270268
5174,0,54b24045-e039-40ee-9ba6-824dbdc42f9e,StartingBlock,517.428223,5948.2998,1,43,43,53,7,0,0,1020.302,-200.48819,1086.02844,-0.942405999,0.23879309,-0.230434135,-0.041820243
5175,0,54b24045-e039-40ee-9ba6-824dbdc42f9e,StartingBlock,517.52832,5948.3999,1,43,43,53,7,0,0,1019.4043,-207.045898,1088.67407,-0.942397296,0.238831788,-0.230432674,-0.041804105
5176,0,54b24045-e039-40ee-9ba6-824dbdc42f9e,StartingBlock,517.628418,5948.5,1,43,43,53,7,0,0,1018.48309,-213.612762,1091.2948,-0.94239527,0.238824174,-0.230451778,-0.0417864174
5177,0,54b24045-e039-40ee-9ba6-824dbdc42f9e,StartingBlock,517.728516,5948.6001,1,43,43,53,7,0,0,1017.53845,-220.188599,1093.89038,-0.942400455,0.238803789,-0.230443403,-0.0418329947
5178,0,54b24045-e039-40ee-9ba6-824dbdc42f9e,StartingBlock,517.828125,5948.69971,1,43,43,53,7,0,0,1016.57025,-226.773239,1096.46057,-0.942409277,0.23877126,-0.230436847,-0.0418554582
5179,0,54b24045-e039-40ee-9ba6-824dbdc42f9e,StartingBlock,517.928223,5948.7998,1,43,43,53,7,0,0,1015.57855,-233.366516,1099.00562,-0.942401707,0.238830119,-0.230415717,-0.0418071784
5180,0,54b24045-e039-40ee-9ba6-824dbdc42f9e,StartingBlock,518.02832,5948.8999,1,43,43,53,7,0,0,1014.56335,-239.968369,1101.52515,-0.942407846,0.238775522,-0.230437055,-0.0418623127
5181,0,54b24045-e039-40ee-9ba6-824dbdc42f9e,StartingBlock,518.128418,5949,1,43,43,53,7,0,0,1013.52466,-246.578598,1104.01917,-0.942404389,0.238792807,-0.230443686,-0.0418068133
5182,0,54b24045-e039-40ee-9ba6-824dbdc42f9e,StartingBlock,518.228516,5949.1001,1,43,43,53,7,0,0,1012.46252,-253.197021,1106.48755,-0.942404389,0.238791898,-0.23044309,-0.0418151543
5183,0,54b24045-e039-40ee-9ba6-824dbdc42f9e,StartingBlock,518.328125,5949.19971,1,43,43,53,7,0,0,1011.37689,-259.823608,1108.93054,-0.942416728,0.238731101,-0.23045662,-0.0418084413
5184,0,54b24045-e039-40ee-9ba6-824dbdc42f9e,StartingBlock,518.428223,5949.2998,1,43,43,53,7,0,0,1010.26776,-266.458069,1111.34753,-0.942408562,0.238778874,-0.230432644,-0.0418526419
5185,0,54b24045-e039-40ee-9ba6-824dbdc42f9e,StartingBlock,518.52832,5949.3999,1,43,43,53,7,0,0,1009.13513,-273.100372,1113.73877,-0.942398965,0.238812551,-0.230435938,-0.0418583415
5186,0,54b24045-e039-40ee-9ba6-824dbdc42f9e,StartingBlock,518.628418,5949.5,1,43,43,53,7,0,0,1007.979,-279.750336,1116.104,-0.942406476,0.238796234,-0.230437234,-0.0417749994
5187,0,54b24045-e039-40ee-9ba6-824dbdc42f9e,StartingBlock,518.728516,5949.6001,1,43,43,53,7,0,0,1006.79938,-286.407806,1118.44348,-0.942408264,0.23876141,-0.230457932,-0.0418187901
5188,0,54b24045-e039-40ee-9ba6-824dbdc42f9e,StartingBlock,518.828125,5949.69971,1,43,43,53,7,0,0,1005.59637,-293.072601,1120.75684,-0.942408919,0.238739312,-0.230475202,-0.0418361574
5189,0,54b24045-e039-40ee-9ba6-824dbdc42f9e,StartingBlock,518.928223,5949.7998,1,43,43,53,7,0,0,1004.36993,-299.744598,1123.04407,-0.942410529,0.238765493,-0.230443403,-0.041823823
5190,0,54b24045-e039-40ee-9ba6-824dbdc42f9e,StartingBlock,519.02832,5949.8999,1,43,43,53,7,0,0,1003.12,-306.423645,1125.30518,-0.942408442,0.238789603,-0.230429232,-0.0418133475
5191,0,54b24045-e039-40ee-9ba6-824dbdc42f9e,StartingBlock,519.128418,5950,1,43,43,53,7,0,0,1001.84662,-313.109619,1127.53992,-0.942409277,0.238789767,-0.230422765,-0.0418284908
5192,0,54b24045-e039-40ee-9ba6-824dbdc42f9e,StartingBlock,519.228516,5950.1001,1,43,43,53,7,0,0,1000.54987,-319.802368,1129.74829,-0.942408323,0.238796294,-0.230421111,-0.0418211147
5193,0,54b24045-e039-40ee-9ba6-824dbdc42f9e,StartingBlock,519.328125,5950.19971,1,43,43,53,7,0,0,999.229675,-326.501678,1131.93018,-0.942409694,0.238797516,-0.230413377,-0.041826915
5194,0,54b24045-e039-40ee-9ba6-824dbdc42f9e,StartingBlock,519.428223,5950.2998,1,43,43,53,7,0,0,997.886108,-333.207489,1134.08569,-0.942407548,0.238820761,-0.230391383,-0.0418626927
5195,0,54b24045-e039-40ee-9ba6-824dbdc42f9e,StartingBlock,519.52832,5950.3999,1,43,43,53,7,0,0,996.519165,-339.919586,1136.21448,-0.94242537,0.238766819,-0.230371177,-0.0418801345
5196,0,54b24045-e039-40ee-9ba6-824dbdc42f9e,StartingBlock,519.628418,5950.5,1,43,43,53,7,0,0,995.128784,-346.637817,1138.31677,-0.942416549,0.2388165,-0.23035337,-0.0418939032
5197,0,54b24045-e039-40ee-9ba6-824dbdc42f9e,StartingBlock,519.728516,5950.6001,1,43,43,53,7,0,0,993.715027,-353.362061,1140.39221,-0.942422688,0.238831267,-0.230324641,-0.0418306217
5198,0,54b24045-e039-40ee-9ba6-824dbdc42f9e,StartingBlock,519.828125,5950.69971,1,43,43,53,7,0,0,992.277954,-360.092133,1142.44092,-0.942425907,0.238838583,-0.230301589,-0.0418415554
5199,0,54b24045-e039-40ee-9ba6-824dbdc42f9e,StartingBlock,519.928223,5950.7998,1,43,43,53,7,0,0,990.817505,-366.827942,1144.46277,-0.942424595,0.238843769,-0.230304018,-0.0418299213
5200,0,54b24045-e039-40ee-9ba6-824dbdc42f9e,StartingBlock,520.02832,5950.8999,1,43,43,53,7,0,0,989.333679,-373.569336,1146.45776,-0.942440927,0.238778532,-0.230299741,-0.0418571047
5201,0,54b24045-e039-40ee-9ba6-824dbdc42f9e,StartingBlock,520.128418,5951,1,43,43,53,7,0,0,987.826538,-380.316071,1148.42554,-0.942445219,0.23878181,-0.23027809,-0.0418605208
5202,0,54b24045-e039-40ee-9ba6-824dbdc42f9e,StartingBlock,520.228516,5951.1001,1,43,43,53,7,0,0,986.296143,-387.067993,1150.36633,-0.94243443,0.238809317,-0.23029086,-0.041877564
5203,0,54b24045-e039-40ee-9ba6-824dbdc42f9e,StartingBlock,520.328125,5951.19971,1,43,43,53,7,0,0,984.74231,-393.825043,1152.27991,-0.942416489,0.238874108,-0.230295867,-0.0418842286
5204,0,54b24045-e039-40ee-9ba6-824dbdc42f9e,StartingBlock,520.428223,5951.2998,1,43,43,53,7,0,0,983.165283,-400.586975,1154.16626,-0.942433476,0.238828525,-0.230273515,-0.0418845527
5205,0,54b24045-e039-40ee-9ba6-824dbdc42f9e,StartingBlock,520.52832,5951.3999,1,43,43,53,7,0,0,981.565002,-407.353668,1156.02539,-0.94243449,0.238815874,-0.230285197,-0.041869022
5206,0,54b24045-e039-40ee-9ba6-824dbdc42f9e,StartingBlock,520.628418,5951.5,1,43,43,53,7,0,0,979.941528,-414.124969,1157.85706,-0.942427933,0.238836408,-0.23028104,-0.0419208072
5207,0,54b24045-e039-40ee-9ba6-824dbdc42f9e,StartingBlock,520.728516,5951.6001,1,43,43,53,7,0,0,978.294617,-420.900726,1159.66125,-0.942433536,0.238808617,-0.230286062,-0.0419275984
5208,0,54b24045-e039-40ee-9ba6-824dbdc42f9e,StartingBlock,520.828125,5951.69971,1,43,43,53,7,0,0,976.624634,-427.680786,1161.43787,-0.942421257,0.238874704,-0.230275869,-0.0418825559
5209,0,54b24045-e039-40ee-9ba6-824dbdc42f9e,StartingBlock,520.928223,5951.7998,1,43,43,53,7,0,0,974.931396,-434.464996,1163.18701,-0.942419827,0.238884106,-0.230270341,-0.0418912917
5210,0,54b24045-e039-40ee-9ba6-824dbdc42f9e,StartingBlock,521.02832,5951.8999,1,43,43,53,7,0,0,973.214966,-441.253204,1164.90845,-0.942415178,0.238892868,-0.230278596,-0.0418990217
5211,0,54b24045-e039-40ee-9ba6-824dbdc42f9e,StartingBlock,521.128418,5952,1,43,43,53,7,0,0,971.475342,-448.045227,1166.60217,-0.942421734,0.238858089,-0.230293602,-0.0418671183
5212,0,54b24045-e039-40ee-9ba6-824dbdc42f9e,StartingBlock,521.228516,5952.1001,1,43,43,53,7,0,0,969.712585,-454.840942,1168.26807,-0.942419887,0.238866612,-0.230292886,-0.0418657213
5213,0,54b24045-e039-40ee-9ba6-824dbdc42f9e,StartingBlock,521.328125,5952.19971,1,43,43,53,7,0,0,967.926636,-461.640167,1169.90601,-0.94241631,0.238892585,-0.230272323,-0.0419110805
5214,0,54b24045-e039-40ee-9ba6-824dbdc42f9e,StartingBlock,521.428223,5952.2998,1,43,43,53,7,0,0,966.117554,-468.44278,1171.51611,-0.942435145,0.238811955,-0.230273128,-0.041941639
5215,0,54b24045-e039-40ee-9ba6-824dbdc42f9e,StartingBlock,521.52832,5952.3999,1,43,43,53,7,0,0,964.285461,-475.248535,1173.09814,-0.942427635,0.238840327,-0.230281085,-0.0419060551
5216,0,54b24045-e039-40ee-9ba6-824dbdc42f9e,StartingBlock,521.628418,5952.5,1,43,43,53,7,0,0,962.430237,-482.057343,1174.65222,-0.942421079,0.238896847,-0.230253056,-0.0418860428
5217,0,54b24045-e039-40ee-9ba6-824dbdc42f9e,StartingBlock,521.728516,5952.6001,1,43,43,53,7,0,0,960.551941,-488.868988,1176.17798,-0.942424595,0.238919228,-0.230211332,-0.0419069678
5218,0,54b24045-e039-40ee-9ba6-824dbdc42f9e,StartingBlock,521.828125,5952.69971,1,43,43,53,7,0,0,958.650635,-495.683441,1177.67566,-0.942425072,0.238927528,-0.230206594,-0.0418766998
5219,0,54b24045-e039-40ee-9ba6-824dbdc42f9e,StartingBlock,521.928223,5952.7998,1,43,43,53,7,0,0,956.726318,-502.500397,1179.14526,-0.942438364,0.238901004,-0.230173364,-0.0419101492
5220,0,54b24045-e039-40ee-9ba6-824dbdc42f9e,StartingBlock,522.02832,5952.8999,1,43,43,53,7,0,0,954.778931,-509.319763,1180.5863,-0.942448258,0.238891333,-0.230145872,-0.0418945737
5221,0,54b24045-e039-40ee-9ba6-824dbdc42f9e,StartingBlock,522.128418,5953,1,43,43,53,7,0,0,952.808594,-516.141296,1181.99902,-0.942457378,0.238846064,-0.230154008,-0.0419015288
5222,0,54b24045-e039-40ee-9ba6-824dbdc42f9e,StartingBlock,522.228516,5953.1001,1,43,43,53,7,0,0,950.815369,-522.964905,1183.3833,-0.942448974,0.238935784,-0.230103031,-0.0418597981
5223,0,54b24045-e039-40ee-9ba6-824dbdc42f9e,StartingBlock,522.328125,5953.19971,1,43,43,53,7,0,0,948.799194,-529.790588,1184.73901,-0.942458272,0.238855526,-0.230132893,-0.04194526
5224,0,54b24045-e039-40ee-9ba6-824dbdc42f9e,StartingBlock,522.428223,5953.2998,1,43,43,53,7,0,0,946.760132,-536.617798,1186.06616,-0.94246465,0.238855869,-0.230119213,-0.0418732688
5225,0,54b24045-e039-40ee-9ba6-824dbdc42f9e,StartingBlock,522.52832,5953.3999,1,43,43,53,7,0,0,944.69812,-543.446655,1187.36462,-0.942447901,0.238943696,-0.230095148,-0.0418831408
5226,0,54b24045-e039-40ee-9ba6-824dbdc42f9e,StartingBlock,522.628418,5953.5,1,43,43,53,7,0,0,942.613342,-550.276978,1188.6344,-0.942448556,0.238950878,-0.230085239,-0.0418813974
5227,0,54b24045-e039-40ee-9ba6-824dbdc42f9e,StartingBlock,522.728516,5953.6001,1,43,43,53,7,0,0,940.505615,-557.108521,1189.87549,-0.942441821,0.23895815,-0.230106443,-0.0418748967
5228,0,54b24045-e039-40ee-9ba6-824dbdc42f9e,StartingBlock,522.828125,5953.69971,1,43,43,53,7,0,0,938.375244,-563.941223,1191.08765,-0.942436039,0.238960788,-0.230126068,-0.0418815389
5229,0,54b24045-e039-40ee-9ba6-824dbdc42f9e,StartingBlock,522.928223,5953.7998,1,43,43,53,7,0,0,936.221985,-570.774719,1192.27087,-0.942417681,0.239023194,-0.230141506,-0.0418541357
5230,0,54b24045-e039-40ee-9ba6-824dbdc42f9e,StartingBlock,523.02832,5953.8999,1,43,43,53,7,0,0,934.045959,-577.608948,1193.42517,-0.942427516,0.239002794,-0.230120569,-0.0418642573
5231,0,54b24045-e039-40ee-9ba6-824dbdc42f9e,StartingBlock,523.128418,5954,1,43,43,53,7,0,0,931.84729,-584.44397,1194.55054,-0.942435026,0.239013687,-0.230079636,-0.0418585874
5232,0,54b24045-e039-40ee-9ba6-824dbdc42f9e,StartingBlock,523.228516,5954.1001,1,43,43,53,7,0,0,929.625977,-591.279297,1195.64673,-0.942438781,0.238986462,-0.230090529,-0.0418684594
5233,0,54b24045-e039-40ee-9ba6-824dbdc42f9e,StartingBlock,523.328125,5954.19971,1,43,43,53,7,0,0,927.381958,-598.114868,1196.71375,-0.942437887,0.238941059,-0.230129808,-0.0419327207
5234,0,54b24045-e039-40ee-9ba6-824dbdc42f9e,StartingBlock,523.428223,5954.2998,1,43,43,53,7,0,0,925.115295,-604.9505,1197.75159,-0.942415416,0.239031434,-0.230131716,-0.0419116654
5235,0,54b24045-e039-40ee-9ba6-824dbdc42f9e,StartingBlock,523.52832,5954.3999,1,43,43,53,7,0,0,922.825928,-611.786133,1198.76013,-0.942418456,0.239036366,-0.23011741,-0.0418943837
5236,0,54b24045-e039-40ee-9ba6-824dbdc42f9e,StartingBlock,523.628418,5954.5,1,43,43,53,7,0,0,920.514099,-618.621521,1199.73938,-0.942414045,0.239040032,-0.230127528,-0.0419168584
5237,0,54b24045-e039-40ee-9ba6-824dbdc42f9e,StartingBlock,523.728516,5954.6001,1,43,43,53,7,0,0,918.179749,-625.456482,1200.68933,-0.942405581,0.239089519,-0.230111629,-0.041911453
5238,0,54b24045-e039-40ee-9ba6-824dbdc42f9e,StartingBlock,523.828125,5954.69971,1,43,43,53,7,0,0,915.822876,-632.290955,1201.60999,-0.942431569,0.238996118,-0.230100945,-0.0419176742
5239,0,54b24045-e039-40ee-9ba6-824dbdc42f9e,StartingBlock,523.928223,5954.7998,1,43,43,53,7,0,0,913.443481,-639.124512,1202.5011,-0.942423761,0.239038974,-0.230091602,-0.0419015586
5240,0,54b24045-e039-40ee-9ba6-824dbdc42f9e,StartingBlock,524.02832,5954.8999,1,43,43,53,7,0,0,911.041687,-645.957214,1203.36255,-0.942424893,0.239038199,-0.230079263,-0.0419480279
5241,0,54b24045-e039-40ee-9ba6-824dbdc42f9e,StartingBlock,524.128418,5955,1,43,43,53,7,0,0,908.617432,-652.788879,1204.19446,-0.942421377,0.239035651,-0.230094612,-0.0419567712
5242,0,54b24045-e039-40ee-9ba6-824dbdc42f9e,StartingBlock,524.228516,5955.1001,1,43,43,53,7,0,0,906.170837,-659.619324,1204.9967,-0.9424209,0.239097655,-0.23003611,-0.0419369116
5243,0,54b24045-e039-40ee-9ba6-824dbdc42f9e,StartingBlock,524.328125,5955.19971,1,43,43,53,7,0,0,903.701904,-666.448303,1205.76929,-0.942420661,0.239081889,-0.230052561,-0.041941151
5244,0,54b24045-e039-40ee-9ba6-824dbdc42f9e,StartingBlock,524.428223,5955.2998,1,43,43,53,7,0,0,901.210632,-673.275696,1206.51208,-0.942414999,0.239058942,-0.230095997,-0.0419605449
5245,0,54b24045-e039-40ee-9ba6-824dbdc42f9e,StartingBlock,524.52832,5955.3999,1,43,43,53,7,0,0,898.697083,-680.101379,1207.2251,-0.942431509,0.239003435,-0.230081066,-0.0419884101
5246,0,54b24045-e039-40ee-9ba6-824dbdc42f9e,StartingBlock,524.628418,5955.5,1,43,43,53,7,0,0,896.161255,-686.925049,1207.9082,-0.942428231,0.23901248,-0.230085239,-0.0419858061
5247,0,54b24045-e039-40ee-9ba6-824dbdc42f9e,StartingBlock,524.728516,5955.6001,1,43,43,53,7,0,0,893.603271,-693.746643,1208.5614,-0.942420125,0.23905541,-0.230069563,-0.0420086756
5248,0,54b24045-e039-40ee-9ba6-824dbdc42f9e,StartingBlock,524.828125,5955.69971,1,43,43,53,7,0,0,891.023132,-700.565857,1209.18469,-0.942428648,0.239049599,-0.230047882,-0.0419719368
5249,0,54b24045-e039-40ee-9ba6-824dbdc42f9e,StartingBlock,524.928223,5955.7998,1,43,43,53,7,0,0,888.420776,-707.382629,1209.77783,-0.942408621,0.239144161,-0.230029464,-0.0419824496
5250,0,54b24045-e039-40ee-9ba6-824dbdc42f9e,StartingBlock,525.02832,5955.8999,1,43,43,53,7,0,0,885.796509,-714.196899,1210.34094,-0.9424119,0.239144474,-0.230022609,-0.0419448726
5251,0,54b24045-e039-40ee-9ba6-824dbdc42f9e,StartingBlock,525.128418,5956,1,43,43,53,7,0,0,883.150085,-721.008301,1210.8739,-0.942399204,0.239167765,-0.23005259,-0.0419335626
5252,0,54b24045-e039-40ee-9ba6-824dbdc42f9e,StartingBlock,525.228516,5956.1001,1,43,43,53,7,0,0,880.481628,-727.816833,1211.37683,-0.942412078,0.239112124,-0.230051354,-0.04196769
5253,0,54b24045-e039-40ee-9ba6-824dbdc42f9e,StartingBlock,525.328125,5956.19971,1,43,43,53,7,0,0,877.791138,-734.62207,1211.84937,-0.94240284,0.239144564,-0.230055064,-0.0419693328
5254,0,54b24045-e039-40ee-9ba6-824dbdc42f9e,StartingBlock,525.428223,5956.2998,1,43,43,53,7,0,0,875.078857,-741.424072,1212.29175,-0.94240427,0.23914586,-0.230049744,-0.0419588909
5255,0,54b24045-e039-40ee-9ba6-824dbdc42f9e,StartingBlock,525.52832,5956.3999,1,43,43,53,7,0,0,872.344604,-748.222595,1212.70386,-0.942414165,0.239094049,-0.230065227,-0.0419473387
5256,0,54b24045-e039-40ee-9ba6-824dbdc42f9e,StartingBlock,525.628418,5956.5,1,43,43,53,7,0,0,869.588562,-755.017395,1213.08557,-0.942424655,0.239063725,-0.230055124,-0.0419387072
5257,0,54b24045-e039-40ee-9ba6-824dbdc42f9e,StartingBlock,525.728516,5956.6001,1,43,43,53,7,0,0,866.810669,-761.808411,1213.43689,-0.942414761,0.239129066,-0.230026335,-0.041948121
5258,0,54b24045-e039-40ee-9ba6-824dbdc42f9e,StartingBlock,525.828125,5956.69971,1,43,43,53,7,0,0,864.011108,-768.595337,1213.75769,-0.942411065,0.23913236,-0.230025724,-0.0420160666
5259,0,54b24045-e039-40ee-9ba6-824dbdc42f9e,StartingBlock,525.928223,5956.7998,1,43,43,53,7,0,0,861.189819,-775.378113,1214.0481,-0.94242084,0.239117816,-0.230003357,-0.0420021303
5260,0,54b24045-e039-40ee-9ba6-824dbdc42f9e,StartingBlock,526.02832,5956.8999,1,43,43,53,7,0,0,858.346741,-782.156494,1214.30786,-0.942409813,0.239185303,-0.229978949,-0.0419995934
5261,0,54b24045-e039-40ee-9ba6-824dbdc42f9e,StartingBlock,526.128418,5957,1,43,43,53,7,0,0,855.482056,-788.93042,1214.53711,-0.9423998,0.2392077,-0.229994625,-0.0420099758
5262,0,54b24045-e039-40ee-9ba6-824dbdc42f9e,StartingBlock,526.228516,5957.1001,1,43,43,53,7,0,0,852.595886,-795.699646,1214.73572,-0.942405224,0.239157975,-0.230021954,-0.0420213751
5263,0,54b24045-e039-40ee-9ba6-824dbdc42f9e,StartingBlock,526.328125,5957.19971,1,43,43,53,7,0,0,849.68811,-802.463867,1214.90356,-0.942405999,0.239151955,-0.230023667,-0.0420286767
5264,0,54b24045-e039-40ee-9ba6-824dbdc42f9e,StartingBlock,526.428223,5957.2998,1,43,43,53,7,0,0,846.758789,-809.223022,1215.04077,-0.942395449,0.239218786,-0.230008841,-0.0419661477
5265,0,54b24045-e039-40ee-9ba6-824dbdc42f9e,StartingBlock,526.52832,5957.3999,1,43,43,53,7,0,0,843.808044,-815.976868,1215.14722,-0.942406595,0.239219889,-0.229962081,-0.0419670194
5266,0,54b24045-e039-40ee-9ba6-824dbdc42f9e,StartingBlock,526.628418,5957.5,1,43,43,53,7,0,0,840.83606,-822.725403,1215.2229,-0.942409456,0.239212617,-0.229952678,-0.0419957265
5267,0,54b24045-e039-40ee-9ba6-824dbdc42f9e,StartingBlock,526.728516,5957.6001,1,43,43,53,7,0,0,837.842529,-829.468201,1215.26758,-0.942403197,0.239237189,-0.229953691,-0.0419899672
